<record xmlns="http://www.loc.gov/MARC21/slim" xmlns:zs="http://docs.oasis-open.org/ns/search-ws/sruResponse">
  <leader>01590cam a2200433Li 4500</leader>
  <controlfield tag="001">ocn492195137</controlfield>
  <controlfield tag="003">OCoLC</controlfield>
  <controlfield tag="005">20160311223846.0</controlfield>
  <controlfield tag="008">890907t19881987fr     f b    000 m fre d</controlfield>
  <datafield tag="040" ind1=" " ind2=" ">
    <subfield code="a">ZWZ</subfield>
    <subfield code="e">ncafnor</subfield>
    <subfield code="b">fre</subfield>
    <subfield code="c">ZWZ</subfield>
    <subfield code="d">CHRRO</subfield>
    <subfield code="d">OCLCO</subfield>
  </datafield>
  <datafield tag="020" ind1=" " ind2=" ">
    <subfield code="a">2858029105 (br)</subfield>
  </datafield>
  <datafield tag="020" ind1=" " ind2=" ">
    <subfield code="a">9782858029105 (br)</subfield>
  </datafield>
  <datafield tag="035" ind1=" " ind2=" ">
    <subfield code="a">(OCoLC)492195137</subfield>
  </datafield>
  <datafield tag="050" ind1=" " ind2="4">
    <subfield code="a">HX5</subfield>
    <subfield code="b">.A28 no. 2</subfield>
  </datafield>
  <datafield tag="082" ind1="0" ind2=" ">
    <subfield code="a">335/.00952</subfield>
    <subfield code="2">20</subfield>
  </datafield>
  <datafield tag="100" ind1="1" ind2=" ">
    <subfield code="a">Bidet, Jacques.</subfield>
  </datafield>
  <datafield tag="245" ind1="1" ind2="3">
    <subfield code="a">Le Marxisme au Japon</subfield>
    <subfield code="h">[Texte imprimé] /</subfield>
    <subfield code="c">Jacques Bidet, Jacques Texier, René Zapata [et al.].</subfield>
  </datafield>
  <datafield tag="246" ind1="1" ind2="3">
    <subfield code="a">Nihon no Marukusu shugi</subfield>
  </datafield>
  <datafield tag="260" ind1=" " ind2=" ">
    <subfield code="a">Paris :</subfield>
    <subfield code="b">L'Harmattan,</subfield>
    <subfield code="c">[1988]</subfield>
    <subfield code="e">(Château-Gontier :</subfield>
    <subfield code="f">Imp. de l'Indépendant)</subfield>
  </datafield>
  <datafield tag="300" ind1=" " ind2=" ">
    <subfield code="a">1 vol. (213 p.) :</subfield>
    <subfield code="b">couv. ill. en coul. ;</subfield>
    <subfield code="c">22 cm.</subfield>
  </datafield>
  <datafield tag="500" ind1=" " ind2=" ">
    <subfield code="a">la couv. porte en plus : Nihon no Marukusu shugi.</subfield>
  </datafield>
  <datafield tag="504" ind1=" " ind2=" ">
    <subfield code="a">Contient des références bibliogr.</subfield>
  </datafield>
  <datafield tag="562" ind1=" " ind2=" ">
    <subfield code="a">Numéro spécial de " Actuel Marx" N°2- deuxième semestre 1987.</subfield>
  </datafield>
  <datafield tag="600" ind1="0" ind2="0">
    <subfield code="a">Kōzō Uno</subfield>
    <subfield code="d">(1897-1977)</subfield>
  </datafield>
  <datafield tag="600" ind1="1" ind2="7">
    <subfield code="a">Marx, Karl</subfield>
    <subfield code="d">(1897-1985).</subfield>
    <subfield code="2">ram</subfield>
  </datafield>
  <datafield tag="650" ind1=" " ind2="7">
    <subfield code="a">Marxisme et morale</subfield>
    <subfield code="z">Japon.</subfield>
    <subfield code="2">ram</subfield>
  </datafield>
  <datafield tag="650" ind1=" " ind2="7">
    <subfield code="a">Philosophie marxiste</subfield>
    <subfield code="z">Japon.</subfield>
    <subfield code="2">ram</subfield>
  </datafield>
  <datafield tag="650" ind1=" " ind2="7">
    <subfield code="a">Culture</subfield>
    <subfield code="x">Analyse marxiste.</subfield>
    <subfield code="2">ram</subfield>
  </datafield>
  <datafield tag="650" ind1=" " ind2="0">
    <subfield code="a">Socialism</subfield>
    <subfield code="z">Japan.</subfield>
  </datafield>
  <datafield tag="650" ind1=" " ind2="7">
    <subfield code="a">Marxisme</subfield>
    <subfield code="z">Japon.</subfield>
    <subfield code="2">ram</subfield>
  </datafield>
  <datafield tag="651" ind1=" " ind2="7">
    <subfield code="a">Japon</subfield>
    <subfield code="x">Marxisme</subfield>
    <subfield code="x">Histoire.</subfield>
    <subfield code="2">ram</subfield>
  </datafield>
  <datafield tag="650" ind1=" " ind2="7">
    <subfield code="a">marxisme</subfield>
    <subfield code="z">Japon</subfield>
    <subfield code="v">[études diverses]</subfield>
    <subfield code="2">rero</subfield>
  </datafield>
  <datafield tag="700" ind1="1" ind2=" ">
    <subfield code="a">Texier, Jacques</subfield>
    <subfield code="c">(philosophe)</subfield>
  </datafield>
  <datafield tag="700" ind1="1" ind2=" ">
    <subfield code="a">Zapata, René.</subfield>
  </datafield>
  <datafield tag="773" ind1="0" ind2=" ">
    <subfield code="t">Actuel Marx</subfield>
    <subfield code="g">2-1987</subfield>
    <subfield code="w">(ABES)001294997</subfield>
    <subfield code="7">s</subfield>
  </datafield>
  
  
  
  
</record>