<record xmlns="http://www.loc.gov/MARC21/slim" xmlns:zs="http://docs.oasis-open.org/ns/search-ws/sruResponse">
  <leader>02184cam a2200553Ia 4500</leader>
  <controlfield tag="001">ocm29854729 </controlfield>
  <controlfield tag="003">OCoLC</controlfield>
  <controlfield tag="005">20160311225430.0</controlfield>
  <controlfield tag="008">940222s1993    fr       b    000 0 fre d</controlfield>
  <datafield tag="040" ind1=" " ind2=" ">
    <subfield code="a">FIP</subfield>
    <subfield code="b">fre</subfield>
    <subfield code="c">FIP</subfield>
    <subfield code="d">OCL</subfield>
    <subfield code="d">LVB</subfield>
    <subfield code="d">FRBML</subfield>
    <subfield code="d">RUQBL</subfield>
    <subfield code="d">UBC</subfield>
    <subfield code="d">DEBBG</subfield>
    <subfield code="d">CHRRO</subfield>
    <subfield code="d">BDF</subfield>
    <subfield code="d">OCLCF</subfield>
    <subfield code="d">OCLCO</subfield>
    <subfield code="d">OCLCQ</subfield>
    <subfield code="d">OCLCO</subfield>
  </datafield>
  <datafield tag="016" ind1="7" ind2=" ">
    <subfield code="a">FRBNF356199460000001</subfield>
    <subfield code="2">FrPBN</subfield>
  </datafield>
  <datafield tag="020" ind1=" " ind2=" ">
    <subfield code="a">2130457819</subfield>
  </datafield>
  <datafield tag="020" ind1=" " ind2=" ">
    <subfield code="a">9782130457817</subfield>
  </datafield>
  <datafield tag="035" ind1=" " ind2=" ">
    <subfield code="a">(OCoLC)29854729</subfield>
  </datafield>
  <datafield tag="050" ind1=" " ind2="4">
    <subfield code="a">B945.P44</subfield>
    <subfield code="b">T54 1993</subfield>
  </datafield>
  <datafield tag="055" ind1=" " ind2="3">
    <subfield code="a">B945P44</subfield>
    <subfield code="b">T54</subfield>
  </datafield>
  <datafield tag="082" ind1="0" ind2="4">
    <subfield code="a">144</subfield>
    <subfield code="b">TIER</subfield>
  </datafield>
  <datafield tag="084" ind1=" " ind2=" ">
    <subfield code="a">5,1</subfield>
    <subfield code="2">ssgn</subfield>
  </datafield>
  <datafield tag="084" ind1=" " ind2=" ">
    <subfield code="a">CH 6617</subfield>
    <subfield code="2">rvk</subfield>
  </datafield>
  <datafield tag="100" ind1="1" ind2=" ">
    <subfield code="a">Tiercelin, Claudine.</subfield>
  </datafield>
  <datafield tag="245" ind1="1" ind2="0">
    <subfield code="a">C.S. Peirce et le pragmatisme /</subfield>
    <subfield code="c">par Claudine Tiercelin.</subfield>
  </datafield>
  <datafield tag="260" ind1=" " ind2=" ">
    <subfield code="a">Paris :</subfield>
    <subfield code="b">Presses universitaires de France,</subfield>
    <subfield code="c">©1993.</subfield>
  </datafield>
  <datafield tag="300" ind1=" " ind2=" ">
    <subfield code="a">124 p. ;</subfield>
    <subfield code="c">17 cm.</subfield>
  </datafield>
  <datafield tag="490" ind1="1" ind2=" ">
    <subfield code="a">Philosophies ;</subfield>
    <subfield code="v">45</subfield>
  </datafield>
  <datafield tag="504" ind1=" " ind2=" ">
    <subfield code="a">Bibliogr.: p. 121-124.</subfield>
  </datafield>
  <datafield tag="600" ind1="1" ind2="0">
    <subfield code="a">Peirce, Charles S.</subfield>
    <subfield code="q">(Charles Sanders),</subfield>
    <subfield code="d">1839-1914.</subfield>
  </datafield>
  <datafield tag="650" ind1=" " ind2="0">
    <subfield code="a">Pragmatism.</subfield>
  </datafield>
  <datafield tag="600" ind1="1" ind2="4">
    <subfield code="a">Peirce, Charles Sanders,</subfield>
    <subfield code="d">1839-1914.</subfield>
  </datafield>
  <datafield tag="600" ind1="1" ind2="6">
    <subfield code="a">Peirce, Charles S.</subfield>
    <subfield code="q">(Charles Sanders),</subfield>
    <subfield code="d">1839-1914</subfield>
    <subfield code="x">Et le pragmatisme.</subfield>
  </datafield>
  <datafield tag="650" ind1=" " ind2="6">
    <subfield code="a">Pragmatisme.</subfield>
  </datafield>
  <datafield tag="600" ind1="1" ind2="7">
    <subfield code="a">Peirce, Charles S.</subfield>
    <subfield code="q">(Charles Sanders),</subfield>
    <subfield code="d">1839-1914</subfield>
    <subfield code="2">fast</subfield>
    <subfield code="0">(OCoLC)fst00033077</subfield>
  </datafield>
  <datafield tag="650" ind1=" " ind2="7">
    <subfield code="a">Pragmatism.</subfield>
    <subfield code="2">fast</subfield>
    <subfield code="0">(OCoLC)fst01074582</subfield>
  </datafield>
  <datafield tag="600" ind1="1" ind2="7">
    <subfield code="a">Peirce, Charles Sanders,</subfield>
    <subfield code="d">(1839-1914)</subfield>
    <subfield code="2">ram</subfield>
  </datafield>
  <datafield tag="650" ind1=" " ind2="7">
    <subfield code="a">Pragmatisme.</subfield>
    <subfield code="2">ram</subfield>
  </datafield>
  <datafield tag="650" ind1=" " ind2="7">
    <subfield code="a">pragmatisme (mouvement philosophique)</subfield>
    <subfield code="x">Peirce, Charles Sanders.</subfield>
    <subfield code="2">rero</subfield>
  </datafield>
  <datafield tag="600" ind1="1" ind2="7">
    <subfield code="a">Peirce, Charles S.</subfield>
    <subfield code="2">swd</subfield>
  </datafield>
  <datafield tag="650" ind1="0" ind2="7">
    <subfield code="a">Pragmatismus.</subfield>
    <subfield code="2">swd</subfield>
  </datafield>
  <datafield tag="830" ind1=" " ind2="0">
    <subfield code="a">Philosophies ;</subfield>
    <subfield code="v">45.</subfield>
  </datafield>
  <datafield tag="856" ind1="4" ind2="2">
    <subfield code="3">Notice et cote du catalogue de la Bibliothèque nationale de France</subfield>
    <subfield code="u">http://catalogue.bnf.fr/ark:/12148/cb356199468</subfield>
  </datafield>
  
  
  
  
  
  
  
  
  
  
</record>