<record xmlns="http://www.loc.gov/MARC21/slim" xmlns:zs="http://docs.oasis-open.org/ns/search-ws/sruResponse">
  <leader>02089cam a2200565Ia 4500</leader>
  <controlfield tag="001">ocm29675179 </controlfield>
  <controlfield tag="003">OCoLC</controlfield>
  <controlfield tag="005">20160311223657.0</controlfield>
  <controlfield tag="008">940124s1993    fr       b    001 0 fre d</controlfield>
  <datafield tag="040" ind1=" " ind2=" ">
    <subfield code="a">FIL</subfield>
    <subfield code="b">eng</subfield>
    <subfield code="c">FIL</subfield>
    <subfield code="d">INU</subfield>
    <subfield code="d">LVB</subfield>
    <subfield code="d">OCLCQ</subfield>
    <subfield code="d">OCLCF</subfield>
    <subfield code="d">OCLCQ</subfield>
    <subfield code="d">OCLCO</subfield>
  </datafield>
  <datafield tag="020" ind1=" " ind2=" ">
    <subfield code="a">2020145995</subfield>
  </datafield>
  <datafield tag="020" ind1=" " ind2=" ">
    <subfield code="a">9782020145992</subfield>
  </datafield>
  <datafield tag="035" ind1=" " ind2=" ">
    <subfield code="a">(OCoLC)29675179</subfield>
  </datafield>
  <datafield tag="041" ind1="1" ind2=" ">
    <subfield code="a">fre</subfield>
    <subfield code="h">ita</subfield>
  </datafield>
  <datafield tag="043" ind1=" " ind2=" ">
    <subfield code="a">e-gr---</subfield>
  </datafield>
  <datafield tag="050" ind1=" " ind2="4">
    <subfield code="a">DF78</subfield>
    <subfield code="b">.U5914 1993</subfield>
  </datafield>
  <datafield tag="082" ind1="0" ind2="4">
    <subfield code="a">938</subfield>
    <subfield code="b">HOM+</subfield>
  </datafield>
  <datafield tag="130" ind1="0" ind2=" ">
    <subfield code="a">Uomo greco.</subfield>
    <subfield code="l">French.</subfield>
  </datafield>
  <datafield tag="245" ind1="1" ind2="2">
    <subfield code="a">L'homme grec /</subfield>
    <subfield code="c">P. Borgeaud [and others] ; sous la direction de Jean-Pierre Vernant.</subfield>
  </datafield>
  <datafield tag="260" ind1=" " ind2=" ">
    <subfield code="a">Paris :</subfield>
    <subfield code="b">Editions du Seuil,</subfield>
    <subfield code="c">©1993.</subfield>
  </datafield>
  <datafield tag="300" ind1=" " ind2=" ">
    <subfield code="a">366 pages ;</subfield>
    <subfield code="c">22 cm.</subfield>
  </datafield>
  <datafield tag="336" ind1=" " ind2=" ">
    <subfield code="a">text</subfield>
    <subfield code="b">txt</subfield>
    <subfield code="2">rdacontent</subfield>
  </datafield>
  <datafield tag="337" ind1=" " ind2=" ">
    <subfield code="a">unmediated</subfield>
    <subfield code="b">n</subfield>
    <subfield code="2">rdamedia</subfield>
  </datafield>
  <datafield tag="338" ind1=" " ind2=" ">
    <subfield code="a">volume</subfield>
    <subfield code="b">nc</subfield>
    <subfield code="2">rdacarrier</subfield>
  </datafield>
  <datafield tag="490" ind1="1" ind2=" ">
    <subfield code="a">Univers historique</subfield>
  </datafield>
  <datafield tag="504" ind1=" " ind2=" ">
    <subfield code="a">Includes bibliographical references and index.</subfield>
  </datafield>
  <datafield tag="651" ind1=" " ind2="0">
    <subfield code="a">Greece</subfield>
    <subfield code="x">Social life and customs.</subfield>
  </datafield>
  <datafield tag="651" ind1=" " ind2="0">
    <subfield code="a">Greece</subfield>
    <subfield code="x">Civilization.</subfield>
  </datafield>
  <datafield tag="650" ind1=" " ind2="6">
    <subfield code="a">Hommes</subfield>
    <subfield code="z">Grèce</subfield>
    <subfield code="x">Attitudes.</subfield>
  </datafield>
  <datafield tag="650" ind1=" " ind2="6">
    <subfield code="a">Éducation grecque.</subfield>
  </datafield>
  <datafield tag="650" ind1=" " ind2="6">
    <subfield code="a">Morale politique</subfield>
    <subfield code="z">Grèce.</subfield>
  </datafield>
  <datafield tag="650" ind1=" " ind2="6">
    <subfield code="a">Mythologie grecque.</subfield>
  </datafield>
  <datafield tag="650" ind1=" " ind2="6">
    <subfield code="a">Représentations sociales</subfield>
    <subfield code="z">Grèce</subfield>
    <subfield code="x">Histoire.</subfield>
  </datafield>
  <datafield tag="651" ind1=" " ind2="6">
    <subfield code="a">Grèce</subfield>
    <subfield code="x">Civilisation</subfield>
    <subfield code="y">Jusqu'à 146 av. J.-C.</subfield>
  </datafield>
  <datafield tag="651" ind1=" " ind2="6">
    <subfield code="a">Grèce</subfield>
    <subfield code="x">Conditions sociales</subfield>
    <subfield code="y">Jusqu'à 146 av. J.-C.</subfield>
  </datafield>
  <datafield tag="650" ind1=" " ind2="7">
    <subfield code="a">Civilization.</subfield>
    <subfield code="2">fast</subfield>
    <subfield code="0">(OCoLC)fst00862898</subfield>
  </datafield>
  <datafield tag="650" ind1=" " ind2="7">
    <subfield code="a">Manners and customs.</subfield>
    <subfield code="2">fast</subfield>
    <subfield code="0">(OCoLC)fst01007815</subfield>
  </datafield>
  <datafield tag="651" ind1=" " ind2="7">
    <subfield code="a">Greece.</subfield>
    <subfield code="2">fast</subfield>
    <subfield code="0">(OCoLC)fst01208380</subfield>
  </datafield>
  <datafield tag="650" ind1=" " ind2="7">
    <subfield code="a">Histoire des mentalités</subfield>
    <subfield code="z">Grèce</subfield>
    <subfield code="y">Antiquité.</subfield>
    <subfield code="2">ram</subfield>
  </datafield>
  <datafield tag="651" ind1=" " ind2="7">
    <subfield code="a">Grèce</subfield>
    <subfield code="x">Civilisation</subfield>
    <subfield code="y">Jusqu'à 146 av. J.-C.</subfield>
    <subfield code="2">ram</subfield>
  </datafield>
  <datafield tag="651" ind1=" " ind2="7">
    <subfield code="a">Grèce</subfield>
    <subfield code="x">Moeurs et coutumes</subfield>
    <subfield code="y">Antiquité.</subfield>
    <subfield code="2">ram</subfield>
  </datafield>
  <datafield tag="651" ind1=" " ind2="7">
    <subfield code="a">Grèce</subfield>
    <subfield code="x">Conditions sociales</subfield>
    <subfield code="y">Jusqu'à 146 av. J.-C.</subfield>
    <subfield code="2">ram</subfield>
  </datafield>
  <datafield tag="700" ind1="1" ind2=" ">
    <subfield code="a">Vernant, Jean Pierre.</subfield>
  </datafield>
  <datafield tag="700" ind1="1" ind2=" ">
    <subfield code="a">Borgeaud, Philippe.</subfield>
  </datafield>
  <datafield tag="830" ind1=" " ind2="0">
    <subfield code="a">Univers historique.</subfield>
  </datafield>
  
  
  
  
  
</record>