<record xmlns="http://www.loc.gov/MARC21/slim" xmlns:zs="http://docs.oasis-open.org/ns/search-ws/sruResponse">
  <leader>01886cam a2200481Ia 4500</leader>
  <controlfield tag="001">ocm34732227 </controlfield>
  <controlfield tag="003">OCoLC</controlfield>
  <controlfield tag="005">20160311224855.0</controlfield>
  <controlfield tag="008">960515s1996    fr       b    001 0 fre d</controlfield>
  <datafield tag="040" ind1=" " ind2=" ">
    <subfield code="a">FNR</subfield>
    <subfield code="b">eng</subfield>
    <subfield code="c">FNR</subfield>
    <subfield code="d">IAL</subfield>
    <subfield code="d">GZQ</subfield>
    <subfield code="d">MUQ</subfield>
    <subfield code="d">OCLCQ</subfield>
    <subfield code="d">OCLCG</subfield>
    <subfield code="d">OCLCQ</subfield>
    <subfield code="d">OCLCO</subfield>
    <subfield code="d">OCLCF</subfield>
    <subfield code="d">OCLCQ</subfield>
  </datafield>
  <datafield tag="020" ind1=" " ind2=" ">
    <subfield code="a">213047344X</subfield>
  </datafield>
  <datafield tag="020" ind1=" " ind2=" ">
    <subfield code="a">9782130473442</subfield>
  </datafield>
  <datafield tag="035" ind1=" " ind2=" ">
    <subfield code="a">(OCoLC)34732227</subfield>
  </datafield>
  <datafield tag="041" ind1="1" ind2=" ">
    <subfield code="a">fre</subfield>
    <subfield code="h">ger</subfield>
  </datafield>
  <datafield tag="050" ind1=" " ind2="4">
    <subfield code="a">BD241</subfield>
    <subfield code="b">.G345 1996</subfield>
  </datafield>
  <datafield tag="082" ind1="0" ind2="4">
    <subfield code="a">121.6</subfield>
    <subfield code="b">GAD</subfield>
  </datafield>
  <datafield tag="100" ind1="1" ind2=" ">
    <subfield code="a">Gadamer, Hans-Georg,</subfield>
    <subfield code="d">1900-2002.</subfield>
  </datafield>
  <datafield tag="240" ind1="1" ind2="0">
    <subfield code="a">Works.</subfield>
    <subfield code="k">Selections.</subfield>
    <subfield code="l">French.</subfield>
    <subfield code="f">1996</subfield>
  </datafield>
  <datafield tag="245" ind1="1" ind2="3">
    <subfield code="a">La philosophie herméneutique /</subfield>
    <subfield code="c">Hans-Georg Gadamer ; avant-propos traduction et notes par Jean Grondin.</subfield>
  </datafield>
  <datafield tag="250" ind1=" " ind2=" ">
    <subfield code="a">1. éd.</subfield>
  </datafield>
  <datafield tag="260" ind1=" " ind2=" ">
    <subfield code="a">Paris :</subfield>
    <subfield code="b">Presses universitaires de France,</subfield>
    <subfield code="c">1996.</subfield>
  </datafield>
  <datafield tag="300" ind1=" " ind2=" ">
    <subfield code="a">259 pages ;</subfield>
    <subfield code="c">22 cm.</subfield>
  </datafield>
  <datafield tag="336" ind1=" " ind2=" ">
    <subfield code="a">text</subfield>
    <subfield code="b">txt</subfield>
    <subfield code="2">rdacontent</subfield>
  </datafield>
  <datafield tag="337" ind1=" " ind2=" ">
    <subfield code="a">unmediated</subfield>
    <subfield code="b">n</subfield>
    <subfield code="2">rdamedia</subfield>
  </datafield>
  <datafield tag="338" ind1=" " ind2=" ">
    <subfield code="a">volume</subfield>
    <subfield code="b">nc</subfield>
    <subfield code="2">rdacarrier</subfield>
  </datafield>
  <datafield tag="490" ind1="1" ind2=" ">
    <subfield code="a">Epiméthée</subfield>
  </datafield>
  <datafield tag="546" ind1=" " ind2=" ">
    <subfield code="a">A French translation of excerpts from: Hermeneutik II. Wahrheit und Methode (Ges. Werke, 2, 1993); Ästhetik und Poetik I. Kunst als Aussage (Ges. Werke, 8, 1993); and, Hermeneutik im Rückblick (Ges. Werke, 10, 1995).</subfield>
  </datafield>
  <datafield tag="504" ind1=" " ind2=" ">
    <subfield code="a">Includes bibliographical references and index.</subfield>
  </datafield>
  <datafield tag="650" ind1=" " ind2="0">
    <subfield code="a">Hermeneutics.</subfield>
  </datafield>
  <datafield tag="650" ind1=" " ind2="0">
    <subfield code="a">Philosophy, Modern</subfield>
    <subfield code="y">20th century.</subfield>
  </datafield>
  <datafield tag="600" ind1="1" ind2="6">
    <subfield code="a">Gadamer, Hans-Georg,</subfield>
    <subfield code="d">1900-2002</subfield>
    <subfield code="x">Et l'herméneutique.</subfield>
  </datafield>
  <datafield tag="600" ind1="1" ind2="6">
    <subfield code="a">Gadamer, Hans-Georg,</subfield>
    <subfield code="d">1900-2002.</subfield>
    <subfield code="t">Wahrheit und Methode.</subfield>
  </datafield>
  <datafield tag="600" ind1="1" ind2="6">
    <subfield code="a">Gadamer, Hans-Georg,</subfield>
    <subfield code="d">1900-2002</subfield>
    <subfield code="x">Et la méthodologie.</subfield>
  </datafield>
  <datafield tag="650" ind1=" " ind2="6">
    <subfield code="a">Herméneutique.</subfield>
  </datafield>
  <datafield tag="650" ind1=" " ind2="6">
    <subfield code="a">Méthodologie.</subfield>
  </datafield>
  <datafield tag="650" ind1=" " ind2="7">
    <subfield code="a">Hermeneutics.</subfield>
    <subfield code="2">fast</subfield>
    <subfield code="0">(OCoLC)fst00955492</subfield>
  </datafield>
  <datafield tag="650" ind1=" " ind2="7">
    <subfield code="a">Philosophy, Modern.</subfield>
    <subfield code="2">fast</subfield>
    <subfield code="0">(OCoLC)fst01061071</subfield>
  </datafield>
  <datafield tag="650" ind1=" " ind2="7">
    <subfield code="a">Herméneutique.</subfield>
    <subfield code="2">ram</subfield>
  </datafield>
  <datafield tag="648" ind1=" " ind2="7">
    <subfield code="a">1900 - 1999</subfield>
    <subfield code="2">fast</subfield>
  </datafield>
  <datafield tag="700" ind1="1" ind2=" ">
    <subfield code="a">Grondin, Jean.</subfield>
  </datafield>
  <datafield tag="830" ind1=" " ind2="0">
    <subfield code="a">Epiméthée.</subfield>
  </datafield>
  
  
</record>