<record xmlns="http://www.loc.gov/MARC21/slim" xmlns:zs="http://docs.oasis-open.org/ns/search-ws/sruResponse">
  <leader>04560cam a22006971i 4500</leader>
  <controlfield tag="001">ocm00772187 </controlfield>
  <controlfield tag="003">OCoLC</controlfield>
  <controlfield tag="005">20160311224517.0</controlfield>
  <controlfield tag="008">780615s1959    nyu           001 0 eng  </controlfield>
  <datafield tag="010" ind1=" " ind2=" ">
    <subfield code="a">   59012052 </subfield>
  </datafield>
  <datafield tag="040" ind1=" " ind2=" ">
    <subfield code="a">DLC</subfield>
    <subfield code="b">eng</subfield>
    <subfield code="e">rda</subfield>
    <subfield code="c">BRL</subfield>
    <subfield code="d">DLC</subfield>
    <subfield code="d">FTL</subfield>
    <subfield code="d">GFK</subfield>
    <subfield code="d">DIBAM</subfield>
    <subfield code="d">BTCTA</subfield>
    <subfield code="d">OCL</subfield>
    <subfield code="d">OCLCG</subfield>
    <subfield code="d">OQP</subfield>
    <subfield code="d">NIALS</subfield>
    <subfield code="d">AZU</subfield>
    <subfield code="d">YDXCP</subfield>
    <subfield code="d">AU@</subfield>
    <subfield code="d">B@L</subfield>
    <subfield code="d">YUS</subfield>
    <subfield code="d">WCH</subfield>
    <subfield code="d">OCLCQ</subfield>
    <subfield code="d">OCLCF</subfield>
    <subfield code="d">OCLCO</subfield>
    <subfield code="d">OCLCQ</subfield>
    <subfield code="d">ALAUL</subfield>
    <subfield code="d">RIOSL</subfield>
    <subfield code="d">OCLCQ</subfield>
  </datafield>
  <datafield tag="019" ind1=" " ind2=" ">
    <subfield code="a">33415580</subfield>
    <subfield code="a">39267387</subfield>
    <subfield code="a">156944450</subfield>
    <subfield code="a">219318928</subfield>
    <subfield code="a">438403741</subfield>
    <subfield code="a">745931280</subfield>
    <subfield code="a">775542945</subfield>
    <subfield code="a">815606491</subfield>
  </datafield>
  <datafield tag="020" ind1=" " ind2=" ">
    <subfield code="a">038509423X</subfield>
    <subfield code="q">(pbk.)</subfield>
  </datafield>
  <datafield tag="020" ind1=" " ind2=" ">
    <subfield code="a">9780385094238</subfield>
    <subfield code="q">(pbk.)</subfield>
  </datafield>
  <datafield tag="035" ind1=" " ind2=" ">
    <subfield code="a">(OCoLC)772187</subfield>
    <subfield code="z">(OCoLC)33415580</subfield>
    <subfield code="z">(OCoLC)39267387</subfield>
    <subfield code="z">(OCoLC)156944450</subfield>
    <subfield code="z">(OCoLC)219318928</subfield>
    <subfield code="z">(OCoLC)438403741</subfield>
    <subfield code="z">(OCoLC)745931280</subfield>
    <subfield code="z">(OCoLC)775542945</subfield>
    <subfield code="z">(OCoLC)815606491</subfield>
  </datafield>
  <datafield tag="050" ind1="0" ind2="0">
    <subfield code="a">PS1541</subfield>
    <subfield code="b">.A6 1959</subfield>
  </datafield>
  <datafield tag="082" ind1="0" ind2="0">
    <subfield code="a">811.4</subfield>
  </datafield>
  <datafield tag="100" ind1="1" ind2=" ">
    <subfield code="a">Dickinson, Emily,</subfield>
    <subfield code="d">1830-1886.</subfield>
  </datafield>
  <datafield tag="245" ind1="1" ind2="0">
    <subfield code="a">Selected poems and letters of Emily Dickinson :</subfield>
    <subfield code="b">together with Thomas Wentworth Higginson's account of his correspondence with the poet and his visit to her in Amherst /</subfield>
    <subfield code="c">edited, with an introduction, by Robert N. Linscott.</subfield>
  </datafield>
  <datafield tag="250" ind1=" " ind2=" ">
    <subfield code="a">[1st edition].</subfield>
  </datafield>
  <datafield tag="264" ind1=" " ind2="1">
    <subfield code="a">Garden City, N.Y. :</subfield>
    <subfield code="b">Doubleday,</subfield>
    <subfield code="c">1959.</subfield>
  </datafield>
  <datafield tag="300" ind1=" " ind2=" ">
    <subfield code="a">ix, 343 pages ;</subfield>
    <subfield code="c">19 cm.</subfield>
  </datafield>
  <datafield tag="336" ind1=" " ind2=" ">
    <subfield code="a">text</subfield>
    <subfield code="b">txt</subfield>
    <subfield code="2">rdacontent</subfield>
  </datafield>
  <datafield tag="337" ind1=" " ind2=" ">
    <subfield code="a">unmediated</subfield>
    <subfield code="b">n</subfield>
    <subfield code="2">rdamedia</subfield>
  </datafield>
  <datafield tag="338" ind1=" " ind2=" ">
    <subfield code="a">volume</subfield>
    <subfield code="b">nc</subfield>
    <subfield code="2">rdacarrier</subfield>
  </datafield>
  <datafield tag="490" ind1="1" ind2=" ">
    <subfield code="a">Anchor books ;</subfield>
    <subfield code="v">A192</subfield>
  </datafield>
  <datafield tag="500" ind1=" " ind2=" ">
    <subfield code="a">Includes index.</subfield>
  </datafield>
  <datafield tag="520" ind1=" " ind2=" ">
    <subfield code="a">Unpublished in her lifetime and unknown at her death in 1886, Emily Dickinson stands today in the front rank of American poets. While she lived as a recluse in her father's house in Amherst, Massachusetts, she dedicated herself to writing her "letter to the world"--The 1,775 poems she left at her death. At her sister's instigation, a small volume of these was published in 1891, to be followed by two more, and then two volumes of her letters. More poems appeared in 1914 and again during the twenties, when her place in literature was at last recognized. Finally, in 1950, Harvard University bought all available manuscripts and publishing rights and has since issued, in six volumes, the complete poems and letters, as well as the only contemporary description we have of the poet - Thomas Wentworth Higginson's account of his correspondence with and visit to Emily Dickinson - is designed for readers who want the best of the poems and the most interesting of the letters in convenient form. -- Publisher description.</subfield>
  </datafield>
  <datafield tag="600" ind1="1" ind2="0">
    <subfield code="a">Dickinson, Emily,</subfield>
    <subfield code="d">1830-1886.</subfield>
    <subfield code="t">Correspondence.</subfield>
  </datafield>
  <datafield tag="650" ind1=" " ind2="0">
    <subfield code="a">Poets, American</subfield>
    <subfield code="y">19th century</subfield>
    <subfield code="v">Correspondence.</subfield>
  </datafield>
  <datafield tag="630" ind1="0" ind2="7">
    <subfield code="a">Correspondence (Dickinson, Emily)</subfield>
    <subfield code="2">fast</subfield>
    <subfield code="0">(OCoLC)fst01779702</subfield>
  </datafield>
  <datafield tag="650" ind1=" " ind2="7">
    <subfield code="a">Poets, American.</subfield>
    <subfield code="2">fast</subfield>
    <subfield code="0">(OCoLC)fst01067794</subfield>
  </datafield>
  <datafield tag="650" ind1=" " ind2="7">
    <subfield code="a">POESIAS ESTADOUNIDENSES.</subfield>
    <subfield code="2">renib</subfield>
  </datafield>
  <datafield tag="648" ind1=" " ind2="7">
    <subfield code="a">1800 - 1899</subfield>
    <subfield code="2">fast</subfield>
  </datafield>
  <datafield tag="655" ind1=" " ind2="7">
    <subfield code="a">Records and correspondence.</subfield>
    <subfield code="2">fast</subfield>
    <subfield code="0">(OCoLC)fst01423917</subfield>
  </datafield>
  <datafield tag="700" ind1="1" ind2=" ">
    <subfield code="a">Linscott, Robert N.</subfield>
    <subfield code="q">(Robert Newton),</subfield>
    <subfield code="d">1886-1964.</subfield>
  </datafield>
  <datafield tag="776" ind1="0" ind2="8">
    <subfield code="i">Online version:</subfield>
    <subfield code="a">Dickinson, Emily, 1830-1886.</subfield>
    <subfield code="t">Selected poems and letters of Emily Dickinson.</subfield>
    <subfield code="b">[1st ed.].</subfield>
    <subfield code="d">Garden City, N.Y., Doubleday, 1959</subfield>
    <subfield code="w">(OCoLC)607212627</subfield>
  </datafield>
  <datafield tag="776" ind1="0" ind2="8">
    <subfield code="i">Online version:</subfield>
    <subfield code="a">Dickinson, Emily, 1830-1886.</subfield>
    <subfield code="t">Selected poems and letters of Emily Dickinson.</subfield>
    <subfield code="b">[1st ed.].</subfield>
    <subfield code="d">Garden City, N.Y., Doubleday, 1959</subfield>
    <subfield code="w">(OCoLC)607717192</subfield>
  </datafield>
  <datafield tag="830" ind1=" " ind2="0">
    <subfield code="a">Doubleday anchor books ;</subfield>
    <subfield code="v">A192.</subfield>
  </datafield>
  
  
  
  
  
  
  
  
  
  
  
  
  
  
  
  
  
  
  
  
  
  
</record>