<record xmlns="http://www.loc.gov/MARC21/slim" xmlns:zs="http://docs.oasis-open.org/ns/search-ws/sruResponse">
  <leader>01275cam a2200397Ma 4500</leader>
  <controlfield tag="001">ocn233997177</controlfield>
  <controlfield tag="003">OCoLC</controlfield>
  <controlfield tag="005">20160311223750.0</controlfield>
  <controlfield tag="008">080907t19821971nyua          000 0 eng d</controlfield>
  <datafield tag="040" ind1=" " ind2=" ">
    <subfield code="a">J9U</subfield>
    <subfield code="b">eng</subfield>
    <subfield code="c">J9U</subfield>
    <subfield code="d">UKMGB</subfield>
    <subfield code="d">UKSCO</subfield>
    <subfield code="d">OCLCQ</subfield>
    <subfield code="d">OCLCF</subfield>
    <subfield code="d">OCLCO</subfield>
    <subfield code="d">OCLCQ</subfield>
  </datafield>
  <datafield tag="016" ind1="7" ind2=" ">
    <subfield code="a">001792909</subfield>
    <subfield code="2">IsJJNL</subfield>
  </datafield>
  <datafield tag="020" ind1=" " ind2=" ">
    <subfield code="a">0140063099</subfield>
  </datafield>
  <datafield tag="020" ind1=" " ind2=" ">
    <subfield code="a">9780140063097</subfield>
  </datafield>
  <datafield tag="035" ind1=" " ind2=" ">
    <subfield code="a">(OCoLC)233997177</subfield>
  </datafield>
  <datafield tag="050" ind1="1" ind2="4">
    <subfield code="a">TR654</subfield>
    <subfield code="b">.K45 1982</subfield>
  </datafield>
  <datafield tag="082" ind1="0" ind2="4">
    <subfield code="a">779.9028</subfield>
  </datafield>
  <datafield tag="100" ind1="1" ind2=" ">
    <subfield code="a">Kertesz, André.</subfield>
  </datafield>
  <datafield tag="245" ind1="1" ind2="0">
    <subfield code="a">On reading /</subfield>
    <subfield code="c">André Kertész.</subfield>
  </datafield>
  <datafield tag="260" ind1=" " ind2=" ">
    <subfield code="a">New York :</subfield>
    <subfield code="b">Penguin Books,</subfield>
    <subfield code="c">1982, ©1971.</subfield>
  </datafield>
  <datafield tag="300" ind1=" " ind2=" ">
    <subfield code="a">60 unnumbered pages :</subfield>
    <subfield code="b">all illustrations ;</subfield>
    <subfield code="c">21 cm</subfield>
  </datafield>
  <datafield tag="336" ind1=" " ind2=" ">
    <subfield code="a">text</subfield>
    <subfield code="b">txt</subfield>
    <subfield code="2">rdacontent</subfield>
  </datafield>
  <datafield tag="337" ind1=" " ind2=" ">
    <subfield code="a">unmediated</subfield>
    <subfield code="b">n</subfield>
    <subfield code="2">rdamedia</subfield>
  </datafield>
  <datafield tag="338" ind1=" " ind2=" ">
    <subfield code="a">volume</subfield>
    <subfield code="b">nc</subfield>
    <subfield code="2">rdacarrier</subfield>
  </datafield>
  <datafield tag="600" ind1="1" ind2="0">
    <subfield code="a">Kertész, André</subfield>
  </datafield>
  <datafield tag="650" ind1=" " ind2="0">
    <subfield code="a">Photography, Artistic</subfield>
    <subfield code="v">Pictorial works.</subfield>
  </datafield>
  <datafield tag="600" ind1="1" ind2="7">
    <subfield code="a">Kertész, André.</subfield>
    <subfield code="2">fast</subfield>
    <subfield code="0">(OCoLC)fst00032702</subfield>
  </datafield>
  <datafield tag="650" ind1=" " ind2="7">
    <subfield code="a">Photography, Artistic.</subfield>
    <subfield code="2">fast</subfield>
    <subfield code="0">(OCoLC)fst01061964</subfield>
  </datafield>
  <datafield tag="655" ind1=" " ind2="7">
    <subfield code="a">Pictorial works.</subfield>
    <subfield code="2">fast</subfield>
    <subfield code="0">(OCoLC)fst01423874</subfield>
  </datafield>
  
  
  
  
  
  
  
  
</record>