<record xmlns="http://www.loc.gov/MARC21/slim" xmlns:zs="http://docs.oasis-open.org/ns/search-ws/sruResponse">
  <leader>01121cam a2200337Ia 4500</leader>
  <controlfield tag="001">ocm19483447 </controlfield>
  <controlfield tag="003">OCoLC</controlfield>
  <controlfield tag="005">20160311223221.0</controlfield>
  <controlfield tag="008">890331t19881961fr            000 1 fre d</controlfield>
  <datafield tag="040" ind1=" " ind2=" ">
    <subfield code="a">WAU</subfield>
    <subfield code="b">eng</subfield>
    <subfield code="c">WAU</subfield>
    <subfield code="d">OCL</subfield>
    <subfield code="d">OCLCQ</subfield>
  </datafield>
  <datafield tag="020" ind1=" " ind2=" ">
    <subfield code="a">208066235X</subfield>
  </datafield>
  <datafield tag="020" ind1=" " ind2=" ">
    <subfield code="a">9782080662354</subfield>
  </datafield>
  <datafield tag="035" ind1=" " ind2=" ">
    <subfield code="a">(OCoLC)19483447</subfield>
  </datafield>
  <datafield tag="050" ind1=" " ind2="4">
    <subfield code="a">PQ2675.L398</subfield>
    <subfield code="b">M3 1988</subfield>
  </datafield>
  <datafield tag="100" ind1="1" ind2=" ">
    <subfield code="a">Ollier, Claude.</subfield>
  </datafield>
  <datafield tag="245" ind1="1" ind2="3">
    <subfield code="a">Le maintien de l'ordre /</subfield>
    <subfield code="c">Claude Ollier.</subfield>
  </datafield>
  <datafield tag="260" ind1=" " ind2=" ">
    <subfield code="a">[Paris] :</subfield>
    <subfield code="b">Flammarion,</subfield>
    <subfield code="c">1988, ©1961.</subfield>
  </datafield>
  <datafield tag="300" ind1=" " ind2=" ">
    <subfield code="a">214 pages ;</subfield>
    <subfield code="c">20 cm</subfield>
  </datafield>
  <datafield tag="336" ind1=" " ind2=" ">
    <subfield code="a">text</subfield>
    <subfield code="b">txt</subfield>
    <subfield code="2">rdacontent</subfield>
  </datafield>
  <datafield tag="337" ind1=" " ind2=" ">
    <subfield code="a">unmediated</subfield>
    <subfield code="b">n</subfield>
    <subfield code="2">rdamedia</subfield>
  </datafield>
  <datafield tag="338" ind1=" " ind2=" ">
    <subfield code="a">volume</subfield>
    <subfield code="b">nc</subfield>
    <subfield code="2">rdacarrier</subfield>
  </datafield>
  <datafield tag="776" ind1="0" ind2="8">
    <subfield code="i">Online version:</subfield>
    <subfield code="a">Ollier, Claude.</subfield>
    <subfield code="t">Maintien de l'ordre.</subfield>
    <subfield code="d">[Paris] : Flammarion, 1988, ©1961</subfield>
    <subfield code="w">(OCoLC)892014781</subfield>
  </datafield>
  
  
  
  
  
  
  
  
  
</record>