<record xmlns="http://www.loc.gov/MARC21/slim" xmlns:zs="http://docs.oasis-open.org/ns/search-ws/sruResponse">
  <leader>01741cam a2200493 a 4500</leader>
  <controlfield tag="001">ocm30691340 </controlfield>
  <controlfield tag="003">OCoLC</controlfield>
  <controlfield tag="005">20160311223649.0</controlfield>
  <controlfield tag="008">940209s1993    gw a     b    000 0 ger  </controlfield>
  <datafield tag="010" ind1=" " ind2=" ">
    <subfield code="a">   94117015 </subfield>
  </datafield>
  <datafield tag="040" ind1=" " ind2=" ">
    <subfield code="a">DLC</subfield>
    <subfield code="b">eng</subfield>
    <subfield code="c">DLC</subfield>
    <subfield code="d">OCLCG</subfield>
    <subfield code="d">GBVCP</subfield>
    <subfield code="d">OCLCO</subfield>
    <subfield code="d">OCLCF</subfield>
    <subfield code="d">OCLCQ</subfield>
    <subfield code="d">OCLCO</subfield>
  </datafield>
  <datafield tag="016" ind1="7" ind2=" ">
    <subfield code="a">930932048</subfield>
    <subfield code="2">DE-101</subfield>
  </datafield>
  <datafield tag="020" ind1=" " ind2=" ">
    <subfield code="a">3596115965</subfield>
  </datafield>
  <datafield tag="020" ind1=" " ind2=" ">
    <subfield code="a">9783596115969</subfield>
  </datafield>
  <datafield tag="035" ind1=" " ind2=" ">
    <subfield code="a">(OCoLC)30691340</subfield>
  </datafield>
  <datafield tag="050" ind1="0" ind2="0">
    <subfield code="a">GT596</subfield>
    <subfield code="b">.V58 1993</subfield>
  </datafield>
  <datafield tag="084" ind1=" " ind2=" ">
    <subfield code="a">21.85</subfield>
    <subfield code="2">bcl</subfield>
  </datafield>
  <datafield tag="084" ind1=" " ind2=" ">
    <subfield code="a">46</subfield>
    <subfield code="2">sdnb</subfield>
  </datafield>
  <datafield tag="084" ind1=" " ind2=" ">
    <subfield code="a">KU 982 (40)</subfield>
    <subfield code="2">sfb</subfield>
  </datafield>
  <datafield tag="100" ind1="1" ind2=" ">
    <subfield code="a">Vinken, Barbara,</subfield>
    <subfield code="d">1960-</subfield>
  </datafield>
  <datafield tag="245" ind1="1" ind2="0">
    <subfield code="a">Mode nach der Mode :</subfield>
    <subfield code="b">Geist und Kleid am Ende des 20. Jahrhunderts /</subfield>
    <subfield code="c">Barbara Vinken.</subfield>
  </datafield>
  <datafield tag="250" ind1=" " ind2=" ">
    <subfield code="a">Originalausg.</subfield>
  </datafield>
  <datafield tag="260" ind1=" " ind2=" ">
    <subfield code="a">Frankfurt am Main :</subfield>
    <subfield code="b">Fischer Taschenbuch Verlag,</subfield>
    <subfield code="c">1993.</subfield>
  </datafield>
  <datafield tag="300" ind1=" " ind2=" ">
    <subfield code="a">169 pages :</subfield>
    <subfield code="b">illustrations ;</subfield>
    <subfield code="c">19 cm.</subfield>
  </datafield>
  <datafield tag="336" ind1=" " ind2=" ">
    <subfield code="a">text</subfield>
    <subfield code="b">txt</subfield>
    <subfield code="2">rdacontent</subfield>
  </datafield>
  <datafield tag="337" ind1=" " ind2=" ">
    <subfield code="a">unmediated</subfield>
    <subfield code="b">n</subfield>
    <subfield code="2">rdamedia</subfield>
  </datafield>
  <datafield tag="338" ind1=" " ind2=" ">
    <subfield code="a">volume</subfield>
    <subfield code="b">nc</subfield>
    <subfield code="2">rdacarrier</subfield>
  </datafield>
  <datafield tag="490" ind1="1" ind2=" ">
    <subfield code="a">ZeitSchriften</subfield>
  </datafield>
  <datafield tag="504" ind1=" " ind2=" ">
    <subfield code="a">Includes bibliographical references (pages 168-169).</subfield>
  </datafield>
  <datafield tag="650" ind1=" " ind2="0">
    <subfield code="a">Clothing and dress</subfield>
    <subfield code="x">History</subfield>
    <subfield code="y">20th century.</subfield>
  </datafield>
  <datafield tag="650" ind1=" " ind2="0">
    <subfield code="a">Fashion</subfield>
    <subfield code="x">History</subfield>
    <subfield code="y">20th century.</subfield>
  </datafield>
  <datafield tag="650" ind1=" " ind2="7">
    <subfield code="a">Clothing and dress.</subfield>
    <subfield code="2">fast</subfield>
    <subfield code="0">(OCoLC)fst00864680</subfield>
  </datafield>
  <datafield tag="650" ind1=" " ind2="7">
    <subfield code="a">Fashion.</subfield>
    <subfield code="2">fast</subfield>
    <subfield code="0">(OCoLC)fst00921600</subfield>
  </datafield>
  <datafield tag="648" ind1=" " ind2="7">
    <subfield code="a">1900 - 1999</subfield>
    <subfield code="2">fast</subfield>
  </datafield>
  <datafield tag="655" ind1=" " ind2="7">
    <subfield code="a">History.</subfield>
    <subfield code="2">fast</subfield>
    <subfield code="0">(OCoLC)fst01411628</subfield>
  </datafield>
  <datafield tag="830" ind1=" " ind2="0">
    <subfield code="a">ZeitSchriften.</subfield>
  </datafield>
  
  
  
  
  
  
  
  
</record>