<record xmlns="http://www.loc.gov/MARC21/slim" xmlns:zs="http://docs.oasis-open.org/ns/search-ws/sruResponse">
  <leader>01227cam a2200385Mc 4500</leader>
  <controlfield tag="001">ocn469660640</controlfield>
  <controlfield tag="003">OCoLC</controlfield>
  <controlfield tag="005">20160311225414.0</controlfield>
  <controlfield tag="008">140307s1980    fr            000 0 fre d</controlfield>
  <datafield tag="040" ind1=" " ind2=" ">
    <subfield code="a">DKDLA</subfield>
    <subfield code="b">dan</subfield>
    <subfield code="c">DKDLA</subfield>
    <subfield code="d">OCLCF</subfield>
    <subfield code="d">OCLCO</subfield>
  </datafield>
  <datafield tag="020" ind1=" " ind2=" ">
    <subfield code="a">2130364896</subfield>
  </datafield>
  <datafield tag="020" ind1=" " ind2=" ">
    <subfield code="a">9782130364894</subfield>
  </datafield>
  <datafield tag="035" ind1=" " ind2=" ">
    <subfield code="a">(OCoLC)469660640</subfield>
  </datafield>
  <datafield tag="050" ind1="1" ind2="4">
    <subfield code="a">DC801.M6693</subfield>
    <subfield code="b">Z66 1980</subfield>
  </datafield>
  <datafield tag="082" ind1="0" ind2="4">
    <subfield code="a">944.42</subfield>
    <subfield code="2">19</subfield>
  </datafield>
  <datafield tag="100" ind1="1" ind2=" ">
    <subfield code="a">Zonabend, Françoise</subfield>
  </datafield>
  <datafield tag="245" ind1="1" ind2="3">
    <subfield code="a">La mémoire longue :</subfield>
    <subfield code="b">temps et histoires au village /</subfield>
    <subfield code="c">Françoise Zonabend</subfield>
  </datafield>
  <datafield tag="260" ind1=" " ind2=" ">
    <subfield code="a">Paris :</subfield>
    <subfield code="b">PUF,</subfield>
    <subfield code="c">1980</subfield>
  </datafield>
  <datafield tag="300" ind1=" " ind2=" ">
    <subfield code="a">314 s., [8] tav. :</subfield>
    <subfield code="b">ill., fig.</subfield>
  </datafield>
  <datafield tag="490" ind1="1" ind2=" ">
    <subfield code="a">Croisées</subfield>
  </datafield>
  <datafield tag="650" ind1=" " ind2="4">
    <subfield code="a">Europa</subfield>
  </datafield>
  <datafield tag="651" ind1=" " ind2="4">
    <subfield code="a">Minot</subfield>
  </datafield>
  <datafield tag="651" ind1=" " ind2="0">
    <subfield code="a">France</subfield>
    <subfield code="x">Rural conditions.</subfield>
  </datafield>
  <datafield tag="651" ind1=" " ind2="0">
    <subfield code="a">Minot (France)</subfield>
    <subfield code="x">History.</subfield>
  </datafield>
  <datafield tag="651" ind1=" " ind2="0">
    <subfield code="a">Minot (France)</subfield>
    <subfield code="x">Social life and customs.</subfield>
  </datafield>
  <datafield tag="650" ind1=" " ind2="7">
    <subfield code="a">Manners and customs</subfield>
    <subfield code="2">fast</subfield>
    <subfield code="0">(OCoLC)fst01007815</subfield>
  </datafield>
  <datafield tag="650" ind1=" " ind2="7">
    <subfield code="a">Rural conditions</subfield>
    <subfield code="2">fast</subfield>
    <subfield code="0">(OCoLC)fst01101474</subfield>
  </datafield>
  <datafield tag="651" ind1=" " ind2="7">
    <subfield code="a">France</subfield>
    <subfield code="2">fast</subfield>
    <subfield code="0">(OCoLC)fst01204289</subfield>
  </datafield>
  <datafield tag="651" ind1=" " ind2="7">
    <subfield code="a">France</subfield>
    <subfield code="z">Minot</subfield>
    <subfield code="2">fast</subfield>
    <subfield code="0">(OCoLC)fst01230719</subfield>
  </datafield>
  <datafield tag="653" ind1=" " ind2=" ">
    <subfield code="a">Europa</subfield>
  </datafield>
  <datafield tag="655" ind1=" " ind2="7">
    <subfield code="a">History</subfield>
    <subfield code="2">fast</subfield>
    <subfield code="0">(OCoLC)fst01411628</subfield>
  </datafield>
  <datafield tag="830" ind1=" " ind2="0">
    <subfield code="a">Croisées</subfield>
  </datafield>
  
  
  
</record>