<record xmlns="http://www.loc.gov/MARC21/slim" xmlns:zs="http://docs.oasis-open.org/ns/search-ws/sruResponse">
  <leader>02025cam a2200553 i 4500</leader>
  <controlfield tag="001">ocm06145485 </controlfield>
  <controlfield tag="003">OCoLC</controlfield>
  <controlfield tag="005">20160311223722.0</controlfield>
  <controlfield tag="008">800227m19799999fr            001 0 fre  </controlfield>
  <datafield tag="010" ind1=" " ind2=" ">
    <subfield code="a">   79124807 </subfield>
  </datafield>
  <datafield tag="040" ind1=" " ind2=" ">
    <subfield code="a">DLC</subfield>
    <subfield code="b">eng</subfield>
    <subfield code="c">DLC</subfield>
    <subfield code="d">LVB</subfield>
    <subfield code="d">OCLCQ</subfield>
    <subfield code="d">J9U</subfield>
    <subfield code="d">OCLCO</subfield>
    <subfield code="d">OCLCF</subfield>
    <subfield code="d">OCLCQ</subfield>
  </datafield>
  <datafield tag="066" ind1=" " ind2=" ">
    <subfield code="c">(2</subfield>
  </datafield>
  <datafield tag="020" ind1=" " ind2=" ">
    <subfield code="a">2864320037</subfield>
    <subfield code="q">(v. 1)</subfield>
  </datafield>
  <datafield tag="020" ind1=" " ind2=" ">
    <subfield code="a">9782864320036</subfield>
    <subfield code="q">(v. 1)</subfield>
  </datafield>
  <datafield tag="020" ind1=" " ind2=" ">
    <subfield code="z">286432010X</subfield>
    <subfield code="q">(v. 2)</subfield>
  </datafield>
  <datafield tag="035" ind1=" " ind2=" ">
    <subfield code="a">(OCoLC)6145485</subfield>
  </datafield>
  <datafield tag="050" ind1="0" ind2="0">
    <subfield code="a">BM610</subfield>
    <subfield code="b">.Z32</subfield>
  </datafield>
  <datafield tag="082" ind1="0" ind2="0">
    <subfield code="a">296.3</subfield>
    <subfield code="2">19</subfield>
  </datafield>
  <datafield tag="100" ind1="1" ind2=" ">
    <subfield code="a">Zacklad, Jean.</subfield>
  </datafield>
  <datafield tag="245" ind1="1" ind2="0">
    <subfield code="a">Pour une éthique /</subfield>
    <subfield code="c">Jean Zacklad.</subfield>
  </datafield>
  <datafield tag="260" ind1=" " ind2=" ">
    <subfield code="a">Lagrasse :</subfield>
    <subfield code="b">Verdier,</subfield>
    <subfield code="c">[1979]-&lt;c1985&gt;</subfield>
  </datafield>
  <datafield tag="300" ind1=" " ind2=" ">
    <subfield code="a">volumes &lt;1-3&gt; ;</subfield>
    <subfield code="c">22 cm.</subfield>
  </datafield>
  <datafield tag="336" ind1=" " ind2=" ">
    <subfield code="a">text</subfield>
    <subfield code="b">txt</subfield>
    <subfield code="2">rdacontent</subfield>
  </datafield>
  <datafield tag="337" ind1=" " ind2=" ">
    <subfield code="a">unmediated</subfield>
    <subfield code="b">n</subfield>
    <subfield code="2">rdamedia</subfield>
  </datafield>
  <datafield tag="338" ind1=" " ind2=" ">
    <subfield code="a">volume</subfield>
    <subfield code="b">nc</subfield>
    <subfield code="2">rdacarrier</subfield>
  </datafield>
  <datafield tag="490" ind1="0" ind2=" ">
    <subfield code="a">V. 1-2: Collection "Les Dix paroles"</subfield>
  </datafield>
  <datafield tag="500" ind1=" " ind2=" ">
    <subfield code="a">Vol. 3 has imprint: Paris : Textes et travaux.</subfield>
  </datafield>
  <datafield tag="500" ind1=" " ind2=" ">
    <subfield code="a">Includes index.</subfield>
  </datafield>
  <datafield tag="505" ind1="0" ind2=" ">
    <subfield code="a">1. De Dieu -- 2. L'être au féminin -- 3. L'alliance.</subfield>
  </datafield>
  <datafield tag="650" ind1=" " ind2="0">
    <subfield code="a">God (Judaism)</subfield>
  </datafield>
  <datafield tag="650" ind1=" " ind2="0">
    <subfield code="a">Cabala.</subfield>
  </datafield>
  <datafield tag="650" ind1=" " ind2="0">
    <subfield code="a">Jewish ethics.</subfield>
  </datafield>
  <datafield tag="650" ind1=" " ind2="0">
    <subfield code="a">Women in Judaism.</subfield>
  </datafield>
  <datafield tag="650" ind1=" " ind2="6">
    <subfield code="a">Femmes</subfield>
    <subfield code="x">Aspect religieux.</subfield>
  </datafield>
  <datafield tag="650" ind1=" " ind2="6">
    <subfield code="a">Éthique féministe.</subfield>
  </datafield>
  <datafield tag="650" ind1=" " ind2="7">
    <subfield code="a">Cabala.</subfield>
    <subfield code="2">fast</subfield>
    <subfield code="0">(OCoLC)fst00843481</subfield>
  </datafield>
  <datafield tag="650" ind1=" " ind2="7">
    <subfield code="a">God (Judaism)</subfield>
    <subfield code="2">fast</subfield>
    <subfield code="0">(OCoLC)fst00944157</subfield>
  </datafield>
  <datafield tag="650" ind1=" " ind2="7">
    <subfield code="a">Jewish ethics.</subfield>
    <subfield code="2">fast</subfield>
    <subfield code="0">(OCoLC)fst01199497</subfield>
  </datafield>
  <datafield tag="650" ind1=" " ind2="7">
    <subfield code="a">Women in Judaism.</subfield>
    <subfield code="2">fast</subfield>
    <subfield code="0">(OCoLC)fst01177801</subfield>
  </datafield>
  <datafield tag="880" ind1=" " ind2=" ">
    <subfield code="6">562-00/(2/r</subfield>
    <subfield code="a">באוסף שלום ספר 1 בלבד.</subfield>
  </datafield>
  
  
  
  
  
  
  
  
  
</record>