<record xmlns="http://www.loc.gov/MARC21/slim" xmlns:zs="http://docs.oasis-open.org/ns/search-ws/sruResponse">
  <leader>01331cam a2200361Mi 4500</leader>
  <controlfield tag="001">ocn782246055</controlfield>
  <controlfield tag="003">OCoLC</controlfield>
  <controlfield tag="005">20160311223320.0</controlfield>
  <controlfield tag="008">960502s1996    fr            000 0 fre d</controlfield>
  <datafield tag="040" ind1=" " ind2=" ">
    <subfield code="a">NLGGC</subfield>
    <subfield code="e">fobidrtb</subfield>
    <subfield code="b">dut</subfield>
    <subfield code="c">NLGGC</subfield>
    <subfield code="d">OCLCF</subfield>
    <subfield code="d">OCLCO</subfield>
    <subfield code="d">OCL</subfield>
    <subfield code="d">OCLCO</subfield>
  </datafield>
  <datafield tag="020" ind1=" " ind2=" ">
    <subfield code="a">2020235609</subfield>
  </datafield>
  <datafield tag="020" ind1=" " ind2=" ">
    <subfield code="a">9782020235600</subfield>
  </datafield>
  <datafield tag="035" ind1=" " ind2=" ">
    <subfield code="a">(OCoLC)782246055</subfield>
  </datafield>
  <datafield tag="041" ind1="1" ind2=" ">
    <subfield code="a">fre</subfield>
    <subfield code="h">ger</subfield>
    <subfield code="h">spa</subfield>
    <subfield code="h">ita</subfield>
  </datafield>
  <datafield tag="050" ind1=" " ind2="4">
    <subfield code="a">BL21</subfield>
    <subfield code="b">.R434 1996</subfield>
  </datafield>
  <datafield tag="082" ind1="0" ind2="4">
    <subfield code="a">200</subfield>
    <subfield code="2">21</subfield>
  </datafield>
  <datafield tag="084" ind1=" " ind2=" ">
    <subfield code="a">08.37</subfield>
    <subfield code="2">bcl</subfield>
  </datafield>
  <datafield tag="245" ind1="0" ind2="3">
    <subfield code="a">La religion :</subfield>
    <subfield code="b">séminaire de Capri /</subfield>
    <subfield code="c">sous la direction de Jacques Derrida et Gianni Vattimo ; avec la participation de Maurizio Ferraris ... [et al.] ; [trad. de l'allemand, de l'espagnol et de l'italien].</subfield>
  </datafield>
  <datafield tag="260" ind1=" " ind2=" ">
    <subfield code="a">Paris :</subfield>
    <subfield code="b">Seuil,</subfield>
    <subfield code="c">cop. 1996.</subfield>
  </datafield>
  <datafield tag="300" ind1=" " ind2=" ">
    <subfield code="a">232 p. :</subfield>
    <subfield code="b">ill. ;</subfield>
    <subfield code="c">21 cm.</subfield>
  </datafield>
  <datafield tag="500" ind1=" " ind2=" ">
    <subfield code="a">Séminaire tenu à Capri, le 28 février et le 1er mars 1994.</subfield>
  </datafield>
  <datafield tag="650" ind1=" " ind2="0">
    <subfield code="a">Religion</subfield>
    <subfield code="v">Congresses.</subfield>
  </datafield>
  <datafield tag="650" ind1=" " ind2="6">
    <subfield code="a">Religion</subfield>
    <subfield code="v">Congrès.</subfield>
  </datafield>
  <datafield tag="650" ind1="1" ind2="7">
    <subfield code="a">Godsdienst.</subfield>
    <subfield code="2">gtt</subfield>
  </datafield>
  <datafield tag="650" ind1=" " ind2="7">
    <subfield code="a">Religion.</subfield>
    <subfield code="2">fast</subfield>
    <subfield code="0">(OCoLC)fst01093763</subfield>
  </datafield>
  <datafield tag="655" ind1=" " ind2="7">
    <subfield code="a">Congressen (vorm)</subfield>
    <subfield code="2">gtt</subfield>
  </datafield>
  <datafield tag="655" ind1=" " ind2="7">
    <subfield code="a">Conference papers and proceedings.</subfield>
    <subfield code="2">fast</subfield>
    <subfield code="0">(OCoLC)fst01423772</subfield>
  </datafield>
  <datafield tag="700" ind1="1" ind2=" ">
    <subfield code="a">Derrida, Jacques,</subfield>
    <subfield code="d">1930-2004.</subfield>
  </datafield>
  <datafield tag="700" ind1="1" ind2=" ">
    <subfield code="a">Vattimo, Gianni,</subfield>
    <subfield code="d">1936-</subfield>
  </datafield>
  <datafield tag="700" ind1="1" ind2=" ">
    <subfield code="a">Ferraris, Maurizio,</subfield>
    <subfield code="d">1956-</subfield>
  </datafield>
  
  
  
</record>