<record xmlns="http://www.loc.gov/MARC21/slim" xmlns:zs="http://docs.oasis-open.org/ns/search-ws/sruResponse">
  <leader>00741cam a2200229Mi 4500</leader>
  <controlfield tag="001">ocn901817587</controlfield>
  <controlfield tag="003">OCoLC</controlfield>
  <controlfield tag="005">20160311225333.0</controlfield>
  <controlfield tag="008">150130s1988    xx            000 u fre d</controlfield>
  <datafield tag="040" ind1=" " ind2=" ">
    <subfield code="a">BEATB</subfield>
    <subfield code="b">dut</subfield>
    <subfield code="c">BEATB</subfield>
    <subfield code="d">NLGGC</subfield>
  </datafield>
  <datafield tag="020" ind1=" " ind2=" ">
    <subfield code="a">2870093667</subfield>
  </datafield>
  <datafield tag="020" ind1=" " ind2=" ">
    <subfield code="a">9782870093665</subfield>
  </datafield>
  <datafield tag="035" ind1=" " ind2=" ">
    <subfield code="a">(OCoLC)901817587</subfield>
  </datafield>
  <datafield tag="050" ind1=" " ind2="4">
    <subfield code="a">PQ7797.B635</subfield>
    <subfield code="b">Z787 1989</subfield>
  </datafield>
  <datafield tag="100" ind1="1" ind2=" ">
    <subfield code="a">Mourey, Jean-Pierre.</subfield>
    <subfield code="0">(NL-LeOCL)074678086</subfield>
  </datafield>
  <datafield tag="245" ind1="1" ind2="0">
    <subfield code="a">Jorge Luis Borges :</subfield>
    <subfield code="b">vérité et univers fictionnels /</subfield>
    <subfield code="c">Jean-Pierre Mourey [aut].</subfield>
  </datafield>
  <datafield tag="260" ind1=" " ind2=" ">
    <subfield code="a">Liège :</subfield>
    <subfield code="b">Mardaga,</subfield>
    <subfield code="c">1988.</subfield>
  </datafield>
  <datafield tag="490" ind1="0" ind2=" ">
    <subfield code="a">Philosophie et langage ;</subfield>
    <subfield code="v">1988: 3</subfield>
  </datafield>
  <datafield tag="600" ind1="1" ind2="4">
    <subfield code="a">Borges, Jorge Luis.</subfield>
    <subfield code="0">(BE-AnANE)a::920.1256:1</subfield>
  </datafield>
  
  
  
</record>