<record xmlns="http://www.loc.gov/MARC21/slim" xmlns:zs="http://docs.oasis-open.org/ns/search-ws/sruResponse">
  <leader>01705cam a2200493 a 4500</leader>
  <controlfield tag="001">ocm64947193 </controlfield>
  <controlfield tag="003">OCoLC</controlfield>
  <controlfield tag="005">20160311224640.0</controlfield>
  <controlfield tag="008">060315s2006    fr a     b    000 0 fre d</controlfield>
  <datafield tag="010" ind1=" " ind2=" ">
    <subfield code="a">  2006464758</subfield>
  </datafield>
  <datafield tag="040" ind1=" " ind2=" ">
    <subfield code="a">TZT</subfield>
    <subfield code="b">eng</subfield>
    <subfield code="c">TZT</subfield>
    <subfield code="d">DLC</subfield>
    <subfield code="d">COD</subfield>
    <subfield code="d">CUY</subfield>
    <subfield code="d">OCLCO</subfield>
    <subfield code="d">S3O</subfield>
  </datafield>
  <datafield tag="020" ind1=" " ind2=" ">
    <subfield code="a">271860705X</subfield>
  </datafield>
  <datafield tag="020" ind1=" " ind2=" ">
    <subfield code="a">9782718607054</subfield>
  </datafield>
  <datafield tag="035" ind1=" " ind2=" ">
    <subfield code="a">(OCoLC)64947193</subfield>
  </datafield>
  <datafield tag="042" ind1=" " ind2=" ">
    <subfield code="a">lccopycat</subfield>
  </datafield>
  <datafield tag="050" ind1="0" ind2="0">
    <subfield code="a">BF162</subfield>
    <subfield code="b">.N36 2006</subfield>
  </datafield>
  <datafield tag="072" ind1=" " ind2="7">
    <subfield code="a">BH</subfield>
    <subfield code="2">lcco</subfield>
  </datafield>
  <datafield tag="082" ind1="1" ind2="4">
    <subfield code="a">194</subfield>
    <subfield code="2">1</subfield>
  </datafield>
  <datafield tag="100" ind1="1" ind2=" ">
    <subfield code="a">Nancy, Jean-Luc.</subfield>
  </datafield>
  <datafield tag="245" ind1="1" ind2="3">
    <subfield code="a">La naissance des seins ;</subfield>
    <subfield code="b">suivi de Péan pour Aphrodite /</subfield>
    <subfield code="c">Jean-Luc Nancy ; dessins de Jean Le Gac.</subfield>
  </datafield>
  <datafield tag="260" ind1=" " ind2=" ">
    <subfield code="a">Paris :</subfield>
    <subfield code="b">Galilée,</subfield>
    <subfield code="c">2006.</subfield>
  </datafield>
  <datafield tag="300" ind1=" " ind2=" ">
    <subfield code="a">116 p. :</subfield>
    <subfield code="b">ill. ;</subfield>
    <subfield code="c">22 cm</subfield>
  </datafield>
  <datafield tag="336" ind1=" " ind2=" ">
    <subfield code="a">text</subfield>
    <subfield code="b">txt</subfield>
    <subfield code="2">rdacontent</subfield>
  </datafield>
  <datafield tag="337" ind1=" " ind2=" ">
    <subfield code="a">unmediated</subfield>
    <subfield code="b">n</subfield>
    <subfield code="2">rdamedia</subfield>
  </datafield>
  <datafield tag="338" ind1=" " ind2=" ">
    <subfield code="a">volume</subfield>
    <subfield code="b">nc</subfield>
    <subfield code="2">rdacarrier</subfield>
  </datafield>
  <datafield tag="490" ind1="1" ind2=" ">
    <subfield code="a">Collection Lignes fictives,</subfield>
    <subfield code="x">0223-7083</subfield>
  </datafield>
  <datafield tag="504" ind1=" " ind2=" ">
    <subfield code="a">Includes bibliographical references.</subfield>
  </datafield>
  <datafield tag="650" ind1=" " ind2="0">
    <subfield code="a">Breast</subfield>
    <subfield code="x">Psychophysiology.</subfield>
  </datafield>
  <datafield tag="650" ind1=" " ind2="0">
    <subfield code="a">Mind and body.</subfield>
  </datafield>
  <datafield tag="650" ind1=" " ind2="0">
    <subfield code="a">Philosophical anthropology.</subfield>
  </datafield>
  <datafield tag="600" ind1="0" ind2="0">
    <subfield code="a">Aphrodite</subfield>
    <subfield code="c">(Greek deity)</subfield>
  </datafield>
  <datafield tag="650" ind1=" " ind2="7">
    <subfield code="a">Bröst.</subfield>
    <subfield code="2">sao</subfield>
  </datafield>
  <datafield tag="653" ind1=" " ind2=" ">
    <subfield code="a">Aesthetic Essay On Breasts</subfield>
  </datafield>
  <datafield tag="700" ind1="1" ind2=" ">
    <subfield code="a">Le Gac, Jean,</subfield>
    <subfield code="e">Ill.</subfield>
  </datafield>
  <datafield tag="740" ind1="0" ind2="2">
    <subfield code="a">Péan pour Aphrodite.</subfield>
  </datafield>
  <datafield tag="830" ind1=" " ind2="0">
    <subfield code="a">Collection Lignes fictives.</subfield>
    <subfield code="x">0223-7083</subfield>
  </datafield>
  
  
  
  
  
  
  
  
</record>