<record xmlns="http://www.loc.gov/MARC21/slim" xmlns:zs="http://docs.oasis-open.org/ns/search-ws/sruResponse">
  <leader>01955cam a2200493 a 4500</leader>
  <controlfield tag="001">ocm15630593 </controlfield>
  <controlfield tag="003">OCoLC</controlfield>
  <controlfield tag="005">20160311223346.0</controlfield>
  <controlfield tag="008">860421s1985    fr       b    000 0 fre  </controlfield>
  <datafield tag="010" ind1=" " ind2=" ">
    <subfield code="a">   86148247 </subfield>
  </datafield>
  <datafield tag="040" ind1=" " ind2=" ">
    <subfield code="a">DLC</subfield>
    <subfield code="b">eng</subfield>
    <subfield code="c">DLC</subfield>
    <subfield code="d">NLGGC</subfield>
    <subfield code="d">OCLCG</subfield>
    <subfield code="d">OCLCO</subfield>
    <subfield code="d">OCLCA</subfield>
    <subfield code="d">OCLCF</subfield>
    <subfield code="d">OCLCQ</subfield>
  </datafield>
  <datafield tag="020" ind1=" " ind2=" ">
    <subfield code="a">2010108302</subfield>
  </datafield>
  <datafield tag="020" ind1=" " ind2=" ">
    <subfield code="a">9782010108303</subfield>
  </datafield>
  <datafield tag="035" ind1=" " ind2=" ">
    <subfield code="a">(OCoLC)15630593</subfield>
  </datafield>
  <datafield tag="043" ind1=" " ind2=" ">
    <subfield code="a">e-it---</subfield>
  </datafield>
  <datafield tag="050" ind1="0" ind2="0">
    <subfield code="a">KKH41.N44</subfield>
    <subfield code="b">N44 1985</subfield>
  </datafield>
  <datafield tag="100" ind1="1" ind2=" ">
    <subfield code="a">Negri, Antonio,</subfield>
    <subfield code="d">1933-</subfield>
  </datafield>
  <datafield tag="245" ind1="1" ind2="0">
    <subfield code="a">Italie rouge et noire :</subfield>
    <subfield code="b">journal, février 1983-novembre 1983 /</subfield>
    <subfield code="c">Toni Negri ; traduction, notes et adaptation de Yann Moulier ; préface de Bernard-Henri Lévy.</subfield>
  </datafield>
  <datafield tag="260" ind1=" " ind2=" ">
    <subfield code="a">[Paris] :</subfield>
    <subfield code="b">Hachette littérature,</subfield>
    <subfield code="c">©1985.</subfield>
  </datafield>
  <datafield tag="300" ind1=" " ind2=" ">
    <subfield code="a">x, 320 pages ;</subfield>
    <subfield code="c">23 cm.</subfield>
  </datafield>
  <datafield tag="336" ind1=" " ind2=" ">
    <subfield code="a">text</subfield>
    <subfield code="b">txt</subfield>
    <subfield code="2">rdacontent</subfield>
  </datafield>
  <datafield tag="337" ind1=" " ind2=" ">
    <subfield code="a">unmediated</subfield>
    <subfield code="b">n</subfield>
    <subfield code="2">rdamedia</subfield>
  </datafield>
  <datafield tag="338" ind1=" " ind2=" ">
    <subfield code="a">volume</subfield>
    <subfield code="b">nc</subfield>
    <subfield code="2">rdacarrier</subfield>
  </datafield>
  <datafield tag="490" ind1="1" ind2=" ">
    <subfield code="a">Hachette/Document</subfield>
  </datafield>
  <datafield tag="504" ind1=" " ind2=" ">
    <subfield code="a">Includes bibliographical references.</subfield>
  </datafield>
  <datafield tag="600" ind1="1" ind2="0">
    <subfield code="a">Negri, Antonio,</subfield>
    <subfield code="d">1933-</subfield>
    <subfield code="x">Trials, litigation, etc.</subfield>
  </datafield>
  <datafield tag="650" ind1=" " ind2="0">
    <subfield code="a">Trials (Political crimes and offenses)</subfield>
    <subfield code="z">Italy</subfield>
    <subfield code="z">Rome.</subfield>
  </datafield>
  <datafield tag="650" ind1=" " ind2="0">
    <subfield code="a">Trials (Terrorism)</subfield>
    <subfield code="z">Italy</subfield>
    <subfield code="z">Milan.</subfield>
  </datafield>
  <datafield tag="610" ind1="2" ind2="0">
    <subfield code="a">Brigate rosse.</subfield>
  </datafield>
  <datafield tag="600" ind1="1" ind2="7">
    <subfield code="a">Negri, Antonio,</subfield>
    <subfield code="d">1933-</subfield>
    <subfield code="2">fast</subfield>
    <subfield code="0">(OCoLC)fst00042055</subfield>
  </datafield>
  <datafield tag="610" ind1="2" ind2="7">
    <subfield code="a">Brigate rosse.</subfield>
    <subfield code="2">fast</subfield>
    <subfield code="0">(OCoLC)fst01727514</subfield>
  </datafield>
  <datafield tag="650" ind1=" " ind2="7">
    <subfield code="a">Trials (Political crimes and offenses)</subfield>
    <subfield code="2">fast</subfield>
    <subfield code="0">(OCoLC)fst01156388</subfield>
  </datafield>
  <datafield tag="650" ind1=" " ind2="7">
    <subfield code="a">Trials (Terrorism)</subfield>
    <subfield code="2">fast</subfield>
    <subfield code="0">(OCoLC)fst01156415</subfield>
  </datafield>
  <datafield tag="651" ind1=" " ind2="7">
    <subfield code="a">Italy</subfield>
    <subfield code="z">Milan.</subfield>
    <subfield code="2">fast</subfield>
    <subfield code="0">(OCoLC)fst01208698</subfield>
  </datafield>
  <datafield tag="651" ind1=" " ind2="7">
    <subfield code="a">Italy</subfield>
    <subfield code="z">Rome.</subfield>
    <subfield code="2">fast</subfield>
    <subfield code="0">(OCoLC)fst01204500</subfield>
  </datafield>
  <datafield tag="650" ind1="1" ind2="7">
    <subfield code="a">Politici.</subfield>
    <subfield code="2">gtt</subfield>
  </datafield>
  <datafield tag="655" ind1=" " ind2="7">
    <subfield code="a">Trials, litigation, etc.</subfield>
    <subfield code="2">fast</subfield>
    <subfield code="0">(OCoLC)fst01423712</subfield>
  </datafield>
  <datafield tag="830" ind1=" " ind2="0">
    <subfield code="a">Hachette/document.</subfield>
  </datafield>
  
  
  
  
  
  
</record>