<record xmlns="http://www.loc.gov/MARC21/slim" xmlns:zs="http://docs.oasis-open.org/ns/search-ws/sruResponse">
  <leader>01466cam a2200409Ka 4500</leader>
  <controlfield tag="001">ocm31482487 </controlfield>
  <controlfield tag="003">OCoLC</controlfield>
  <controlfield tag="005">20160311224936.0</controlfield>
  <controlfield tag="008">941118s1992    mc            000 0 ger d</controlfield>
  <datafield tag="040" ind1=" " ind2=" ">
    <subfield code="a">FBF</subfield>
    <subfield code="b">fre</subfield>
    <subfield code="c">FBF</subfield>
    <subfield code="d">DIBAM</subfield>
    <subfield code="d">LVB</subfield>
    <subfield code="d">CUI</subfield>
    <subfield code="d">ZWZ</subfield>
    <subfield code="d">EUE</subfield>
    <subfield code="d">OCLCF</subfield>
    <subfield code="d">OCLCO</subfield>
    <subfield code="d">OCLCQ</subfield>
    <subfield code="d">OCLCO</subfield>
  </datafield>
  <datafield tag="020" ind1=" " ind2=" ">
    <subfield code="a">2268012565</subfield>
  </datafield>
  <datafield tag="020" ind1=" " ind2=" ">
    <subfield code="a">9782268012568</subfield>
  </datafield>
  <datafield tag="035" ind1=" " ind2=" ">
    <subfield code="a">(OCoLC)31482487</subfield>
  </datafield>
  <datafield tag="041" ind1="1" ind2=" ">
    <subfield code="a">gerfre</subfield>
    <subfield code="h">ger</subfield>
  </datafield>
  <datafield tag="043" ind1=" " ind2=" ">
    <subfield code="a">e-gr---</subfield>
  </datafield>
  <datafield tag="050" ind1="1" ind2="4">
    <subfield code="a">B3279.H48</subfield>
    <subfield code="b">.A9414 1992</subfield>
  </datafield>
  <datafield tag="082" ind1="0" ind2="4">
    <subfield code="a">834.9</subfield>
    <subfield code="b">HEI</subfield>
  </datafield>
  <datafield tag="100" ind1="1" ind2=" ">
    <subfield code="a">Heidegger, Martin,</subfield>
    <subfield code="d">1889-1976.</subfield>
  </datafield>
  <datafield tag="240" ind1="1" ind2="0">
    <subfield code="a">Aufenthalte.</subfield>
    <subfield code="l">Français</subfield>
  </datafield>
  <datafield tag="245" ind1="1" ind2="0">
    <subfield code="a">Séjours = Aufenthalte :</subfield>
    <subfield code="b">édition bilingue /</subfield>
    <subfield code="c">Martin Heidegger ; traduction, postface et notes de François Vezin.</subfield>
  </datafield>
  <datafield tag="260" ind1=" " ind2=" ">
    <subfield code="a">[Monaco] :</subfield>
    <subfield code="b">Editions du Rocher,</subfield>
    <subfield code="c">©1992.</subfield>
  </datafield>
  <datafield tag="300" ind1=" " ind2=" ">
    <subfield code="a">112 p. ;</subfield>
    <subfield code="c">20 cm.</subfield>
  </datafield>
  <datafield tag="490" ind1="1" ind2=" ">
    <subfield code="a">Alphée</subfield>
  </datafield>
  <datafield tag="500" ind1=" " ind2=" ">
    <subfield code="a">Texte allemand et traduction française en regard.</subfield>
  </datafield>
  <datafield tag="651" ind1=" " ind2="0">
    <subfield code="a">Greece</subfield>
    <subfield code="x">Description and travel.</subfield>
  </datafield>
  <datafield tag="600" ind1="1" ind2="6">
    <subfield code="a">Heidegger, Martin,</subfield>
    <subfield code="d">1889-1976</subfield>
    <subfield code="x">Voyages</subfield>
    <subfield code="z">Grèce.</subfield>
  </datafield>
  <datafield tag="650" ind1=" " ind2="7">
    <subfield code="a">Travel.</subfield>
    <subfield code="2">fast</subfield>
    <subfield code="0">(OCoLC)fst01155558</subfield>
  </datafield>
  <datafield tag="651" ind1=" " ind2="7">
    <subfield code="a">Greece.</subfield>
    <subfield code="2">fast</subfield>
    <subfield code="0">(OCoLC)fst01208380</subfield>
  </datafield>
  <datafield tag="650" ind1=" " ind2="7">
    <subfield code="a">FILOSOFIA ALEMANA</subfield>
    <subfield code="y">SIGLO 20.</subfield>
    <subfield code="2">renib</subfield>
  </datafield>
  <datafield tag="650" ind1=" " ind2="7">
    <subfield code="a">MANUSCRITOS ALEMANES</subfield>
    <subfield code="x">FACSIMILES.</subfield>
    <subfield code="2">renib</subfield>
  </datafield>
  <datafield tag="651" ind1=" " ind2="7">
    <subfield code="a">GRECIA</subfield>
    <subfield code="x">DESCRIPCIONES Y VIAJES</subfield>
    <subfield code="y">1951-1980.</subfield>
    <subfield code="2">renib</subfield>
  </datafield>
  <datafield tag="650" ind1=" " ind2="7">
    <subfield code="a">Philosophie antique.</subfield>
    <subfield code="2">ram</subfield>
  </datafield>
  <datafield tag="700" ind1="1" ind2=" ">
    <subfield code="a">Vezin, François,</subfield>
    <subfield code="e">éd. et trad.</subfield>
  </datafield>
  <datafield tag="830" ind1=" " ind2="0">
    <subfield code="a">Collection Alphée.</subfield>
  </datafield>
  
  
  
</record>