<record xmlns="http://www.loc.gov/MARC21/slim" xmlns:zs="http://docs.oasis-open.org/ns/search-ws/sruResponse">
  <leader>01467cam a2200421Ia 4500</leader>
  <controlfield tag="001">ocm10079910 </controlfield>
  <controlfield tag="003">OCoLC</controlfield>
  <controlfield tag="005">20160311223648.0</controlfield>
  <controlfield tag="008">831101s1975    gw       b    000 0 ger d</controlfield>
  <datafield tag="040" ind1=" " ind2=" ">
    <subfield code="a">ORU</subfield>
    <subfield code="b">eng</subfield>
    <subfield code="c">ORU</subfield>
    <subfield code="d">GBVCP</subfield>
    <subfield code="d">OCLCQ</subfield>
    <subfield code="d">OCLCF</subfield>
    <subfield code="d">OCLCQ</subfield>
    <subfield code="d">OCLCO</subfield>
  </datafield>
  <datafield tag="015" ind1=" " ind2=" ">
    <subfield code="a">75A240087</subfield>
    <subfield code="2">dnb</subfield>
  </datafield>
  <datafield tag="016" ind1="7" ind2=" ">
    <subfield code="a">750231262</subfield>
    <subfield code="2">DE-101</subfield>
  </datafield>
  <datafield tag="020" ind1=" " ind2=" ">
    <subfield code="a">3548031218</subfield>
  </datafield>
  <datafield tag="020" ind1=" " ind2=" ">
    <subfield code="a">9783548031217</subfield>
  </datafield>
  <datafield tag="035" ind1=" " ind2=" ">
    <subfield code="a">(OCoLC)10079910</subfield>
  </datafield>
  <datafield tag="050" ind1=" " ind2="4">
    <subfield code="a">B809.8</subfield>
    <subfield code="b">.V59415 1975</subfield>
  </datafield>
  <datafield tag="084" ind1=" " ind2=" ">
    <subfield code="a">03a</subfield>
    <subfield code="2">sdnb</subfield>
  </datafield>
  <datafield tag="084" ind1=" " ind2=" ">
    <subfield code="a">08.34</subfield>
    <subfield code="2">bcl</subfield>
  </datafield>
  <datafield tag="084" ind1=" " ind2=" ">
    <subfield code="a">17.20</subfield>
    <subfield code="2">bcl</subfield>
  </datafield>
  <datafield tag="084" ind1=" " ind2=" ">
    <subfield code="a">18.00</subfield>
    <subfield code="2">bcl</subfield>
  </datafield>
  <datafield tag="100" ind1="1" ind2=" ">
    <subfield code="a">Voloshinov, V. N.</subfield>
  </datafield>
  <datafield tag="240" ind1="1" ind2="0">
    <subfield code="a">Marksizm i filosofii͡a i͡azyka</subfield>
  </datafield>
  <datafield tag="245" ind1="1" ind2="0">
    <subfield code="a">Marxismus und Sprachphilosophie :</subfield>
    <subfield code="b">Grundlegende Probleme der soziologischen Methode in der Sprachwissenschaft /</subfield>
    <subfield code="c">Valentin N. Vološinov ; herausg. und eingeleitet von Samuel M. Weber.</subfield>
  </datafield>
  <datafield tag="260" ind1=" " ind2=" ">
    <subfield code="a">Frankfurt :</subfield>
    <subfield code="b">Ullstein,</subfield>
    <subfield code="c">1975.</subfield>
  </datafield>
  <datafield tag="300" ind1=" " ind2=" ">
    <subfield code="a">237 pages ;</subfield>
    <subfield code="c">18 cm</subfield>
  </datafield>
  <datafield tag="336" ind1=" " ind2=" ">
    <subfield code="a">text</subfield>
    <subfield code="b">txt</subfield>
    <subfield code="2">rdacontent</subfield>
  </datafield>
  <datafield tag="337" ind1=" " ind2=" ">
    <subfield code="a">unmediated</subfield>
    <subfield code="b">n</subfield>
    <subfield code="2">rdamedia</subfield>
  </datafield>
  <datafield tag="338" ind1=" " ind2=" ">
    <subfield code="a">volume</subfield>
    <subfield code="b">nc</subfield>
    <subfield code="2">rdacarrier</subfield>
  </datafield>
  <datafield tag="500" ind1=" " ind2=" ">
    <subfield code="a">"Ein Ullstein Buch."</subfield>
  </datafield>
  <datafield tag="504" ind1=" " ind2=" ">
    <subfield code="a">Includes bibliographical references.</subfield>
  </datafield>
  <datafield tag="650" ind1=" " ind2="0">
    <subfield code="a">Dialectical materialism.</subfield>
  </datafield>
  <datafield tag="650" ind1=" " ind2="0">
    <subfield code="a">Language and languages</subfield>
    <subfield code="x">Philosophy.</subfield>
  </datafield>
  <datafield tag="650" ind1=" " ind2="7">
    <subfield code="a">Dialectical materialism.</subfield>
    <subfield code="2">fast</subfield>
    <subfield code="0">(OCoLC)fst00892465</subfield>
  </datafield>
  <datafield tag="650" ind1=" " ind2="7">
    <subfield code="a">Language and languages</subfield>
    <subfield code="x">Philosophy.</subfield>
    <subfield code="2">fast</subfield>
    <subfield code="0">(OCoLC)fst00992193</subfield>
  </datafield>
  <datafield tag="700" ind1="1" ind2=" ">
    <subfield code="a">Weber, Samuel M.</subfield>
  </datafield>
  
  
  
</record>