<record xmlns="http://www.loc.gov/MARC21/slim" xmlns:zs="http://docs.oasis-open.org/ns/search-ws/sruResponse">
  <leader>01550cam a2200409Li 4500</leader>
  <controlfield tag="001">ocn470110854</controlfield>
  <controlfield tag="003">OCoLC</controlfield>
  <controlfield tag="005">20160311223241.0</controlfield>
  <controlfield tag="008">020715s2001    fr            000 j fre d</controlfield>
  <datafield tag="040" ind1=" " ind2=" ">
    <subfield code="a">BDF</subfield>
    <subfield code="e">ncafnor</subfield>
    <subfield code="b">fre</subfield>
    <subfield code="c">BDF</subfield>
    <subfield code="d">ZWZ</subfield>
    <subfield code="d">CNMBL</subfield>
    <subfield code="d">CNMON</subfield>
    <subfield code="d">OCLCF</subfield>
  </datafield>
  <datafield tag="015" ind1=" " ind2=" ">
    <subfield code="a">00227851</subfield>
    <subfield code="2">bnf</subfield>
  </datafield>
  <datafield tag="016" ind1="7" ind2=" ">
    <subfield code="a">FRBNF388533220000005</subfield>
    <subfield code="2">FrPBN</subfield>
  </datafield>
  <datafield tag="020" ind1=" " ind2=" ">
    <subfield code="a">290613130X (br)</subfield>
  </datafield>
  <datafield tag="020" ind1=" " ind2=" ">
    <subfield code="a">9782906131309 (br)</subfield>
  </datafield>
  <datafield tag="035" ind1=" " ind2=" ">
    <subfield code="a">(OCoLC)470110854</subfield>
  </datafield>
  <datafield tag="050" ind1="0" ind2="0">
    <subfield code="a">PQ2676.E3345</subfield>
    <subfield code="b">O4</subfield>
  </datafield>
  <datafield tag="082" ind1="0" ind2="0">
    <subfield code="a">843/.9/14</subfield>
  </datafield>
  <datafield tag="100" ind1="1" ind2=" ">
    <subfield code="a">Peeters, Benoît,</subfield>
    <subfield code="d">1956-....</subfield>
    <subfield code="4">aut</subfield>
    <subfield code="0">(FrPBN)11918929</subfield>
  </datafield>
  <datafield tag="245" ind1="1" ind2="0">
    <subfield code="a">Omnibus :</subfield>
    <subfield code="b">roman... /</subfield>
    <subfield code="c">Benoît Peeters.</subfield>
  </datafield>
  <datafield tag="260" ind1=" " ind2=" ">
    <subfield code="a">Paris :</subfield>
    <subfield code="b">les Impressions nouvelles,</subfield>
    <subfield code="c">2001</subfield>
    <subfield code="e">(impr. en Belgique)</subfield>
  </datafield>
  <datafield tag="300" ind1=" " ind2=" ">
    <subfield code="a">93 p. :</subfield>
    <subfield code="b">couv. ill. ;</subfield>
    <subfield code="c">17 cm.</subfield>
  </datafield>
  <datafield tag="490" ind1="0" ind2=" ">
    <subfield code="a">Traverses</subfield>
  </datafield>
  <datafield tag="500" ind1=" " ind2=" ">
    <subfield code="a">La couv. porte en plus : "une biographie imaginaire de Claude Simon"</subfield>
  </datafield>
  <datafield tag="600" ind1="1" ind2="7">
    <subfield code="a">Simon, Claude</subfield>
    <subfield code="d">(1913-2005).</subfield>
    <subfield code="2">ram</subfield>
  </datafield>
  <datafield tag="650" ind1=" " ind2="7">
    <subfield code="a">Nouveau roman</subfield>
    <subfield code="x">Histoire et critique.</subfield>
    <subfield code="2">ram</subfield>
  </datafield>
  <datafield tag="600" ind1="1" ind2="0">
    <subfield code="a">Simon, Claude</subfield>
    <subfield code="x">Fiction.</subfield>
  </datafield>
  <datafield tag="600" ind1="1" ind2="7">
    <subfield code="a">Simon, Claude.</subfield>
    <subfield code="2">fast</subfield>
    <subfield code="0">(OCoLC)fst00039192</subfield>
  </datafield>
  <datafield tag="655" ind1=" " ind2="7">
    <subfield code="a">Fiction.</subfield>
    <subfield code="2">fast</subfield>
    <subfield code="0">(OCoLC)fst01423787</subfield>
  </datafield>
  <datafield tag="760" ind1="0" ind2=" ">
    <subfield code="t">Traverses (Paris. 2001),</subfield>
    <subfield code="d">2001</subfield>
    <subfield code="x">1631-3879</subfield>
    <subfield code="w">(FrPBN)37722023</subfield>
  </datafield>
  <datafield tag="856" ind1="4" ind2="2">
    <subfield code="3">Notice et cote du catalogue de la Bibliothèque nationale de France</subfield>
    <subfield code="u">http://catalogue.bnf.fr/ark:/12148/cb38853322r</subfield>
  </datafield>
  <datafield tag="886" ind1="1" ind2=" ">
    <subfield code="2">intermrc</subfield>
    <subfield code="a">009</subfield>
    <subfield code="b">a--f---------------</subfield>
  </datafield>
  <datafield tag="886" ind1="2" ind2=" ">
    <subfield code="2">intermrc</subfield>
    <subfield code="a">680</subfield>
    <subfield code="b">0-</subfield>
    <subfield code="a">803</subfield>
    <subfield code="b">803</subfield>
  </datafield>
  
  
  
  
  
</record>