<record xmlns="http://www.loc.gov/MARC21/slim" xmlns:zs="http://docs.oasis-open.org/ns/search-ws/sruResponse">
  <leader>01870cam a2200373Ma 4500</leader>
  <controlfield tag="001">ocn613205675</controlfield>
  <controlfield tag="003">OCoLC</controlfield>
  <controlfield tag="005">20160311225509.0</controlfield>
  <controlfield tag="008">080205r20031998enk      b    100 0 eng d</controlfield>
  <datafield tag="040" ind1=" " ind2=" ">
    <subfield code="a">W2U</subfield>
    <subfield code="b">eng</subfield>
    <subfield code="c">W2U</subfield>
    <subfield code="d">OCLCF</subfield>
    <subfield code="d">OCLCO</subfield>
    <subfield code="d">OCL</subfield>
    <subfield code="d">OCLCO</subfield>
    <subfield code="d">OCLCQ</subfield>
  </datafield>
  <datafield tag="020" ind1=" " ind2=" ">
    <subfield code="a">0745618340</subfield>
    <subfield code="q">(pbk.)</subfield>
  </datafield>
  <datafield tag="020" ind1=" " ind2=" ">
    <subfield code="a">9780745618340</subfield>
    <subfield code="q">(pbk.)</subfield>
  </datafield>
  <datafield tag="020" ind1=" " ind2=" ">
    <subfield code="a">0745618332</subfield>
  </datafield>
  <datafield tag="020" ind1=" " ind2=" ">
    <subfield code="a">9780745618333</subfield>
  </datafield>
  <datafield tag="035" ind1=" " ind2=" ">
    <subfield code="a">(OCoLC)613205675</subfield>
  </datafield>
  <datafield tag="041" ind1="1" ind2=" ">
    <subfield code="a">eng</subfield>
    <subfield code="h">fre</subfield>
  </datafield>
  <datafield tag="050" ind1=" " ind2="4">
    <subfield code="a">BL21</subfield>
    <subfield code="b">.R4413 1998</subfield>
  </datafield>
  <datafield tag="245" ind1="0" ind2="0">
    <subfield code="a">Religion /</subfield>
    <subfield code="c">edited by Jacques Derrida et Gianni Vattimo.</subfield>
  </datafield>
  <datafield tag="260" ind1=" " ind2=" ">
    <subfield code="a">Cambridge, UK :</subfield>
    <subfield code="b">Polity Press,</subfield>
    <subfield code="c">2003.</subfield>
  </datafield>
  <datafield tag="300" ind1=" " ind2=" ">
    <subfield code="a">viii, 211 pages ;</subfield>
    <subfield code="c">23 cm</subfield>
  </datafield>
  <datafield tag="336" ind1=" " ind2=" ">
    <subfield code="a">text</subfield>
    <subfield code="b">txt</subfield>
    <subfield code="2">rdacontent</subfield>
  </datafield>
  <datafield tag="337" ind1=" " ind2=" ">
    <subfield code="a">unmediated</subfield>
    <subfield code="b">n</subfield>
    <subfield code="2">rdamedia</subfield>
  </datafield>
  <datafield tag="338" ind1=" " ind2=" ">
    <subfield code="a">volume</subfield>
    <subfield code="b">nc</subfield>
    <subfield code="2">rdacarrier</subfield>
  </datafield>
  <datafield tag="500" ind1=" " ind2=" ">
    <subfield code="a">Translation of: La religion: séminaire de Capri sous la direction de Jacques Derrida et Gianni Vattimo (Paris : Éditions du Seuil, 1996).</subfield>
  </datafield>
  <datafield tag="500" ind1=" " ind2=" ">
    <subfield code="a">Papers presented at a seminar held at Capri, 28 February-1 March, 1994.</subfield>
  </datafield>
  <datafield tag="504" ind1=" " ind2=" ">
    <subfield code="a">Includes bibliographical references.</subfield>
  </datafield>
  <datafield tag="505" ind1="0" ind2=" ">
    <subfield code="a">Circumstances / Gianni Vattimo -- Faith and knowledge : the two sources of 'religion' at the limits of reason alone / Jacques Derrida -- The trace of the trace / Gianni Vattimo -- Thinking religion : the symbol and the sacred / Eugenio Trías -- Religious experience as event and interpretation / Aldo Gargani -- Desert, ethos, abandonment : towards a topology of the religious / Vincenzo Vitiello -- The meaning of being as a determinative ontic trace / Maurizio Ferraris -- Dialogues in Capri / Hans-Georg Gadamer.</subfield>
  </datafield>
  <datafield tag="650" ind1=" " ind2="0">
    <subfield code="a">Religion</subfield>
    <subfield code="v">Congresses.</subfield>
  </datafield>
  <datafield tag="650" ind1=" " ind2="7">
    <subfield code="a">Religion.</subfield>
    <subfield code="2">fast</subfield>
    <subfield code="0">(OCoLC)fst01093763</subfield>
  </datafield>
  <datafield tag="655" ind1=" " ind2="7">
    <subfield code="a">Conference papers and proceedings.</subfield>
    <subfield code="2">fast</subfield>
    <subfield code="0">(OCoLC)fst01423772</subfield>
  </datafield>
  <datafield tag="700" ind1="1" ind2=" ">
    <subfield code="a">Vattimo, Gianni,</subfield>
    <subfield code="d">1936-</subfield>
  </datafield>
  <datafield tag="700" ind1="1" ind2=" ">
    <subfield code="a">Derrida, Jacques.</subfield>
  </datafield>
  
  
</record>