<record xmlns="http://www.loc.gov/MARC21/slim" xmlns:zs="http://docs.oasis-open.org/ns/search-ws/sruResponse">
  <leader>01829cam a2200433Mi 4500</leader>
  <controlfield tag="001">ocm30261183 </controlfield>
  <controlfield tag="003">OCoLC</controlfield>
  <controlfield tag="005">20160311223608.0</controlfield>
  <controlfield tag="008">940225s1993    fr            000 0 fre d</controlfield>
  <datafield tag="040" ind1=" " ind2=" ">
    <subfield code="a">ZCU</subfield>
    <subfield code="b">eng</subfield>
    <subfield code="c">ZCU</subfield>
    <subfield code="d">CUY</subfield>
    <subfield code="d">OCLCQ</subfield>
    <subfield code="d">OCLCF</subfield>
    <subfield code="d">OCLCO</subfield>
    <subfield code="d">OCLCQ</subfield>
  </datafield>
  <datafield tag="020" ind1=" " ind2=" ">
    <subfield code="a">2905964480</subfield>
  </datafield>
  <datafield tag="020" ind1=" " ind2=" ">
    <subfield code="a">9782905964489</subfield>
  </datafield>
  <datafield tag="035" ind1=" " ind2=" ">
    <subfield code="a">(OCoLC)30261183</subfield>
  </datafield>
  <datafield tag="043" ind1=" " ind2=" ">
    <subfield code="a">e-fr---</subfield>
  </datafield>
  <datafield tag="050" ind1=" " ind2="4">
    <subfield code="a">PN1993.5.F7</subfield>
    <subfield code="b">S4 1993</subfield>
  </datafield>
  <datafield tag="100" ind1="1" ind2=" ">
    <subfield code="a">Seguin, Louis.</subfield>
  </datafield>
  <datafield tag="245" ind1="1" ind2="0">
    <subfield code="a">"Aux distraitement desesperes que nous sommes ..." :</subfield>
    <subfield code="b">(sur les films de Jean-Marie Straub et Daniele Huillet.).</subfield>
  </datafield>
  <datafield tag="260" ind1=" " ind2=" ">
    <subfield code="a">Toulouse :</subfield>
    <subfield code="b">Ombres,</subfield>
    <subfield code="c">1991.</subfield>
  </datafield>
  <datafield tag="300" ind1=" " ind2=" ">
    <subfield code="a">147 pages</subfield>
  </datafield>
  <datafield tag="336" ind1=" " ind2=" ">
    <subfield code="a">text</subfield>
    <subfield code="b">txt</subfield>
    <subfield code="2">rdacontent</subfield>
  </datafield>
  <datafield tag="337" ind1=" " ind2=" ">
    <subfield code="a">unmediated</subfield>
    <subfield code="b">n</subfield>
    <subfield code="2">rdamedia</subfield>
  </datafield>
  <datafield tag="338" ind1=" " ind2=" ">
    <subfield code="a">volume</subfield>
    <subfield code="b">nc</subfield>
    <subfield code="2">rdacarrier</subfield>
  </datafield>
  <datafield tag="600" ind1="1" ind2="0">
    <subfield code="a">Straub, Jean-Marie.</subfield>
  </datafield>
  <datafield tag="600" ind1="1" ind2="0">
    <subfield code="a">Huillet, Danièle.</subfield>
  </datafield>
  <datafield tag="650" ind1=" " ind2="0">
    <subfield code="a">Motion pictures</subfield>
    <subfield code="z">France</subfield>
    <subfield code="x">History and criticism.</subfield>
  </datafield>
  <datafield tag="600" ind1="1" ind2="7">
    <subfield code="a">Huillet, Danièle.</subfield>
    <subfield code="2">fast</subfield>
    <subfield code="0">(OCoLC)fst00141742</subfield>
  </datafield>
  <datafield tag="600" ind1="1" ind2="7">
    <subfield code="a">Straub, Jean-Marie.</subfield>
    <subfield code="2">fast</subfield>
    <subfield code="0">(OCoLC)fst00141741</subfield>
  </datafield>
  <datafield tag="650" ind1=" " ind2="7">
    <subfield code="a">Motion pictures.</subfield>
    <subfield code="2">fast</subfield>
    <subfield code="0">(OCoLC)fst01027285</subfield>
  </datafield>
  <datafield tag="651" ind1=" " ind2="7">
    <subfield code="a">France.</subfield>
    <subfield code="2">fast</subfield>
    <subfield code="0">(OCoLC)fst01204289</subfield>
  </datafield>
  <datafield tag="655" ind1=" " ind2="7">
    <subfield code="a">Criticism, interpretation, etc.</subfield>
    <subfield code="2">fast</subfield>
    <subfield code="0">(OCoLC)fst01411635</subfield>
  </datafield>
  <datafield tag="776" ind1="0" ind2="8">
    <subfield code="i">Online version:</subfield>
    <subfield code="a">Seguin, Louis.</subfield>
    <subfield code="t">"Aux distraitement desesperes que nous sommes ...".</subfield>
    <subfield code="d">Toulouse : Ombres, 1991</subfield>
    <subfield code="w">(OCoLC)591903219</subfield>
  </datafield>
  <datafield tag="776" ind1="0" ind2="8">
    <subfield code="i">Online version:</subfield>
    <subfield code="a">Seguin, Louis.</subfield>
    <subfield code="t">"Aux distraitement desesperes que nous sommes ...".</subfield>
    <subfield code="d">Toulouse : Ombres, 1991</subfield>
    <subfield code="w">(OCoLC)609850664</subfield>
  </datafield>
  
  
  
  
  
  
  
</record>