<record xmlns="http://www.loc.gov/MARC21/slim" xmlns:zs="http://docs.oasis-open.org/ns/search-ws/sruResponse">
  <leader>01232cam a2200385 a 4500</leader>
  <controlfield tag="001">ocm38407316 </controlfield>
  <controlfield tag="003">OCoLC</controlfield>
  <controlfield tag="005">20160311225719.0</controlfield>
  <controlfield tag="008">970408s1996    xna           000 0 eng  </controlfield>
  <datafield tag="040" ind1=" " ind2=" ">
    <subfield code="a">AUT</subfield>
    <subfield code="b">eng</subfield>
    <subfield code="c">AUT</subfield>
    <subfield code="d">AU@</subfield>
    <subfield code="d">OCLCF</subfield>
    <subfield code="d">OCLCQ</subfield>
    <subfield code="d">OCLCO</subfield>
  </datafield>
  <datafield tag="020" ind1=" " ind2=" ">
    <subfield code="a">1876017147</subfield>
  </datafield>
  <datafield tag="020" ind1=" " ind2=" ">
    <subfield code="a">9781876017149</subfield>
  </datafield>
  <datafield tag="035" ind1=" " ind2=" ">
    <subfield code="a">(OCoLC)38407316</subfield>
  </datafield>
  <datafield tag="050" ind1=" " ind2="4">
    <subfield code="a">N72.T4</subfield>
    <subfield code="b">T68 1996</subfield>
  </datafield>
  <datafield tag="082" ind1="0" ind2="4">
    <subfield code="a">700.105</subfield>
    <subfield code="2">21</subfield>
  </datafield>
  <datafield tag="245" ind1="0" ind2="0">
    <subfield code="a">Touch forum /</subfield>
    <subfield code="c">Hank Bull [and others] ; edited by Abby Mellick.</subfield>
  </datafield>
  <datafield tag="246" ind1="1" ind2="4">
    <subfield code="a">Touch</subfield>
  </datafield>
  <datafield tag="260" ind1=" " ind2=" ">
    <subfield code="a">Woolloomooloo, N.S.W. :</subfield>
    <subfield code="b">Artspace,</subfield>
    <subfield code="c">1996.</subfield>
  </datafield>
  <datafield tag="300" ind1=" " ind2=" ">
    <subfield code="a">46 pages ;</subfield>
    <subfield code="c">22 cm</subfield>
  </datafield>
  <datafield tag="336" ind1=" " ind2=" ">
    <subfield code="a">text</subfield>
    <subfield code="b">txt</subfield>
    <subfield code="2">rdacontent</subfield>
  </datafield>
  <datafield tag="337" ind1=" " ind2=" ">
    <subfield code="a">unmediated</subfield>
    <subfield code="b">n</subfield>
    <subfield code="2">rdamedia</subfield>
  </datafield>
  <datafield tag="338" ind1=" " ind2=" ">
    <subfield code="a">volume</subfield>
    <subfield code="b">nc</subfield>
    <subfield code="2">rdacarrier</subfield>
  </datafield>
  <datafield tag="650" ind1=" " ind2="0">
    <subfield code="a">Art and technology.</subfield>
  </datafield>
  <datafield tag="650" ind1=" " ind2="0">
    <subfield code="a">Computer interfaces.</subfield>
  </datafield>
  <datafield tag="650" ind1=" " ind2="0">
    <subfield code="a">Aesthetics, Modern</subfield>
    <subfield code="y">20th century.</subfield>
  </datafield>
  <datafield tag="650" ind1=" " ind2="7">
    <subfield code="a">Aesthetics, Modern.</subfield>
    <subfield code="2">fast</subfield>
    <subfield code="0">(OCoLC)fst00798800</subfield>
  </datafield>
  <datafield tag="650" ind1=" " ind2="7">
    <subfield code="a">Art and technology.</subfield>
    <subfield code="2">fast</subfield>
    <subfield code="0">(OCoLC)fst00815441</subfield>
  </datafield>
  <datafield tag="650" ind1=" " ind2="7">
    <subfield code="a">Computer interfaces.</subfield>
    <subfield code="2">fast</subfield>
    <subfield code="0">(OCoLC)fst00872238</subfield>
  </datafield>
  <datafield tag="648" ind1=" " ind2="7">
    <subfield code="a">1900 - 1999</subfield>
    <subfield code="2">fast</subfield>
  </datafield>
  <datafield tag="700" ind1="1" ind2=" ">
    <subfield code="a">Bull, Hank.</subfield>
  </datafield>
  <datafield tag="700" ind1="1" ind2=" ">
    <subfield code="a">Mellick, Abby.</subfield>
  </datafield>
  <datafield tag="710" ind1="2" ind2=" ">
    <subfield code="a">Artspace (Woolloomooloo, N.S.W.)</subfield>
  </datafield>
  
  
  
</record>