<record xmlns="http://www.loc.gov/MARC21/slim" xmlns:zs="http://docs.oasis-open.org/ns/search-ws/sruResponse">
  <leader>03323cam a2200457Li 4500</leader>
  <controlfield tag="001">ocn490080179</controlfield>
  <controlfield tag="003">OCoLC</controlfield>
  <controlfield tag="005">20160311224536.0</controlfield>
  <controlfield tag="008">900907s1976    fr     f      000 0 fre d</controlfield>
  <datafield tag="010" ind1=" " ind2=" ">
    <subfield code="a">   80452059 </subfield>
  </datafield>
  <datafield tag="040" ind1=" " ind2=" ">
    <subfield code="a">ZWZ</subfield>
    <subfield code="e">ncafnor</subfield>
    <subfield code="b">fre</subfield>
    <subfield code="c">ZWZ</subfield>
    <subfield code="d">CHRRO</subfield>
    <subfield code="d">MUQ</subfield>
    <subfield code="d">OCLCO</subfield>
    <subfield code="d">OCLCF</subfield>
    <subfield code="d">OCLCO</subfield>
  </datafield>
  <datafield tag="020" ind1=" " ind2=" ">
    <subfield code="a">2070295036 (br)</subfield>
  </datafield>
  <datafield tag="020" ind1=" " ind2=" ">
    <subfield code="a">9782070295036 (br)</subfield>
  </datafield>
  <datafield tag="035" ind1=" " ind2=" ">
    <subfield code="a">(OCoLC)490080179</subfield>
  </datafield>
  <datafield tag="050" ind1=" " ind2=" ">
    <subfield code="a">BF175</subfield>
    <subfield code="b">.D82</subfield>
  </datafield>
  <datafield tag="060" ind1=" " ind2=" ">
    <subfield code="a">W1</subfield>
    <subfield code="b">NO834G no.14 1976</subfield>
  </datafield>
  <datafield tag="082" ind1="0" ind2=" ">
    <subfield code="a">150.19/5</subfield>
  </datafield>
  <datafield tag="245" ind1="0" ind2="0">
    <subfield code="a">Du secret</subfield>
    <subfield code="h">[Texte imprimé].</subfield>
  </datafield>
  <datafield tag="260" ind1=" " ind2=" ">
    <subfield code="a">Paris :</subfield>
    <subfield code="b">Gallimard,</subfield>
    <subfield code="c">1976.</subfield>
  </datafield>
  <datafield tag="300" ind1=" " ind2=" ">
    <subfield code="a">1vol. (348 p.) ;</subfield>
    <subfield code="c">23 cm.</subfield>
  </datafield>
  <datafield tag="504" ind1=" " ind2=" ">
    <subfield code="a">Notes bibliogr.</subfield>
  </datafield>
  <datafield tag="562" ind1=" " ind2=" ">
    <subfield code="a">Numéro de : "Nouvelle revue de psychanalyse", ISSN 0223-565X, (1976)n°14.</subfield>
  </datafield>
  <datafield tag="505" ind1="0" ind2=" ">
    <subfield code="a">Le non-dit / Guy Rosolato -- Le squelette dans le placard / Victor N. Smirnoff -- Le secret aux origines suivi de Éléments d'une bibliographie psychanalytique sur le secret / Claude Girard -- L'étrange familier / François Roustang -- Évaluation étymologique et sémantique du mot "secret" / Arnaud Lévy -- Identité et secret / Gerald J. Margolis -- Le droit au secret condition pour pouvoir penser / Piera Castoriadis-Aulagnier -- L'excitation sexuelle et les secrets / Robert J. Stoller -- Du sexe opposé / Nathalie Zaltzman -- Fragments de langue d'avant Babel / Serge Leclaire -- Le soupir et la catastrophe / Jean-Claude Lavie -- Trictrac. D'un secret l'autre / Masud Khan -- Le langage secret de la mère et de l'enfant / Christopher Bollas -- Omega / Bernard Pingaud -- Le cauchemar d'un curieux / Christian David -- L'exhibition et le secret de l'enveloppe vide / Pierre Fédida -- La société secrète / Georg Simmel -- Simmel : le mot de passe / Pierre Nora -- La chaîne du secret / Andras Zempléni -- Le secret d'un aveu / Jean-Michel Labadie -- Un herbier de fleurs secrètes / Jean Starobinski</subfield>
  </datafield>
  <datafield tag="520" ind1="8" ind2=" ">
    <subfield code="a">Que serions-nous sans nos secrets ? Que resterait-il de nous aux yeux des autres, si nous étions transparents ? Penserions-nous, même, si ce n'était pour nous approcher d'un secret ? Et cependant, si essentiel soit-il à la vie psychique, le secret est aussi trésor enfoui et inaccessible; malheur dont l'ombre tombe sur le sujet sans qu'il en puisse connaître autre chose que la souffrance; figures toutes-puissantes qui pèsent sur lui et l'aliènent, cadavres dans le placard qui ne cessent de se décomposer. Comment l'analyse peut-elle à la fois respecter le droit vital au secret et en poursuivre le déchiffrement ? Entre la crypte mortifère et le trop de transparence, aider à l'intime possession, autour de laquelle il est possible de vivre ?</subfield>
  </datafield>
  <datafield tag="650" ind1=" " ind2="0">
    <subfield code="a">Psychoanalysis.</subfield>
  </datafield>
  <datafield tag="650" ind1=" " ind2="0">
    <subfield code="a">Secrecy</subfield>
    <subfield code="x">Psychological aspects.</subfield>
  </datafield>
  <datafield tag="650" ind1=" " ind2="2">
    <subfield code="a">Individualité.</subfield>
  </datafield>
  <datafield tag="650" ind1=" " ind2="2">
    <subfield code="a">Inhibition (psychologie)</subfield>
  </datafield>
  <datafield tag="650" ind1=" " ind2="7">
    <subfield code="a">Forclusion (psychanalyse).</subfield>
    <subfield code="2">ram</subfield>
  </datafield>
  <datafield tag="650" ind1=" " ind2="7">
    <subfield code="a">Secret.</subfield>
    <subfield code="2">ram</subfield>
  </datafield>
  <datafield tag="650" ind1=" " ind2="7">
    <subfield code="a">Psychanalyse.</subfield>
    <subfield code="2">ram</subfield>
  </datafield>
  <datafield tag="650" ind1=" " ind2="7">
    <subfield code="a">secret</subfield>
    <subfield code="v">[études diverses]</subfield>
    <subfield code="2">rero</subfield>
  </datafield>
  <datafield tag="650" ind1=" " ind2="6">
    <subfield code="a">Individualité.</subfield>
  </datafield>
  <datafield tag="650" ind1=" " ind2="6">
    <subfield code="a">Inhibition.</subfield>
  </datafield>
  <datafield tag="650" ind1=" " ind2="7">
    <subfield code="a">Psychoanalysis.</subfield>
    <subfield code="2">fast</subfield>
    <subfield code="0">(OCoLC)fst01081235</subfield>
  </datafield>
  <datafield tag="650" ind1=" " ind2="7">
    <subfield code="a">Secrecy</subfield>
    <subfield code="x">Psychological aspects.</subfield>
    <subfield code="2">fast</subfield>
    <subfield code="0">(OCoLC)fst01110649</subfield>
  </datafield>
  <datafield tag="773" ind1="0" ind2=" ">
    <subfield code="t">Nouvelle revue de psychanalyse</subfield>
    <subfield code="g">14</subfield>
    <subfield code="w">(ABES)037622773</subfield>
    <subfield code="7">s</subfield>
  </datafield>
  
  
  
  
</record>