<record xmlns="http://www.loc.gov/MARC21/slim" xmlns:zs="http://docs.oasis-open.org/ns/search-ws/sruResponse">
  <leader>04333cam a2200793 i 4500</leader>
  <controlfield tag="001">ocm03481114 </controlfield>
  <controlfield tag="003">OCoLC</controlfield>
  <controlfield tag="005">20160311223855.0</controlfield>
  <controlfield tag="008">771118s1977    wiu      b    001 0 eng  </controlfield>
  <datafield tag="010" ind1=" " ind2=" ">
    <subfield code="a">   77025405 </subfield>
  </datafield>
  <datafield tag="040" ind1=" " ind2=" ">
    <subfield code="a">DLC</subfield>
    <subfield code="b">eng</subfield>
    <subfield code="c">DLC</subfield>
    <subfield code="d">MUQ</subfield>
    <subfield code="d">BTCTA</subfield>
    <subfield code="d">HEBIS</subfield>
    <subfield code="d">SGB</subfield>
    <subfield code="d">YDXCP</subfield>
    <subfield code="d">OCLCF</subfield>
    <subfield code="d">OCLCQ</subfield>
    <subfield code="d">DEBBG</subfield>
  </datafield>
  <datafield tag="020" ind1=" " ind2=" ">
    <subfield code="a">0930956001</subfield>
  </datafield>
  <datafield tag="020" ind1=" " ind2=" ">
    <subfield code="a">9780930956004</subfield>
  </datafield>
  <datafield tag="035" ind1=" " ind2=" ">
    <subfield code="a">(OCoLC)3481114</subfield>
  </datafield>
  <datafield tag="050" ind1="0" ind2="0">
    <subfield code="a">NX212</subfield>
    <subfield code="b">.P47</subfield>
  </datafield>
  <datafield tag="082" ind1="0" ind2="0">
    <subfield code="a">700/.1</subfield>
  </datafield>
  <datafield tag="084" ind1=" " ind2=" ">
    <subfield code="a">HU 1400</subfield>
    <subfield code="2">rvk</subfield>
  </datafield>
  <datafield tag="245" ind1="0" ind2="0">
    <subfield code="a">Performance in postmodern culture /</subfield>
    <subfield code="c">edited by Michel Benamou, Charles Caramello ; essays by Cheryl Bernstein [and others].</subfield>
  </datafield>
  <datafield tag="260" ind1=" " ind2=" ">
    <subfield code="a">Milwaukee :</subfield>
    <subfield code="b">Center for Twentieth Century Studies, University of Wisconsin-Milwaukee,</subfield>
    <subfield code="c">1977.</subfield>
  </datafield>
  <datafield tag="300" ind1=" " ind2=" ">
    <subfield code="a">234 pages ;</subfield>
    <subfield code="c">23 cm.</subfield>
  </datafield>
  <datafield tag="336" ind1=" " ind2=" ">
    <subfield code="a">text</subfield>
    <subfield code="b">txt</subfield>
    <subfield code="2">rdacontent</subfield>
  </datafield>
  <datafield tag="337" ind1=" " ind2=" ">
    <subfield code="a">unmediated</subfield>
    <subfield code="b">n</subfield>
    <subfield code="2">rdamedia</subfield>
  </datafield>
  <datafield tag="338" ind1=" " ind2=" ">
    <subfield code="a">volume</subfield>
    <subfield code="b">nc</subfield>
    <subfield code="2">rdacarrier</subfield>
  </datafield>
  <datafield tag="490" ind1="1" ind2=" ">
    <subfield code="a">Theories of contemporary culture ;</subfield>
    <subfield code="v">v. 1</subfield>
  </datafield>
  <datafield tag="504" ind1=" " ind2=" ">
    <subfield code="a">Includes bibliographical references and index.</subfield>
  </datafield>
  <datafield tag="505" ind1="0" ind2="0">
    <subfield code="t">Presence and play /</subfield>
    <subfield code="r">Michel Benamou --</subfield>
    <subfield code="t">New models, new visions: some notes toward a poetics of a performance /</subfield>
    <subfield code="r">Jerome rothenberg --</subfield>
    <subfield code="t">Toward a postmodern hermeneutics of performance /</subfield>
    <subfield code="r">Richard Palmer --</subfield>
    <subfield code="t">Frame, flow and reflection: ritual and drama as public liminality /</subfield>
    <subfield code="r">Victor Turner --</subfield>
    <subfield code="t">Letting be be finale of seem: the future of an illusion /</subfield>
    <subfield code="r">Herbert Blau --</subfield>
    <subfield code="t">Performance as news: notes on an intermedia guerrilla art group /</subfield>
    <subfield code="r">Cheryl Bernstein --</subfield>
    <subfield code="t">The unconscious as mise-en-scène /</subfield>
    <subfield code="r">Jean-François Lyotard --</subfield>
    <subfield code="t">The disposition of the voice /</subfield>
    <subfield code="r">Régis Durand --</subfield>
    <subfield code="t">New music: utopia AND oblivion /</subfield>
    <subfield code="r">Daniel Charles --</subfield>
    <subfield code="t">The book of the four phrases of a birth /</subfield>
    <subfield code="r">Edmond Jabès --</subfield>
    <subfield code="t">Mythotherapy and postmodern fictions: magic is afoot /</subfield>
    <subfield code="r">Campbell Tatham --</subfield>
    <subfield code="t">Federman: voices within voices /</subfield>
    <subfield code="r">Raymond Federman --</subfield>
    <subfield code="t">Prometheus as performer: toward a posthumanist culture? /</subfield>
    <subfield code="r">Ihab Hassan --</subfield>
    <subfield code="t">On styles of postmodern writing /</subfield>
    <subfield code="r">Charles Caramello.</subfield>
  </datafield>
  <datafield tag="650" ind1=" " ind2="0">
    <subfield code="a">Performance.</subfield>
  </datafield>
  <datafield tag="650" ind1=" " ind2="0">
    <subfield code="a">Arts</subfield>
    <subfield code="x">Philosophy.</subfield>
  </datafield>
  <datafield tag="650" ind1=" " ind2="0">
    <subfield code="a">Postmodernism.</subfield>
  </datafield>
  <datafield tag="650" ind1=" " ind2="6">
    <subfield code="a">Art de performance.</subfield>
  </datafield>
  <datafield tag="650" ind1=" " ind2="6">
    <subfield code="a">Arts</subfield>
    <subfield code="x">Philosophie.</subfield>
  </datafield>
  <datafield tag="650" ind1=" " ind2="7">
    <subfield code="a">Arts</subfield>
    <subfield code="x">Philosophy.</subfield>
    <subfield code="2">fast</subfield>
    <subfield code="0">(OCoLC)fst00817787</subfield>
  </datafield>
  <datafield tag="650" ind1=" " ind2="7">
    <subfield code="a">Performance.</subfield>
    <subfield code="2">fast</subfield>
    <subfield code="0">(OCoLC)fst01057829</subfield>
  </datafield>
  <datafield tag="650" ind1=" " ind2="7">
    <subfield code="a">Postmodernism.</subfield>
    <subfield code="2">fast</subfield>
    <subfield code="0">(OCoLC)fst01073164</subfield>
  </datafield>
  <datafield tag="650" ind1="0" ind2="7">
    <subfield code="a">Postmoderne.</subfield>
    <subfield code="2">swd</subfield>
  </datafield>
  <datafield tag="650" ind1="0" ind2="7">
    <subfield code="a">Performance &lt;Künste&gt;</subfield>
    <subfield code="2">swd</subfield>
  </datafield>
  <datafield tag="650" ind1=" " ind2="4">
    <subfield code="a">Arts - Philosophie.</subfield>
  </datafield>
  <datafield tag="650" ind1="0" ind2="7">
    <subfield code="a">Literaturkritik.</subfield>
    <subfield code="0">(DE-588)4036020-9</subfield>
    <subfield code="2">gnd</subfield>
  </datafield>
  <datafield tag="700" ind1="1" ind2=" ">
    <subfield code="a">Benamou, Michel.</subfield>
    <subfield code="4">edt</subfield>
  </datafield>
  <datafield tag="700" ind1="1" ind2=" ">
    <subfield code="a">Caramello, Charles.</subfield>
    <subfield code="4">edt</subfield>
  </datafield>
  <datafield tag="830" ind1=" " ind2="0">
    <subfield code="a">Theories of contemporary culture ;</subfield>
    <subfield code="v">v. 1.</subfield>
  </datafield>
  <datafield tag="856" ind1=" " ind2=" ">
    <subfield code="u">http://bvbr.bib-bvb.de:8991/F?func=service&amp;doc_library=BVB01&amp;local_base=BVB01&amp;doc_number=004922815&amp;line_number=0001&amp;func_code=DB_RECORDS&amp;service_type=MEDIA</subfield>
    <subfield code="z">Inhaltsverzeichnis</subfield>
  </datafield>
  
  
  
  
  
  
  
  
  
  
  
  
  
  
  
  
  
  
  
  
  
  
  
  
  
  
  
</record>