<record xmlns="http://www.loc.gov/MARC21/slim" xmlns:zs="http://docs.oasis-open.org/ns/search-ws/sruResponse">
  <leader>01454cam a2200397Mi 4500</leader>
  <controlfield tag="001">ocn749893445</controlfield>
  <controlfield tag="003">OCoLC</controlfield>
  <controlfield tag="005">20160311224435.0</controlfield>
  <controlfield tag="008">081223s1996    enk           000 0 eng d</controlfield>
  <datafield tag="040" ind1=" " ind2=" ">
    <subfield code="a">NLGGC</subfield>
    <subfield code="e">fobidrtb</subfield>
    <subfield code="b">dut</subfield>
    <subfield code="c">NLGGC</subfield>
    <subfield code="d">OCLCF</subfield>
  </datafield>
  <datafield tag="020" ind1=" " ind2=" ">
    <subfield code="a">0316880205</subfield>
  </datafield>
  <datafield tag="020" ind1=" " ind2=" ">
    <subfield code="a">9780316880206</subfield>
  </datafield>
  <datafield tag="020" ind1=" " ind2=" ">
    <subfield code="a">9780316733120</subfield>
  </datafield>
  <datafield tag="020" ind1=" " ind2=" ">
    <subfield code="a">0316733121</subfield>
  </datafield>
  <datafield tag="035" ind1=" " ind2=" ">
    <subfield code="a">(OCoLC)749893445</subfield>
  </datafield>
  <datafield tag="050" ind1=" " ind2="4">
    <subfield code="a">DT1974</subfield>
    <subfield code="b">.A3 1996</subfield>
  </datafield>
  <datafield tag="082" ind1="0" ind2="4">
    <subfield code="a">968.06/5/092</subfield>
    <subfield code="2">21</subfield>
  </datafield>
  <datafield tag="082" ind1="0" ind2="4">
    <subfield code="a">B</subfield>
    <subfield code="2">21</subfield>
  </datafield>
  <datafield tag="084" ind1=" " ind2=" ">
    <subfield code="a">15.80</subfield>
    <subfield code="2">bcl</subfield>
  </datafield>
  <datafield tag="100" ind1="1" ind2=" ">
    <subfield code="a">Mandela, Nelson,</subfield>
    <subfield code="d">1918-</subfield>
  </datafield>
  <datafield tag="245" ind1="1" ind2="4">
    <subfield code="a">The illustrated long walk to freedom :</subfield>
    <subfield code="b">the autobiography of Nelson Mandela.</subfield>
  </datafield>
  <datafield tag="260" ind1=" " ind2=" ">
    <subfield code="a">London :</subfield>
    <subfield code="b">Little, Brown,</subfield>
    <subfield code="c">c1996.</subfield>
  </datafield>
  <datafield tag="300" ind1=" " ind2=" ">
    <subfield code="a">208 p. :</subfield>
    <subfield code="b">ill. (some col.), 1 map, ports. ;</subfield>
    <subfield code="c">28 cm.</subfield>
  </datafield>
  <datafield tag="500" ind1=" " ind2=" ">
    <subfield code="a">This is an illustrated and abridged edition of Long walk to freedom: the autobiography of Nelson Mandela ..."--T.p. verso.</subfield>
  </datafield>
  <datafield tag="500" ind1=" " ind2=" ">
    <subfield code="a">Includes index.</subfield>
  </datafield>
  <datafield tag="600" ind1="1" ind2="4">
    <subfield code="a">Mandela, Nelson</subfield>
    <subfield code="q">(Nelson Rolihlahla),</subfield>
    <subfield code="d">1918-</subfield>
  </datafield>
  <datafield tag="650" ind1=" " ind2="0">
    <subfield code="a">Presidents</subfield>
    <subfield code="x">Biography</subfield>
    <subfield code="z">South Africa.</subfield>
  </datafield>
  <datafield tag="650" ind1=" " ind2="0">
    <subfield code="a">Statesmen</subfield>
    <subfield code="x">Biography</subfield>
    <subfield code="z">South Africa.</subfield>
  </datafield>
  <datafield tag="651" ind1=" " ind2="4">
    <subfield code="a">South Africa</subfield>
    <subfield code="x">Politics and government</subfield>
    <subfield code="y">1948-1994.</subfield>
  </datafield>
  <datafield tag="650" ind1=" " ind2="7">
    <subfield code="a">Presidents</subfield>
    <subfield code="x">Biography.</subfield>
    <subfield code="2">fast</subfield>
    <subfield code="0">(OCoLC)fst01075732</subfield>
  </datafield>
  <datafield tag="650" ind1=" " ind2="7">
    <subfield code="a">Statesmen</subfield>
    <subfield code="x">Biography.</subfield>
    <subfield code="2">fast</subfield>
    <subfield code="0">(OCoLC)fst01131994</subfield>
  </datafield>
  <datafield tag="651" ind1=" " ind2="7">
    <subfield code="a">South Africa.</subfield>
    <subfield code="2">fast</subfield>
    <subfield code="0">(OCoLC)fst01204616</subfield>
  </datafield>
  <datafield tag="655" ind1=" " ind2="7">
    <subfield code="a">Biografieën (vorm)</subfield>
    <subfield code="2">gtt</subfield>
  </datafield>
  
  
  
</record>