<record xmlns="http://www.loc.gov/MARC21/slim" xmlns:zs="http://docs.oasis-open.org/ns/search-ws/sruResponse">
  <leader>00966cam a2200301Mi 4500</leader>
  <controlfield tag="001">ocn906455627</controlfield>
  <controlfield tag="003">OCoLC</controlfield>
  <controlfield tag="005">20160311223353.0</controlfield>
  <controlfield tag="008">840402s1984    fr     e      000 0 fre d</controlfield>
  <datafield tag="040" ind1=" " ind2=" ">
    <subfield code="a">NLGGC</subfield>
    <subfield code="b">dut</subfield>
    <subfield code="e">fobidrtb</subfield>
    <subfield code="c">NLGGC</subfield>
    <subfield code="d">OCLCO</subfield>
  </datafield>
  <datafield tag="020" ind1=" " ind2=" ">
    <subfield code="a">202006751X</subfield>
  </datafield>
  <datafield tag="020" ind1=" " ind2=" ">
    <subfield code="a">9782020067515</subfield>
  </datafield>
  <datafield tag="035" ind1=" " ind2=" ">
    <subfield code="a">(OCoLC)906455627</subfield>
  </datafield>
  <datafield tag="050" ind1=" " ind2="4">
    <subfield code="a">PQ2672.A616</subfield>
    <subfield code="b">H66 1984</subfield>
  </datafield>
  <datafield tag="082" ind1="0" ind2="4">
    <subfield code="a">843.9</subfield>
  </datafield>
  <datafield tag="100" ind1="1" ind2=" ">
    <subfield code="a">Laplace, Yves,</subfield>
    <subfield code="d">1958-</subfield>
  </datafield>
  <datafield tag="245" ind1="1" ind2="3">
    <subfield code="a">Un homme exemplaire :</subfield>
    <subfield code="b">roman /</subfield>
    <subfield code="c">Yves Laplace.</subfield>
  </datafield>
  <datafield tag="260" ind1=" " ind2=" ">
    <subfield code="a">Paris :</subfield>
    <subfield code="b">Éditions du Seuil,</subfield>
    <subfield code="c">1984.</subfield>
  </datafield>
  <datafield tag="300" ind1=" " ind2=" ">
    <subfield code="a">215 p. ;</subfield>
    <subfield code="c">21 cm.</subfield>
  </datafield>
  <datafield tag="336" ind1=" " ind2=" ">
    <subfield code="a">tekst</subfield>
    <subfield code="b">txt</subfield>
    <subfield code="2">rdacontent/dut</subfield>
  </datafield>
  <datafield tag="337" ind1=" " ind2=" ">
    <subfield code="a">zonder medium</subfield>
    <subfield code="b">n</subfield>
    <subfield code="2">rdamedia/dut</subfield>
  </datafield>
  <datafield tag="338" ind1=" " ind2=" ">
    <subfield code="a">band</subfield>
    <subfield code="b">nc</subfield>
    <subfield code="2">rdacarrier/dut</subfield>
  </datafield>
  <datafield tag="520" ind1="2" ind2=" ">
    <subfield code="a">In een monoloog vertelt een man hoe hij ertoe gekomen is zijn vrouw te vermoorden.</subfield>
  </datafield>
  <datafield tag="650" ind1=" " ind2="0">
    <subfield code="a">French fiction</subfield>
    <subfield code="y">20th century.</subfield>
  </datafield>
  <datafield tag="650" ind1=" " ind2="0">
    <subfield code="a">Franse fiksie</subfield>
    <subfield code="y">20ste eeu.</subfield>
  </datafield>
  
  
  
</record>