<record xmlns="http://www.loc.gov/MARC21/slim" xmlns:zs="http://docs.oasis-open.org/ns/search-ws/sruResponse">
  <leader>01523cam a2200361Mi 4500</leader>
  <controlfield tag="001">ocn406961872</controlfield>
  <controlfield tag="003">OCoLC</controlfield>
  <controlfield tag="005">20160311224904.0</controlfield>
  <controlfield tag="008">991110s1999    fr     g b    000 0 fre d</controlfield>
  <datafield tag="040" ind1=" " ind2=" ">
    <subfield code="a">FRBML</subfield>
    <subfield code="b">fre</subfield>
    <subfield code="c">FRBML</subfield>
    <subfield code="d">BDF</subfield>
    <subfield code="d">OCLCQ</subfield>
    <subfield code="d">YUS</subfield>
    <subfield code="d">OCLCF</subfield>
    <subfield code="d">OCLCO</subfield>
  </datafield>
  <datafield tag="016" ind1="7" ind2=" ">
    <subfield code="a">FRBNF370837950000000</subfield>
    <subfield code="2">FrPBN</subfield>
  </datafield>
  <datafield tag="020" ind1=" " ind2=" ">
    <subfield code="a">2912567505 (Br)</subfield>
  </datafield>
  <datafield tag="020" ind1=" " ind2=" ">
    <subfield code="a">9782912567505 (Br)</subfield>
  </datafield>
  <datafield tag="035" ind1=" " ind2=" ">
    <subfield code="a">(OCoLC)406961872</subfield>
  </datafield>
  <datafield tag="050" ind1=" " ind2="4">
    <subfield code="a">BJ1476</subfield>
    <subfield code="b">.R52 1999</subfield>
  </datafield>
  <datafield tag="082" ind1="1" ind2="4">
    <subfield code="a">170</subfield>
  </datafield>
  <datafield tag="100" ind1="1" ind2=" ">
    <subfield code="a">Ricot, Jacques.</subfield>
  </datafield>
  <datafield tag="245" ind1="1" ind2="0">
    <subfield code="a">Peut-on tout pardonner? /</subfield>
    <subfield code="c">Jacques Ricot.</subfield>
  </datafield>
  <datafield tag="260" ind1=" " ind2=" ">
    <subfield code="a">Saint-Sébastien-sur-Loire :</subfield>
    <subfield code="b">Pleins Feux,</subfield>
    <subfield code="c">1999.</subfield>
  </datafield>
  <datafield tag="300" ind1=" " ind2=" ">
    <subfield code="a">86 p. ;</subfield>
    <subfield code="c">19 cm.</subfield>
  </datafield>
  <datafield tag="504" ind1=" " ind2=" ">
    <subfield code="a">Bibliogr.</subfield>
  </datafield>
  <datafield tag="520" ind1=" " ind2=" ">
    <subfield code="a">"Il n'est pas possible au sujet humain dans sa finitude de tout pardonner. Mais il n'est pas possible de décréter qu'il existe un impardonnable absolu. On peut donc tout pardonner même si tous n'acceptent pas le pardon, et c'est en ce point que la liberté rencontre sa limite.</subfield>
  </datafield>
  <datafield tag="650" ind1=" " ind2="4">
    <subfield code="a">Morale.</subfield>
  </datafield>
  <datafield tag="650" ind1=" " ind2="7">
    <subfield code="a">Pardon</subfield>
    <subfield code="x">Congrès.</subfield>
    <subfield code="2">ram</subfield>
  </datafield>
  <datafield tag="650" ind1=" " ind2="0">
    <subfield code="a">Forgiveness.</subfield>
  </datafield>
  <datafield tag="650" ind1=" " ind2="7">
    <subfield code="a">Forgiveness.</subfield>
    <subfield code="2">fast</subfield>
    <subfield code="0">(OCoLC)fst00932854</subfield>
  </datafield>
  <datafield tag="856" ind1="4" ind2="2">
    <subfield code="3">Notice et cote du catalogue de la Bibliothèque nationale de France</subfield>
    <subfield code="u">http://catalogue.bnf.fr/ark:/12148/cb370837955</subfield>
  </datafield>
  
  
  
  
  
  
</record>