<record xmlns="http://www.loc.gov/MARC21/slim" xmlns:zs="http://docs.oasis-open.org/ns/search-ws/sruResponse">
  <leader>02805cam a2200649 a 4500</leader>
  <controlfield tag="001">ocm50644253 </controlfield>
  <controlfield tag="003">OCoLC</controlfield>
  <controlfield tag="005">20160311225444.0</controlfield>
  <controlfield tag="008">010223s2001    fr       b    000 0 fre  </controlfield>
  <datafield tag="010" ind1=" " ind2=" ">
    <subfield code="a">  2001374234</subfield>
  </datafield>
  <datafield tag="040" ind1=" " ind2=" ">
    <subfield code="a">DLC</subfield>
    <subfield code="b">eng</subfield>
    <subfield code="c">DLC</subfield>
    <subfield code="d">TZT</subfield>
    <subfield code="d">YYP</subfield>
    <subfield code="d">OCLCG</subfield>
    <subfield code="d">OCLCQ</subfield>
    <subfield code="d">OCLCF</subfield>
    <subfield code="d">OCLCO</subfield>
    <subfield code="d">OCLCQ</subfield>
    <subfield code="d">OCL</subfield>
  </datafield>
  <datafield tag="019" ind1=" " ind2=" ">
    <subfield code="a">46470241</subfield>
    <subfield code="a">217240004</subfield>
  </datafield>
  <datafield tag="020" ind1=" " ind2=" ">
    <subfield code="a">2226121404</subfield>
  </datafield>
  <datafield tag="020" ind1=" " ind2=" ">
    <subfield code="a">9782226121400</subfield>
  </datafield>
  <datafield tag="035" ind1=" " ind2=" ">
    <subfield code="a">(OCoLC)50644253</subfield>
    <subfield code="z">(OCoLC)46470241</subfield>
    <subfield code="z">(OCoLC)217240004</subfield>
  </datafield>
  <datafield tag="042" ind1=" " ind2=" ">
    <subfield code="a">pcc</subfield>
  </datafield>
  <datafield tag="043" ind1=" " ind2=" ">
    <subfield code="a">e-fr---</subfield>
  </datafield>
  <datafield tag="050" ind1="0" ind2="0">
    <subfield code="a">DS135.F9</subfield>
    <subfield code="b">M53 2001</subfield>
  </datafield>
  <datafield tag="072" ind1=" " ind2="7">
    <subfield code="a">DC</subfield>
    <subfield code="2">lcco</subfield>
  </datafield>
  <datafield tag="082" ind1="1" ind2="4">
    <subfield code="a">944</subfield>
    <subfield code="2">1</subfield>
  </datafield>
  <datafield tag="100" ind1="1" ind2=" ">
    <subfield code="a">Michlin, Gilbert,</subfield>
    <subfield code="d">1926-</subfield>
  </datafield>
  <datafield tag="245" ind1="1" ind2="0">
    <subfield code="a">Aucun intérêt au point de vue national :</subfield>
    <subfield code="b">la grande illusion d'une famille juive en France : récit autobiographique /</subfield>
    <subfield code="c">de Gilbert Michlin ; commenté par Zeev Sternhell.</subfield>
  </datafield>
  <datafield tag="260" ind1=" " ind2=" ">
    <subfield code="a">Paris :</subfield>
    <subfield code="b">A. Michel,</subfield>
    <subfield code="c">©2001.</subfield>
  </datafield>
  <datafield tag="300" ind1=" " ind2=" ">
    <subfield code="a">175 pages ;</subfield>
    <subfield code="c">20 cm.</subfield>
  </datafield>
  <datafield tag="336" ind1=" " ind2=" ">
    <subfield code="a">text</subfield>
    <subfield code="b">txt</subfield>
    <subfield code="2">rdacontent</subfield>
  </datafield>
  <datafield tag="337" ind1=" " ind2=" ">
    <subfield code="a">unmediated</subfield>
    <subfield code="b">n</subfield>
    <subfield code="2">rdamedia</subfield>
  </datafield>
  <datafield tag="338" ind1=" " ind2=" ">
    <subfield code="a">volume</subfield>
    <subfield code="b">nc</subfield>
    <subfield code="2">rdacarrier</subfield>
  </datafield>
  <datafield tag="490" ind1="1" ind2=" ">
    <subfield code="a">Histoire à deux voix</subfield>
  </datafield>
  <datafield tag="504" ind1=" " ind2=" ">
    <subfield code="a">Includes bibliographical references (page 128).</subfield>
  </datafield>
  <datafield tag="600" ind1="1" ind2="0">
    <subfield code="a">Michlin, Gilbert,</subfield>
    <subfield code="d">1926-</subfield>
  </datafield>
  <datafield tag="650" ind1=" " ind2="0">
    <subfield code="a">Jews</subfield>
    <subfield code="z">France</subfield>
    <subfield code="v">Biography.</subfield>
  </datafield>
  <datafield tag="650" ind1=" " ind2="0">
    <subfield code="a">Concentration camp inmates</subfield>
    <subfield code="v">Biography.</subfield>
  </datafield>
  <datafield tag="650" ind1=" " ind2="0">
    <subfield code="a">Holocaust, Jewish (1939-1945)</subfield>
    <subfield code="z">France</subfield>
    <subfield code="v">Personal narratives.</subfield>
  </datafield>
  <datafield tag="600" ind1="1" ind2="7">
    <subfield code="a">Michlin, Gilbert,</subfield>
    <subfield code="d">1926-</subfield>
    <subfield code="2">fast</subfield>
    <subfield code="0">(OCoLC)fst00483742</subfield>
  </datafield>
  <datafield tag="611" ind1="0" ind2="7">
    <subfield code="a">Holocaust, Jewish (1939-1945)</subfield>
    <subfield code="2">fast</subfield>
    <subfield code="0">(OCoLC)fst00958866</subfield>
  </datafield>
  <datafield tag="650" ind1=" " ind2="7">
    <subfield code="a">Concentration camp inmates.</subfield>
    <subfield code="2">fast</subfield>
    <subfield code="0">(OCoLC)fst00872923</subfield>
  </datafield>
  <datafield tag="650" ind1=" " ind2="7">
    <subfield code="a">Jews.</subfield>
    <subfield code="2">fast</subfield>
    <subfield code="0">(OCoLC)fst00983135</subfield>
  </datafield>
  <datafield tag="651" ind1=" " ind2="7">
    <subfield code="a">France.</subfield>
    <subfield code="2">fast</subfield>
    <subfield code="0">(OCoLC)fst01204289</subfield>
  </datafield>
  <datafield tag="648" ind1=" " ind2="7">
    <subfield code="a">1939 - 1945</subfield>
    <subfield code="2">fast</subfield>
  </datafield>
  <datafield tag="653" ind1=" " ind2=" ">
    <subfield code="a">Jews</subfield>
    <subfield code="a">Historical Narration</subfield>
  </datafield>
  <datafield tag="655" ind1=" " ind2="7">
    <subfield code="a">Biography.</subfield>
    <subfield code="2">fast</subfield>
    <subfield code="0">(OCoLC)fst01423686</subfield>
  </datafield>
  <datafield tag="655" ind1=" " ind2="7">
    <subfield code="a">Personal narratives.</subfield>
    <subfield code="2">fast</subfield>
    <subfield code="0">(OCoLC)fst01423843</subfield>
  </datafield>
  <datafield tag="700" ind1="1" ind2=" ">
    <subfield code="a">Sternhell, Zeev.</subfield>
  </datafield>
  <datafield tag="776" ind1="0" ind2="8">
    <subfield code="i">Online version:</subfield>
    <subfield code="a">Michlin, Gilbert, 1926-</subfield>
    <subfield code="t">Aucun intérêt au point de vue national.</subfield>
    <subfield code="d">Paris : A. Michel, ©2001</subfield>
    <subfield code="w">(OCoLC)606527202</subfield>
  </datafield>
  <datafield tag="776" ind1="0" ind2="8">
    <subfield code="i">Online version:</subfield>
    <subfield code="a">Michlin, Gilbert, 1926-</subfield>
    <subfield code="t">Aucun intérêt au point de vue national.</subfield>
    <subfield code="d">Paris : A. Michel, ©2001</subfield>
    <subfield code="w">(OCoLC)607866067</subfield>
  </datafield>
  <datafield tag="830" ind1=" " ind2="0">
    <subfield code="a">Histoire à deux voix.</subfield>
  </datafield>
  
  
  
  
  
  
  
  
  
  
  
</record>