<record xmlns="http://www.loc.gov/MARC21/slim" xmlns:zs="http://docs.oasis-open.org/ns/search-ws/sruResponse">
  <leader>01355cam a2200325Mi 4500</leader>
  <controlfield tag="001">ocn913818660</controlfield>
  <controlfield tag="003">OCoLC</controlfield>
  <controlfield tag="005">20160311224202.0</controlfield>
  <controlfield tag="008">761122s1976    tnuabf   d    000 0 eng d</controlfield>
  <datafield tag="010" ind1=" " ind2=" ">
    <subfield code="a">   76379986 </subfield>
  </datafield>
  <datafield tag="040" ind1=" " ind2=" ">
    <subfield code="a">KZK</subfield>
    <subfield code="b">eng</subfield>
    <subfield code="c">KZK</subfield>
    <subfield code="d">OCLCO</subfield>
    <subfield code="d">OCLCF</subfield>
    <subfield code="d">OCLCQ</subfield>
    <subfield code="d">OCLCO</subfield>
  </datafield>
  <datafield tag="020" ind1=" " ind2=" ">
    <subfield code="a">9780687192717</subfield>
    <subfield code="q">(v. 2)</subfield>
  </datafield>
  <datafield tag="020" ind1=" " ind2=" ">
    <subfield code="a">0687192714</subfield>
  </datafield>
  <datafield tag="020" ind1=" " ind2=" ">
    <subfield code="a">9780687192724</subfield>
    <subfield code="q">(v. 3)</subfield>
  </datafield>
  <datafield tag="020" ind1=" " ind2=" ">
    <subfield code="a">0687192722</subfield>
  </datafield>
  <datafield tag="020" ind1=" " ind2=" ">
    <subfield code="a">9780687192731</subfield>
    <subfield code="q">(v. 4)</subfield>
  </datafield>
  <datafield tag="020" ind1=" " ind2=" ">
    <subfield code="a">0687192730</subfield>
  </datafield>
  <datafield tag="035" ind1=" " ind2=" ">
    <subfield code="a">(OCoLC)913818660</subfield>
  </datafield>
  <datafield tag="050" ind1="0" ind2=" ">
    <subfield code="a">BS440</subfield>
    <subfield code="b">I63</subfield>
  </datafield>
  <datafield tag="245" ind1="0" ind2="4">
    <subfield code="a">The Interpreter's dictionary of the Bible :</subfield>
    <subfield code="b">an illustrated encyclopedia identifying and explaining all proper names and significant terms and subjects in the Holy Scriptures, including the Apocrypha, with attention to archaeological discoveries and researches into the life and faith of ancient times /</subfield>
    <subfield code="c">[editorial board: George Arthur Buttrick, dictionary editor, and others].</subfield>
  </datafield>
  <datafield tag="260" ind1=" " ind2=" ">
    <subfield code="a">Nashville :</subfield>
    <subfield code="b">Abingdon,</subfield>
    <subfield code="c">©1976.</subfield>
  </datafield>
  <datafield tag="300" ind1=" " ind2=" ">
    <subfield code="a">4 volumes :</subfield>
    <subfield code="b">illustrations (some color) maps (some color) ;</subfield>
    <subfield code="c">27 cm</subfield>
  </datafield>
  <datafield tag="336" ind1=" " ind2=" ">
    <subfield code="a">text</subfield>
    <subfield code="b">txt</subfield>
    <subfield code="2">rdacontent</subfield>
  </datafield>
  <datafield tag="337" ind1=" " ind2=" ">
    <subfield code="a">unmediated</subfield>
    <subfield code="b">n</subfield>
    <subfield code="2">rdamedia</subfield>
  </datafield>
  <datafield tag="338" ind1=" " ind2=" ">
    <subfield code="a">volume</subfield>
    <subfield code="b">nc</subfield>
    <subfield code="2">rdacarrier</subfield>
  </datafield>
  <datafield tag="630" ind1="0" ind2="0">
    <subfield code="a">Bible</subfield>
    <subfield code="v">Dictionaries.</subfield>
  </datafield>
  <datafield tag="630" ind1="0" ind2="7">
    <subfield code="a">Bible.</subfield>
    <subfield code="2">fast</subfield>
    <subfield code="0">(OCoLC)fst01356024</subfield>
  </datafield>
  <datafield tag="655" ind1=" " ind2="7">
    <subfield code="a">Dictionaries.</subfield>
    <subfield code="2">fast</subfield>
    <subfield code="0">(OCoLC)fst01423826</subfield>
  </datafield>
  
  
</record>