<record xmlns="http://www.loc.gov/MARC21/slim" xmlns:zs="http://docs.oasis-open.org/ns/search-ws/sruResponse">
  <leader>03282cam a2200793 a 4500</leader>
  <controlfield tag="001">ocm31376817 </controlfield>
  <controlfield tag="003">OCoLC</controlfield>
  <controlfield tag="005">20160311223315.0</controlfield>
  <controlfield tag="008">931020s1992    it ab    b    000 0 ita  </controlfield>
  <datafield tag="010" ind1=" " ind2=" ">
    <subfield code="a">   93220424 </subfield>
  </datafield>
  <datafield tag="040" ind1=" " ind2=" ">
    <subfield code="a">DLC</subfield>
    <subfield code="b">eng</subfield>
    <subfield code="c">DLC</subfield>
    <subfield code="d">C3L</subfield>
    <subfield code="d">OCLCG</subfield>
    <subfield code="d">YDXCP</subfield>
    <subfield code="d">OCLCG</subfield>
    <subfield code="d">DEBBG</subfield>
    <subfield code="d">GBVCP</subfield>
    <subfield code="d">OCLCO</subfield>
    <subfield code="d">OCLCA</subfield>
    <subfield code="d">OCLCF</subfield>
    <subfield code="d">OCLCO</subfield>
    <subfield code="d">OCLCQ</subfield>
  </datafield>
  <datafield tag="019" ind1=" " ind2=" ">
    <subfield code="a">232353122</subfield>
  </datafield>
  <datafield tag="020" ind1=" " ind2=" ">
    <subfield code="a">8816601302</subfield>
  </datafield>
  <datafield tag="020" ind1=" " ind2=" ">
    <subfield code="a">9788816601307</subfield>
  </datafield>
  <datafield tag="035" ind1=" " ind2=" ">
    <subfield code="a">(OCoLC)31376817</subfield>
    <subfield code="z">(OCoLC)232353122</subfield>
  </datafield>
  <datafield tag="041" ind1="1" ind2=" ">
    <subfield code="a">ita</subfield>
    <subfield code="h">eng</subfield>
  </datafield>
  <datafield tag="043" ind1=" " ind2=" ">
    <subfield code="a">e-it---</subfield>
  </datafield>
  <datafield tag="045" ind1=" " ind2=" ">
    <subfield code="a">o0s9</subfield>
  </datafield>
  <datafield tag="050" ind1="0" ind2="0">
    <subfield code="a">ND623.F78</subfield>
    <subfield code="b">A76 1992</subfield>
  </datafield>
  <datafield tag="084" ind1=" " ind2=" ">
    <subfield code="a">LI 30400</subfield>
    <subfield code="2">rvk</subfield>
  </datafield>
  <datafield tag="100" ind1="1" ind2=" ">
    <subfield code="a">Lightbown, R. W.</subfield>
  </datafield>
  <datafield tag="245" ind1="1" ind2="0">
    <subfield code="a">Viaggio in un capolavoro di Piero della Francesca :</subfield>
    <subfield code="b">la Pala Montefeltro in Brera /</subfield>
    <subfield code="c">Ronald Lightbown.</subfield>
  </datafield>
  <datafield tag="246" ind1="3" ind2=" ">
    <subfield code="a">Piero della Francesca</subfield>
  </datafield>
  <datafield tag="250" ind1=" " ind2=" ">
    <subfield code="a">1. ed. italiana.</subfield>
  </datafield>
  <datafield tag="260" ind1=" " ind2=" ">
    <subfield code="a">Milano :</subfield>
    <subfield code="b">Jaca Book,</subfield>
    <subfield code="c">1992.</subfield>
  </datafield>
  <datafield tag="300" ind1=" " ind2=" ">
    <subfield code="a">76 pages :</subfield>
    <subfield code="b">illustrations (some color), maps ;</subfield>
    <subfield code="c">33 cm.</subfield>
  </datafield>
  <datafield tag="336" ind1=" " ind2=" ">
    <subfield code="a">text</subfield>
    <subfield code="b">txt</subfield>
    <subfield code="2">rdacontent</subfield>
  </datafield>
  <datafield tag="337" ind1=" " ind2=" ">
    <subfield code="a">unmediated</subfield>
    <subfield code="b">n</subfield>
    <subfield code="2">rdamedia</subfield>
  </datafield>
  <datafield tag="338" ind1=" " ind2=" ">
    <subfield code="a">volume</subfield>
    <subfield code="b">nc</subfield>
    <subfield code="2">rdacarrier</subfield>
  </datafield>
  <datafield tag="490" ind1="1" ind2=" ">
    <subfield code="a">Piccola biblioteca di introduzione all'arte e agli artisti ;</subfield>
    <subfield code="v">3</subfield>
  </datafield>
  <datafield tag="500" ind1=" " ind2=" ">
    <subfield code="a">Translated from the English.</subfield>
  </datafield>
  <datafield tag="500" ind1=" " ind2=" ">
    <subfield code="a">Spine title: Piero della Francesca.</subfield>
  </datafield>
  <datafield tag="504" ind1=" " ind2=" ">
    <subfield code="a">Includes bibliographical references (pages 35-37).</subfield>
  </datafield>
  <datafield tag="600" ind1="0" ind2="0">
    <subfield code="a">Piero,</subfield>
    <subfield code="c">della Francesca,</subfield>
    <subfield code="d">1416?-1492.</subfield>
    <subfield code="t">Montefeltro altar.</subfield>
  </datafield>
  <datafield tag="600" ind1="0" ind2="0">
    <subfield code="a">Mary,</subfield>
    <subfield code="c">Blessed Virgin, Saint</subfield>
    <subfield code="v">Art.</subfield>
  </datafield>
  <datafield tag="600" ind1="0" ind2="0">
    <subfield code="a">Jesus Christ</subfield>
    <subfield code="v">Art.</subfield>
  </datafield>
  <datafield tag="600" ind1="0" ind2="0">
    <subfield code="a">Federico,</subfield>
    <subfield code="c">da Montefeltro, Duke of Urbino,</subfield>
    <subfield code="d">1422-1482</subfield>
    <subfield code="x">Art patronage.</subfield>
  </datafield>
  <datafield tag="650" ind1=" " ind2="0">
    <subfield code="a">Panel painting, Renaissance</subfield>
    <subfield code="z">Italy.</subfield>
  </datafield>
  <datafield tag="600" ind1="0" ind2="7">
    <subfield code="a">Federico,</subfield>
    <subfield code="c">da Montefeltro, Duke of Urbino,</subfield>
    <subfield code="d">1422-1482</subfield>
    <subfield code="2">fast</subfield>
    <subfield code="0">(OCoLC)fst00037201</subfield>
  </datafield>
  <datafield tag="600" ind1="0" ind2="7">
    <subfield code="a">Jesus Christ.</subfield>
    <subfield code="2">fast</subfield>
    <subfield code="0">(OCoLC)fst00040116</subfield>
  </datafield>
  <datafield tag="600" ind1="0" ind2="7">
    <subfield code="a">Mary,</subfield>
    <subfield code="c">Blessed Virgin, Saint.</subfield>
    <subfield code="2">fast</subfield>
    <subfield code="0">(OCoLC)fst00068107</subfield>
  </datafield>
  <datafield tag="630" ind1="0" ind2="7">
    <subfield code="a">Montefeltro altar (Piero, della Francesca)</subfield>
    <subfield code="2">fast</subfield>
    <subfield code="0">(OCoLC)fst01383089</subfield>
  </datafield>
  <datafield tag="650" ind1=" " ind2="7">
    <subfield code="a">Art patronage.</subfield>
    <subfield code="2">fast</subfield>
    <subfield code="0">(OCoLC)fst00815756</subfield>
  </datafield>
  <datafield tag="650" ind1=" " ind2="7">
    <subfield code="a">Panel painting, Renaissance.</subfield>
    <subfield code="2">fast</subfield>
    <subfield code="0">(OCoLC)fst01052076</subfield>
  </datafield>
  <datafield tag="651" ind1=" " ind2="7">
    <subfield code="a">Italy.</subfield>
    <subfield code="2">fast</subfield>
    <subfield code="0">(OCoLC)fst01204565</subfield>
  </datafield>
  <datafield tag="600" ind1="1" ind2="7">
    <subfield code="a">Piero (della Francesca)</subfield>
    <subfield code="2">swd</subfield>
  </datafield>
  <datafield tag="600" ind1="1" ind2="7">
    <subfield code="a">Piero (della Francesca).</subfield>
    <subfield code="t">Madonna mit Heiligen und Federigo da Montefeltro als Stifter.</subfield>
    <subfield code="2">swd</subfield>
  </datafield>
  <datafield tag="650" ind1="0" ind2="7">
    <subfield code="a">Altar.</subfield>
    <subfield code="2">swd</subfield>
  </datafield>
  <datafield tag="651" ind1=" " ind2="7">
    <subfield code="a">Urbino</subfield>
    <subfield code="x">San Bernardino.</subfield>
    <subfield code="2">swd</subfield>
  </datafield>
  <datafield tag="653" ind1=" " ind2="0">
    <subfield code="a">Federico</subfield>
    <subfield code="a">da Montefeltro, Duke of Urbino</subfield>
    <subfield code="a">1422-1482</subfield>
    <subfield code="a">Art patronage</subfield>
  </datafield>
  <datafield tag="653" ind1=" " ind2="0">
    <subfield code="a">Jesus Christ</subfield>
    <subfield code="a">Art</subfield>
  </datafield>
  <datafield tag="653" ind1=" " ind2="0">
    <subfield code="a">Mary</subfield>
    <subfield code="a">Blessed Virgin, Saint</subfield>
    <subfield code="a">Art</subfield>
  </datafield>
  <datafield tag="653" ind1=" " ind2="0">
    <subfield code="a">Panel painting, Renaissance</subfield>
    <subfield code="a">Italy</subfield>
  </datafield>
  <datafield tag="653" ind1=" " ind2="0">
    <subfield code="a">Piero</subfield>
    <subfield code="a">della Francesca</subfield>
    <subfield code="a">1416?-1492</subfield>
    <subfield code="a">Montefeltro altar</subfield>
  </datafield>
  <datafield tag="655" ind1=" " ind2="7">
    <subfield code="a">Art.</subfield>
    <subfield code="2">fast</subfield>
    <subfield code="0">(OCoLC)fst01423702</subfield>
  </datafield>
  <datafield tag="700" ind1="0" ind2=" ">
    <subfield code="a">Piero,</subfield>
    <subfield code="c">della Francesca,</subfield>
    <subfield code="d">1416?-1492.</subfield>
  </datafield>
  <datafield tag="710" ind1="2" ind2=" ">
    <subfield code="a">Pinacoteca di Brera.</subfield>
  </datafield>
  <datafield tag="830" ind1=" " ind2="0">
    <subfield code="a">Piccola biblioteca di introduzione all'arte e agli artisti ;</subfield>
    <subfield code="v">3.</subfield>
  </datafield>
  
  
  
  
  
  
  
  
  
  
  
</record>