<record xmlns="http://www.loc.gov/MARC21/slim" xmlns:zs="http://docs.oasis-open.org/ns/search-ws/sruResponse">
  <leader>01537cam a2200421Ii 4500</leader>
  <controlfield tag="001">ocm46470129 </controlfield>
  <controlfield tag="003">OCoLC</controlfield>
  <controlfield tag="005">20160311225148.0</controlfield>
  <controlfield tag="008">010214s2000    fr a     b    000 0 fre d</controlfield>
  <datafield tag="040" ind1=" " ind2=" ">
    <subfield code="a">TZT</subfield>
    <subfield code="b">eng</subfield>
    <subfield code="c">TZT</subfield>
    <subfield code="d">IXA</subfield>
    <subfield code="d">OCLCQ</subfield>
    <subfield code="d">LVB</subfield>
    <subfield code="d">OCLCQ</subfield>
    <subfield code="d">OCLCF</subfield>
    <subfield code="d">OCLCQ</subfield>
    <subfield code="d">OCLCO</subfield>
  </datafield>
  <datafield tag="020" ind1=" " ind2=" ">
    <subfield code="a">2706814691</subfield>
  </datafield>
  <datafield tag="020" ind1=" " ind2=" ">
    <subfield code="a">9782706814693</subfield>
  </datafield>
  <datafield tag="020" ind1=" " ind2=" ">
    <subfield code="a">2911296052</subfield>
  </datafield>
  <datafield tag="020" ind1=" " ind2=" ">
    <subfield code="a">9782911296055</subfield>
  </datafield>
  <datafield tag="035" ind1=" " ind2=" ">
    <subfield code="a">(OCoLC)46470129</subfield>
  </datafield>
  <datafield tag="050" ind1=" " ind2="4">
    <subfield code="a">PN1111</subfield>
    <subfield code="b">.P647 2000</subfield>
  </datafield>
  <datafield tag="072" ind1=" " ind2="7">
    <subfield code="a">PN</subfield>
    <subfield code="2">lcco</subfield>
  </datafield>
  <datafield tag="082" ind1="1" ind2="4">
    <subfield code="a">800</subfield>
    <subfield code="2">1</subfield>
  </datafield>
  <datafield tag="245" ind1="0" ind2="0">
    <subfield code="a">Poésie :</subfield>
    <subfield code="b">Technique, métaphysique, forme, sens /</subfield>
    <subfield code="c">[direction Abdelwahab Meddeb ; Abdelwahab Meddeb, Henri Michaux, Wallace Stevens and others].</subfield>
  </datafield>
  <datafield tag="260" ind1=" " ind2=" ">
    <subfield code="a">Paris :</subfield>
    <subfield code="b">Maisonneuve &amp; Larose ;</subfield>
    <subfield code="a">Paris :</subfield>
    <subfield code="b">Dédale en Méditerranée,</subfield>
    <subfield code="c">2000.</subfield>
  </datafield>
  <datafield tag="300" ind1=" " ind2=" ">
    <subfield code="a">669 pages :</subfield>
    <subfield code="b">illustrations ;</subfield>
    <subfield code="c">24 cm.</subfield>
  </datafield>
  <datafield tag="336" ind1=" " ind2=" ">
    <subfield code="a">text</subfield>
    <subfield code="b">txt</subfield>
    <subfield code="2">rdacontent</subfield>
  </datafield>
  <datafield tag="337" ind1=" " ind2=" ">
    <subfield code="a">unmediated</subfield>
    <subfield code="b">n</subfield>
    <subfield code="2">rdamedia</subfield>
  </datafield>
  <datafield tag="338" ind1=" " ind2=" ">
    <subfield code="a">volume</subfield>
    <subfield code="b">nc</subfield>
    <subfield code="2">rdacarrier</subfield>
  </datafield>
  <datafield tag="490" ind1="1" ind2=" ">
    <subfield code="a">Dédale,</subfield>
    <subfield code="x">1266-2267 ;</subfield>
    <subfield code="v">no. 11-12</subfield>
  </datafield>
  <datafield tag="500" ind1=" " ind2=" ">
    <subfield code="a">Cover title.</subfield>
  </datafield>
  <datafield tag="504" ind1=" " ind2=" ">
    <subfield code="a">Includes bibliographical references.</subfield>
  </datafield>
  <datafield tag="650" ind1=" " ind2="0">
    <subfield code="a">Poetry</subfield>
    <subfield code="x">Criticism and interpretation.</subfield>
  </datafield>
  <datafield tag="650" ind1=" " ind2="6">
    <subfield code="a">Poésie</subfield>
    <subfield code="x">Critique et interprétation.</subfield>
  </datafield>
  <datafield tag="650" ind1=" " ind2="7">
    <subfield code="a">Poetry.</subfield>
    <subfield code="2">fast</subfield>
    <subfield code="0">(OCoLC)fst01067691</subfield>
  </datafield>
  <datafield tag="653" ind1=" " ind2=" ">
    <subfield code="a">Poetry</subfield>
    <subfield code="a">Criticism</subfield>
  </datafield>
  <datafield tag="655" ind1=" " ind2="7">
    <subfield code="a">Criticism, interpretation, etc.</subfield>
    <subfield code="2">fast</subfield>
    <subfield code="0">(OCoLC)fst01411635</subfield>
  </datafield>
  <datafield tag="700" ind1="1" ind2=" ">
    <subfield code="a">Meddeb, Abdelwahab.</subfield>
  </datafield>
  <datafield tag="830" ind1=" " ind2="0">
    <subfield code="a">Dédale (Maisonneuve &amp; Larose) ;</subfield>
    <subfield code="v">no. 11-12.</subfield>
  </datafield>
  
  
  
  
</record>