<record xmlns="http://www.loc.gov/MARC21/slim" xmlns:zs="http://docs.oasis-open.org/ns/search-ws/sruResponse">
  <leader>01996cam a2200457 a 4500</leader>
  <controlfield tag="001">ocm24027907 </controlfield>
  <controlfield tag="003">OCoLC</controlfield>
  <controlfield tag="005">20160311225351.0</controlfield>
  <controlfield tag="008">920130s1988    cc abf   b    000 0 chi  </controlfield>
  <datafield tag="010" ind1=" " ind2=" ">
    <subfield code="a">   90227369 </subfield>
  </datafield>
  <datafield tag="040" ind1=" " ind2=" ">
    <subfield code="a">DLC-R</subfield>
    <subfield code="b">eng</subfield>
    <subfield code="c">DLC</subfield>
    <subfield code="d">OCLCO</subfield>
    <subfield code="d">OCLCF</subfield>
    <subfield code="d">HUA</subfield>
    <subfield code="d">OCLCQ</subfield>
  </datafield>
  <datafield tag="066" ind1=" " ind2=" ">
    <subfield code="c">$1</subfield>
  </datafield>
  <datafield tag="020" ind1=" " ind2=" ">
    <subfield code="a">7506000261</subfield>
  </datafield>
  <datafield tag="020" ind1=" " ind2=" ">
    <subfield code="a">9787506000260</subfield>
  </datafield>
  <datafield tag="035" ind1=" " ind2=" ">
    <subfield code="a">(OCoLC)24027907</subfield>
  </datafield>
  <datafield tag="050" ind1="0" ind2="0">
    <subfield code="a">D16.8</subfield>
    <subfield code="b">.C538 1988</subfield>
  </datafield>
  <datafield tag="082" ind1="0" ind2="0">
    <subfield code="a">901</subfield>
    <subfield code="2">20</subfield>
  </datafield>
  <datafield tag="100" ind1="1" ind2=" ">
    <subfield code="6">880-01</subfield>
    <subfield code="a">Chen, Lemin,</subfield>
    <subfield code="d">1930-2008.</subfield>
  </datafield>
  <datafield tag="245" ind1="1" ind2="0">
    <subfield code="6">880-02</subfield>
    <subfield code="a">"Ou Zhou guan nian" de li shi zhe xue /</subfield>
    <subfield code="c">Chen Lemin.</subfield>
  </datafield>
  <datafield tag="250" ind1=" " ind2=" ">
    <subfield code="6">880-03</subfield>
    <subfield code="a">Di 1 ban.</subfield>
  </datafield>
  <datafield tag="260" ind1=" " ind2=" ">
    <subfield code="6">880-04</subfield>
    <subfield code="a">Beijing :</subfield>
    <subfield code="b">Dong fang chu ban she :</subfield>
    <subfield code="b">Jing xiao Xin hua shu dian,</subfield>
    <subfield code="c">1988.</subfield>
  </datafield>
  <datafield tag="300" ind1=" " ind2=" ">
    <subfield code="a">3, 3, 296 pages, [7] pages of plates :</subfield>
    <subfield code="b">illustrations, maps ;</subfield>
    <subfield code="c">19 cm</subfield>
  </datafield>
  <datafield tag="336" ind1=" " ind2=" ">
    <subfield code="a">text</subfield>
    <subfield code="b">txt</subfield>
    <subfield code="2">rdacontent</subfield>
  </datafield>
  <datafield tag="337" ind1=" " ind2=" ">
    <subfield code="a">unmediated</subfield>
    <subfield code="b">n</subfield>
    <subfield code="2">rdamedia</subfield>
  </datafield>
  <datafield tag="338" ind1=" " ind2=" ">
    <subfield code="a">volume</subfield>
    <subfield code="b">nc</subfield>
    <subfield code="2">rdacarrier</subfield>
  </datafield>
  <datafield tag="500" ind1=" " ind2=" ">
    <subfield code="a">Colophon title also in pinyin: "Ouzhouguannian" de lishi zhexue.</subfield>
  </datafield>
  <datafield tag="504" ind1=" " ind2=" ">
    <subfield code="a">Includes bibliographical references (pages 290-296).</subfield>
  </datafield>
  <datafield tag="650" ind1=" " ind2="0">
    <subfield code="a">History</subfield>
    <subfield code="x">Philosophy.</subfield>
  </datafield>
  <datafield tag="650" ind1=" " ind2="7">
    <subfield code="a">History</subfield>
    <subfield code="x">Philosophy.</subfield>
    <subfield code="2">fast</subfield>
    <subfield code="0">(OCoLC)fst00958266</subfield>
  </datafield>
  <datafield tag="740" ind1="0" ind2=" ">
    <subfield code="a">"Ouzhouguannian" de lishi zhexue.</subfield>
  </datafield>
  <datafield tag="776" ind1="0" ind2="8">
    <subfield code="i">Online version:</subfield>
    <subfield code="a">Chen, Lemin.</subfield>
    <subfield code="t">"Ouzhou guan nian" de li shi zhe xue.</subfield>
    <subfield code="b">Di 1 ban.</subfield>
    <subfield code="d">Beijing : Dong fang chu ban she : Jing xiao Xin hua shu dian, 1988</subfield>
    <subfield code="w">(OCoLC)609322807</subfield>
  </datafield>
  <datafield tag="880" ind1="1" ind2=" ">
    <subfield code="6">100-01/$1</subfield>
    <subfield code="a">陈乐民,</subfield>
    <subfield code="d">1930-2008.</subfield>
  </datafield>
  <datafield tag="880" ind1="1" ind2="0">
    <subfield code="6">245-02/$1</subfield>
    <subfield code="a">"欧洲观念" 的历史哲学 /</subfield>
    <subfield code="c">陈乐民.</subfield>
  </datafield>
  <datafield tag="880" ind1=" " ind2=" ">
    <subfield code="6">250-03/$1</subfield>
    <subfield code="a">第1版.</subfield>
  </datafield>
  <datafield tag="880" ind1=" " ind2=" ">
    <subfield code="6">260-04/$1</subfield>
    <subfield code="a">北京 :</subfield>
    <subfield code="b">东方出版社 :</subfield>
    <subfield code="b">经销新华书店,</subfield>
    <subfield code="c">1988.</subfield>
  </datafield>
  
  
  
  
  
  
</record>