<record xmlns="http://www.loc.gov/MARC21/slim" xmlns:zs="http://docs.oasis-open.org/ns/search-ws/sruResponse">
  <leader>01804cam a2200481Ka 4500</leader>
  <controlfield tag="001">ocn654524526</controlfield>
  <controlfield tag="003">OCoLC</controlfield>
  <controlfield tag="005">20160311223956.0</controlfield>
  <controlfield tag="008">100809s1990    fr      ob    000 0 fre d</controlfield>
  <controlfield tag="006">m     o  d        </controlfield>
  <controlfield tag="007">cr un||a|a||||</controlfield>
  <datafield tag="040" ind1=" " ind2=" ">
    <subfield code="a">OCLCE</subfield>
    <subfield code="b">eng</subfield>
    <subfield code="e">pn</subfield>
    <subfield code="c">OCLCE</subfield>
    <subfield code="d">OCLCQ</subfield>
    <subfield code="d">OCLCF</subfield>
    <subfield code="d">OCLCO</subfield>
  </datafield>
  <datafield tag="020" ind1=" " ind2=" ">
    <subfield code="z">271860364X</subfield>
  </datafield>
  <datafield tag="020" ind1=" " ind2=" ">
    <subfield code="z">9782718603643</subfield>
  </datafield>
  <datafield tag="035" ind1=" " ind2=" ">
    <subfield code="a">(OCoLC)654524526</subfield>
  </datafield>
  <datafield tag="041" ind1="1" ind2=" ">
    <subfield code="a">fre</subfield>
    <subfield code="h">eng</subfield>
  </datafield>
  <datafield tag="050" ind1=" " ind2="4">
    <subfield code="a">PN98.D43</subfield>
    <subfield code="b">D4 1990</subfield>
  </datafield>
  <datafield tag="084" ind1=" " ind2=" ">
    <subfield code="a">08.34</subfield>
    <subfield code="2">bcl</subfield>
  </datafield>
  <datafield tag="100" ind1="1" ind2=" ">
    <subfield code="a">Derrida, Jacques.</subfield>
  </datafield>
  <datafield tag="240" ind1="1" ind2="0">
    <subfield code="a">Limited Inc.</subfield>
    <subfield code="l">French</subfield>
  </datafield>
  <datafield tag="245" ind1="1" ind2="0">
    <subfield code="a">Limited Inc</subfield>
    <subfield code="h">[electronic resource] /</subfield>
    <subfield code="c">Jacques Derrida ; présentation et traductions par Elisabeth Weber.</subfield>
  </datafield>
  <datafield tag="260" ind1=" " ind2=" ">
    <subfield code="a">Paris :</subfield>
    <subfield code="b">Galilée,</subfield>
    <subfield code="c">©1990.</subfield>
  </datafield>
  <datafield tag="300" ind1=" " ind2=" ">
    <subfield code="a">1 online resource (284 pages).</subfield>
  </datafield>
  <datafield tag="336" ind1=" " ind2=" ">
    <subfield code="a">text</subfield>
    <subfield code="b">txt</subfield>
    <subfield code="2">rdacontent</subfield>
  </datafield>
  <datafield tag="337" ind1=" " ind2=" ">
    <subfield code="a">computer</subfield>
    <subfield code="b">c</subfield>
    <subfield code="2">rdamedia</subfield>
  </datafield>
  <datafield tag="338" ind1=" " ind2=" ">
    <subfield code="a">online resource</subfield>
    <subfield code="b">cr</subfield>
    <subfield code="2">rdacarrier</subfield>
  </datafield>
  <datafield tag="490" ind1="1" ind2=" ">
    <subfield code="a">Collection La Philosophie en effet,</subfield>
    <subfield code="x">0768-2395</subfield>
  </datafield>
  <datafield tag="500" ind1=" " ind2=" ">
    <subfield code="a">"Ce livre est l'exacte réplique de celui qui parut en anglais, il y a dix-huit mois, aux Etats-Unis"--Page 9.</subfield>
  </datafield>
  <datafield tag="504" ind1=" " ind2=" ">
    <subfield code="a">Includes bibliographical references.</subfield>
  </datafield>
  <datafield tag="588" ind1=" " ind2=" ">
    <subfield code="a">Description based on print version record.</subfield>
  </datafield>
  <datafield tag="650" ind1=" " ind2="0">
    <subfield code="a">Deconstruction.</subfield>
  </datafield>
  <datafield tag="650" ind1=" " ind2="6">
    <subfield code="a">Déconstruction.</subfield>
  </datafield>
  <datafield tag="650" ind1=" " ind2="6">
    <subfield code="a">Langage et langues</subfield>
    <subfield code="x">Philosophie.</subfield>
  </datafield>
  <datafield tag="650" ind1="1" ind2="7">
    <subfield code="a">Taalhandelingen.</subfield>
    <subfield code="2">gtt</subfield>
  </datafield>
  <datafield tag="650" ind1="1" ind2="7">
    <subfield code="a">Deconstructie.</subfield>
    <subfield code="2">gtt</subfield>
  </datafield>
  <datafield tag="650" ind1="0" ind2="7">
    <subfield code="a">Sprechakt.</subfield>
    <subfield code="2">swd</subfield>
  </datafield>
  <datafield tag="650" ind1=" " ind2="7">
    <subfield code="a">Deconstruction.</subfield>
    <subfield code="2">fast</subfield>
    <subfield code="0">(OCoLC)fst00889137</subfield>
  </datafield>
  <datafield tag="700" ind1="1" ind2=" ">
    <subfield code="a">Weber, Elisabeth.</subfield>
  </datafield>
  <datafield tag="776" ind1="0" ind2="8">
    <subfield code="i">Print version:</subfield>
    <subfield code="a">Derrida, Jacques.</subfield>
    <subfield code="s">Limited Inc. French.</subfield>
    <subfield code="t">Limited Inc.</subfield>
    <subfield code="d">Paris : Galilée, ©1990</subfield>
    <subfield code="w">(OCoLC)21942378</subfield>
  </datafield>
  <datafield tag="830" ind1=" " ind2="0">
    <subfield code="a">Collection La philosophie en effet.</subfield>
    <subfield code="x">0768-2395</subfield>
  </datafield>
  <datafield tag="856" ind1="4" ind2="0">
    <subfield code="3">Google</subfield>
    <subfield code="u">http://books.google.com/books?id=ADoaAQAAIAAJ</subfield>
  </datafield>
  
  
</record>