<record xmlns="http://www.loc.gov/MARC21/slim" xmlns:zs="http://docs.oasis-open.org/ns/search-ws/sruResponse">
  <leader>02487cam a2200565Ia 4500</leader>
  <controlfield tag="001">ocm36036949 </controlfield>
  <controlfield tag="003">OCoLC</controlfield>
  <controlfield tag="005">20160311222601.0</controlfield>
  <controlfield tag="008">961205s1996    fr       b    000 0 fre d</controlfield>
  <datafield tag="040" ind1=" " ind2=" ">
    <subfield code="a">SRT</subfield>
    <subfield code="b">fre</subfield>
    <subfield code="c">SRT</subfield>
    <subfield code="d">WCM</subfield>
    <subfield code="d">FUG</subfield>
    <subfield code="d">OCLCQ</subfield>
    <subfield code="d">LVB</subfield>
    <subfield code="d">FRBML</subfield>
    <subfield code="d">CHRRO</subfield>
    <subfield code="d">BDF</subfield>
    <subfield code="d">OCLCF</subfield>
    <subfield code="d">OCLCQ</subfield>
    <subfield code="d">OCLCO</subfield>
    <subfield code="d">DEBSZ</subfield>
  </datafield>
  <datafield tag="016" ind1="7" ind2=" ">
    <subfield code="a">FRBNF361580660000003</subfield>
    <subfield code="2">FrPBN</subfield>
  </datafield>
  <datafield tag="020" ind1=" " ind2=" ">
    <subfield code="a">2130477461</subfield>
  </datafield>
  <datafield tag="020" ind1=" " ind2=" ">
    <subfield code="a">9782130477464</subfield>
  </datafield>
  <datafield tag="035" ind1=" " ind2=" ">
    <subfield code="a">(OCoLC)36036949</subfield>
  </datafield>
  <datafield tag="043" ind1=" " ind2=" ">
    <subfield code="a">e-fr---</subfield>
  </datafield>
  <datafield tag="050" ind1=" " ind2="4">
    <subfield code="a">PQ652</subfield>
    <subfield code="b">.B4 1996</subfield>
  </datafield>
  <datafield tag="082" ind1="0" ind2="4">
    <subfield code="a">840.1</subfield>
    <subfield code="b">BEL</subfield>
  </datafield>
  <datafield tag="100" ind1="1" ind2=" ">
    <subfield code="a">Bellemin-Noël, Jean.</subfield>
  </datafield>
  <datafield tag="245" ind1="1" ind2="0">
    <subfield code="a">Vers l'inconscient du texte :</subfield>
    <subfield code="b">essais /</subfield>
    <subfield code="c">Jean Bellemin-Noël.</subfield>
  </datafield>
  <datafield tag="250" ind1=" " ind2=" ">
    <subfield code="a">Nouv. éd. rev. et augm.</subfield>
  </datafield>
  <datafield tag="260" ind1=" " ind2=" ">
    <subfield code="a">Paris :</subfield>
    <subfield code="b">Presses universitaires de France,</subfield>
    <subfield code="c">©1996.</subfield>
  </datafield>
  <datafield tag="300" ind1=" " ind2=" ">
    <subfield code="a">276 p. ;</subfield>
    <subfield code="c">19 cm.</subfield>
  </datafield>
  <datafield tag="490" ind1="1" ind2=" ">
    <subfield code="a">Quadrige (Presses universitaires de France) ;</subfield>
    <subfield code="v">210</subfield>
  </datafield>
  <datafield tag="504" ind1=" " ind2=" ">
    <subfield code="a">Includes bibliographical references.</subfield>
  </datafield>
  <datafield tag="650" ind1=" " ind2="0">
    <subfield code="a">French literature</subfield>
    <subfield code="y">19th century</subfield>
    <subfield code="x">History and criticism.</subfield>
  </datafield>
  <datafield tag="650" ind1=" " ind2="0">
    <subfield code="a">Psychoanalysis and literature</subfield>
    <subfield code="z">France.</subfield>
  </datafield>
  <datafield tag="650" ind1=" " ind2="4">
    <subfield code="a">Création littéraire, artistique, etc.</subfield>
    <subfield code="x">Aspect psychologique.</subfield>
  </datafield>
  <datafield tag="650" ind1=" " ind2="6">
    <subfield code="a">Psychanalyse et littérature.</subfield>
  </datafield>
  <datafield tag="650" ind1=" " ind2="6">
    <subfield code="a">Inconscient dans la littérature.</subfield>
  </datafield>
  <datafield tag="650" ind1=" " ind2="7">
    <subfield code="a">French literature.</subfield>
    <subfield code="2">fast</subfield>
    <subfield code="0">(OCoLC)fst00934688</subfield>
  </datafield>
  <datafield tag="650" ind1=" " ind2="7">
    <subfield code="a">Psychoanalysis and literature.</subfield>
    <subfield code="2">fast</subfield>
    <subfield code="0">(OCoLC)fst01081273</subfield>
  </datafield>
  <datafield tag="651" ind1=" " ind2="7">
    <subfield code="a">France.</subfield>
    <subfield code="2">fast</subfield>
    <subfield code="0">(OCoLC)fst01204289</subfield>
  </datafield>
  <datafield tag="650" ind1=" " ind2="7">
    <subfield code="a">Littérature française</subfield>
    <subfield code="y">19e siècle</subfield>
    <subfield code="x">Histoire et critique.</subfield>
    <subfield code="2">ram</subfield>
  </datafield>
  <datafield tag="650" ind1=" " ind2="7">
    <subfield code="a">Psychanalyse et littérature.</subfield>
    <subfield code="2">ram</subfield>
  </datafield>
  <datafield tag="650" ind1=" " ind2="7">
    <subfield code="a">créativité</subfield>
    <subfield code="x">littérature.</subfield>
    <subfield code="2">rero</subfield>
  </datafield>
  <datafield tag="650" ind1=" " ind2="7">
    <subfield code="a">littérature</subfield>
    <subfield code="x">texte.</subfield>
    <subfield code="2">rero</subfield>
  </datafield>
  <datafield tag="648" ind1=" " ind2="7">
    <subfield code="a">1800 - 1899</subfield>
    <subfield code="2">fast</subfield>
  </datafield>
  <datafield tag="655" ind1=" " ind2="7">
    <subfield code="a">Criticism, interpretation, etc.</subfield>
    <subfield code="2">fast</subfield>
    <subfield code="0">(OCoLC)fst01411635</subfield>
  </datafield>
  <datafield tag="830" ind1=" " ind2="0">
    <subfield code="a">Quadrige (Presses universitaires de France) ;</subfield>
    <subfield code="v">210.</subfield>
  </datafield>
  <datafield tag="856" ind1="4" ind2="2">
    <subfield code="3">Notice et cote du catalogue de la Bibliothèque nationale de France</subfield>
    <subfield code="u">http://catalogue.bnf.fr/ark:/12148/cb361580668</subfield>
  </datafield>
  <datafield tag="856" ind1="4" ind2=" ">
    <subfield code="3">Inhaltsverzeichnis</subfield>
    <subfield code="u">http://digitool.hbz-nrw.de:1801/webclient/DeliveryManager?pid=2739661&amp;custom%5Fatt%5F2=simple%5Fviewer</subfield>
    <subfield code="y">Vers l&amp;apos;inconscient du texte</subfield>
  </datafield>
  
  
  
  
  
  
  
  
  
</record>