<record xmlns="http://www.loc.gov/MARC21/slim" xmlns:zs="http://docs.oasis-open.org/ns/search-ws/sruResponse">
  <leader>01480cam a2200421Mi 4500</leader>
  <controlfield tag="001">ocn490076030</controlfield>
  <controlfield tag="003">OCoLC</controlfield>
  <controlfield tag="005">20160311223524.0</controlfield>
  <controlfield tag="008">940228t19911991fr     f      001 0 fre d</controlfield>
  <datafield tag="040" ind1=" " ind2=" ">
    <subfield code="a">ZWZ</subfield>
    <subfield code="b">fre</subfield>
    <subfield code="e">ncafnor</subfield>
    <subfield code="c">ZWZ</subfield>
    <subfield code="d">CNMON</subfield>
    <subfield code="d">OCLCO</subfield>
    <subfield code="d">OCLCF</subfield>
  </datafield>
  <datafield tag="020" ind1=" " ind2=" ">
    <subfield code="a">2070721337 (br)</subfield>
  </datafield>
  <datafield tag="020" ind1=" " ind2=" ">
    <subfield code="a">9782070721337 (br)</subfield>
  </datafield>
  <datafield tag="035" ind1=" " ind2=" ">
    <subfield code="a">(OCoLC)490076030</subfield>
  </datafield>
  <datafield tag="041" ind1="1" ind2=" ">
    <subfield code="a">fre</subfield>
    <subfield code="h">eng</subfield>
  </datafield>
  <datafield tag="050" ind1=" " ind2="4">
    <subfield code="a">BH39</subfield>
    <subfield code="b">.S8314 1991</subfield>
  </datafield>
  <datafield tag="082" ind1="0" ind2="4">
    <subfield code="a">809.933</subfield>
  </datafield>
  <datafield tag="100" ind1="1" ind2=" ">
    <subfield code="a">Steiner, George</subfield>
    <subfield code="d">(1929-....).</subfield>
    <subfield code="4">aut</subfield>
  </datafield>
  <datafield tag="245" ind1="1" ind2="0">
    <subfield code="a">Réelles présences</subfield>
    <subfield code="h">[Texte imprimé] :</subfield>
    <subfield code="b">les arts du sens /</subfield>
    <subfield code="c">George Steiner ; traduit de l'anglais par Michel R. de Pauw.</subfield>
  </datafield>
  <datafield tag="260" ind1=" " ind2=" ">
    <subfield code="a">Paris :</subfield>
    <subfield code="b">Gallimard,</subfield>
    <subfield code="c">cop. 1991.</subfield>
  </datafield>
  <datafield tag="300" ind1=" " ind2=" ">
    <subfield code="a">1 vol. (280 p.) ;</subfield>
    <subfield code="c">21 cm.</subfield>
  </datafield>
  <datafield tag="490" ind1="0" ind2=" ">
    <subfield code="a">NRF Essais</subfield>
  </datafield>
  <datafield tag="500" ind1=" " ind2=" ">
    <subfield code="a">Trad. de : "Real presences : is there anything in what we say ?</subfield>
  </datafield>
  <datafield tag="500" ind1=" " ind2=" ">
    <subfield code="a">Autre(s) tirage(s) : 1992, 1993.</subfield>
  </datafield>
  <datafield tag="500" ind1=" " ind2=" ">
    <subfield code="a">Cop. Gallimard 1991 pour l'édition française et l'avant propos.</subfield>
  </datafield>
  <datafield tag="504" ind1=" " ind2=" ">
    <subfield code="a">Index.</subfield>
  </datafield>
  <datafield tag="650" ind1=" " ind2="7">
    <subfield code="a">Art</subfield>
    <subfield code="x">Appréciation.</subfield>
    <subfield code="2">ram</subfield>
  </datafield>
  <datafield tag="650" ind1=" " ind2="7">
    <subfield code="a">Art</subfield>
    <subfield code="x">Philosophie.</subfield>
    <subfield code="2">ram</subfield>
  </datafield>
  <datafield tag="650" ind1=" " ind2="7">
    <subfield code="a">Esthétique.</subfield>
    <subfield code="2">ram</subfield>
  </datafield>
  <datafield tag="650" ind1=" " ind2="7">
    <subfield code="a">Jugement esthétique.</subfield>
    <subfield code="2">ram</subfield>
  </datafield>
  <datafield tag="650" ind1=" " ind2="0">
    <subfield code="a">Aesthetics.</subfield>
  </datafield>
  <datafield tag="650" ind1=" " ind2="0">
    <subfield code="a">Arts</subfield>
    <subfield code="x">Philosophy.</subfield>
  </datafield>
  <datafield tag="650" ind1=" " ind2="7">
    <subfield code="a">Aesthetics.</subfield>
    <subfield code="2">fast</subfield>
    <subfield code="0">(OCoLC)fst00798702</subfield>
  </datafield>
  <datafield tag="650" ind1=" " ind2="7">
    <subfield code="a">Arts</subfield>
    <subfield code="x">Philosophy.</subfield>
    <subfield code="2">fast</subfield>
    <subfield code="0">(OCoLC)fst00817787</subfield>
  </datafield>
  <datafield tag="700" ind1="1" ind2=" ">
    <subfield code="a">Pauw, Michel R. de.</subfield>
    <subfield code="4">trl</subfield>
  </datafield>
  <datafield tag="765" ind1="0" ind2=" ">
    <subfield code="t">Real presences is there anything in what we say ?</subfield>
  </datafield>
  <datafield tag="830" ind1=" " ind2="0">
    <subfield code="a">NRF essais.</subfield>
  </datafield>
  
  
</record>