<record xmlns="http://www.loc.gov/MARC21/slim" xmlns:zs="http://docs.oasis-open.org/ns/search-ws/sruResponse">
  <leader>01583cam a2200313Mi 4500</leader>
  <controlfield tag="001">ocn477031426</controlfield>
  <controlfield tag="003">OCoLC</controlfield>
  <controlfield tag="005">20160311223949.0</controlfield>
  <controlfield tag="008">991103s1999    fr            000 0 fre d</controlfield>
  <datafield tag="040" ind1=" " ind2=" ">
    <subfield code="a">TZT</subfield>
    <subfield code="b">fre</subfield>
    <subfield code="c">N15</subfield>
    <subfield code="d">OCLCF</subfield>
    <subfield code="d">OCLCO</subfield>
    <subfield code="d">OCL</subfield>
    <subfield code="d">OCLCO</subfield>
  </datafield>
  <datafield tag="020" ind1=" " ind2=" ">
    <subfield code="a">2742724931</subfield>
  </datafield>
  <datafield tag="020" ind1=" " ind2=" ">
    <subfield code="a">9782742724932</subfield>
  </datafield>
  <datafield tag="035" ind1=" " ind2=" ">
    <subfield code="a">(OCoLC)477031426</subfield>
  </datafield>
  <datafield tag="050" ind1=" " ind2="4">
    <subfield code="a">PN241</subfield>
    <subfield code="b">.A78 1998</subfield>
  </datafield>
  <datafield tag="082" ind1="1" ind2="4">
    <subfield code="a">809</subfield>
    <subfield code="2">1</subfield>
  </datafield>
  <datafield tag="111" ind1="2" ind2=" ">
    <subfield code="a">Assises de la traduction littéraire</subfield>
    <subfield code="n">(15th :</subfield>
    <subfield code="d">1998 :</subfield>
    <subfield code="c">Arles, France)</subfield>
  </datafield>
  <datafield tag="245" ind1="1" ind2="0">
    <subfield code="a">Quinzièmes assises de la traduction littéraire (Arles, 1998)</subfield>
    <subfield code="p">Qu'est-ce qu'une traduction "relevante"? conférence inaugurale : les traducteurs de Jean Rouaud : Une lettre de Rilke à son traducteur : Audiovisuel, traduire au fil des images : Les conditions de travail du traducteur dans le domaine audiovisuel : Ateliers de langues, atelier d'écriture /</subfield>
    <subfield code="c">[textes de] Jacques Derrida, Gérald Stieg ; avec la participation de Philippe Bataillon, Didier Beaudet, Geoffrey Bennington... [et al.].</subfield>
  </datafield>
  <datafield tag="250" ind1=" " ind2=" ">
    <subfield code="a">1re éd.</subfield>
  </datafield>
  <datafield tag="260" ind1=" " ind2=" ">
    <subfield code="a">Arles :</subfield>
    <subfield code="b">Actes sud,</subfield>
    <subfield code="c">1999.</subfield>
  </datafield>
  <datafield tag="300" ind1=" " ind2=" ">
    <subfield code="a">244 p. ;</subfield>
    <subfield code="c">24 cm.</subfield>
  </datafield>
  <datafield tag="650" ind1=" " ind2="0">
    <subfield code="a">Translating and interpreting</subfield>
    <subfield code="v">Congresses.</subfield>
  </datafield>
  <datafield tag="650" ind1=" " ind2="7">
    <subfield code="a">Translating and interpreting.</subfield>
    <subfield code="2">fast</subfield>
    <subfield code="0">(OCoLC)fst01154795</subfield>
  </datafield>
  <datafield tag="655" ind1=" " ind2="7">
    <subfield code="a">Conference papers and proceedings.</subfield>
    <subfield code="2">fast</subfield>
    <subfield code="0">(OCoLC)fst01423772</subfield>
  </datafield>
  <datafield tag="700" ind1="1" ind2=" ">
    <subfield code="a">Derrida, Jacques.</subfield>
  </datafield>
  <datafield tag="700" ind1="1" ind2=" ">
    <subfield code="a">Stieg, Gerald,</subfield>
    <subfield code="d">1941-</subfield>
  </datafield>
  
  
  
  
</record>