<record xmlns="http://www.loc.gov/MARC21/slim" xmlns:zs="http://docs.oasis-open.org/ns/search-ws/sruResponse">
  <leader>01591cam a2200325Mi 4500</leader>
  <controlfield tag="001">ocn835136155</controlfield>
  <controlfield tag="003">OCoLC</controlfield>
  <controlfield tag="005">20160311225538.0</controlfield>
  <controlfield tag="008">121129s1984    fr a   g c    000 0dfre d</controlfield>
  <datafield tag="040" ind1=" " ind2=" ">
    <subfield code="a">ZWZ</subfield>
    <subfield code="b">fre</subfield>
    <subfield code="e">ncafnor</subfield>
    <subfield code="c">ZWZ</subfield>
    <subfield code="d">OCLCO</subfield>
    <subfield code="d">OCLCF</subfield>
  </datafield>
  <datafield tag="020" ind1=" " ind2=" ">
    <subfield code="a">2905347007 (br)</subfield>
  </datafield>
  <datafield tag="020" ind1=" " ind2=" ">
    <subfield code="a">9782905347008 (br)</subfield>
  </datafield>
  <datafield tag="035" ind1=" " ind2=" ">
    <subfield code="a">(OCoLC)835136155</subfield>
  </datafield>
  <datafield tag="041" ind1="1" ind2=" ">
    <subfield code="a">fre</subfield>
    <subfield code="a">eng</subfield>
  </datafield>
  <datafield tag="050" ind1=" " ind2="4">
    <subfield code="a">NC248.T58</subfield>
    <subfield code="b">A4 1984</subfield>
  </datafield>
  <datafield tag="245" ind1="0" ind2="0">
    <subfield code="a">Gérard Titus-Carmel</subfield>
    <subfield code="h">[Texte imprimé] :</subfield>
    <subfield code="b">(fragments) : quarante-sept dessins de 1968 à 1984 : [exposition], Centre de développement culturel, Galerie de l'ancienne poste, Calais, [22 septembre-4 novembre 1984] /</subfield>
    <subfield code="c">annotés par Gérard Durozoi.</subfield>
  </datafield>
  <datafield tag="260" ind1=" " ind2=" ">
    <subfield code="a">Calais :</subfield>
    <subfield code="b">Centre de développement culturel, Galerie de l'ancienne poste,</subfield>
    <subfield code="c">1984.</subfield>
  </datafield>
  <datafield tag="300" ind1=" " ind2=" ">
    <subfield code="a">1 vol. (53 p.) :</subfield>
    <subfield code="b">ill., couv. ill. ;</subfield>
    <subfield code="c">30 cm.</subfield>
  </datafield>
  <datafield tag="500" ind1=" " ind2=" ">
    <subfield code="a">Texte bilingue en français et anglais.</subfield>
  </datafield>
  <datafield tag="561" ind1=" " ind2=" ">
    <subfield code="a">Don : Bibliothèque Kandinsky. Musée national d'art moderne. Centre Pompidou.</subfield>
  </datafield>
  <datafield tag="600" ind1="1" ind2="7">
    <subfield code="a">Titus-Carmel, Gérard</subfield>
    <subfield code="d">(1942-....)</subfield>
    <subfield code="x">Catalogues d'exposition.</subfield>
    <subfield code="2">ram</subfield>
  </datafield>
  <datafield tag="600" ind1="1" ind2="0">
    <subfield code="a">Titus-Carmel, Gérard,</subfield>
    <subfield code="d">1942-</subfield>
    <subfield code="x">Exhibitions.</subfield>
  </datafield>
  <datafield tag="600" ind1="1" ind2="7">
    <subfield code="a">Titus-Carmel, Gérard,</subfield>
    <subfield code="d">1942-</subfield>
    <subfield code="2">fast</subfield>
    <subfield code="0">(OCoLC)fst00066401</subfield>
  </datafield>
  <datafield tag="655" ind1=" " ind2="7">
    <subfield code="a">Exhibition catalogs.</subfield>
    <subfield code="2">fast</subfield>
    <subfield code="0">(OCoLC)fst01424028</subfield>
  </datafield>
  <datafield tag="700" ind1="1" ind2=" ">
    <subfield code="a">Durozoi, Gérard</subfield>
    <subfield code="d">(1942-....).</subfield>
    <subfield code="e">Éditeur scientifique.</subfield>
  </datafield>
  <datafield tag="710" ind1="2" ind2=" ">
    <subfield code="a">Galerie de l'ancienne poste (Calais, Pas-de-Calais).</subfield>
    <subfield code="e">Éditeur scientifique.</subfield>
  </datafield>
  <datafield tag="730" ind1="0" ind2=" ">
    <subfield code="a">Exposition</subfield>
    <subfield code="g">Calais. Centre de développement culturel, Galerie de l'ancienne poste. 1984.</subfield>
  </datafield>
  
  
  
</record>