<record xmlns="http://www.loc.gov/MARC21/slim" xmlns:zs="http://docs.oasis-open.org/ns/search-ws/sruResponse">
  <leader>01504cam a2200421Ma 4500</leader>
  <controlfield tag="001">ocn300388222</controlfield>
  <controlfield tag="003">OCoLC</controlfield>
  <controlfield tag="005">20160311222742.0</controlfield>
  <controlfield tag="008">810730s1981    fr       b    000 0 fre d</controlfield>
  <datafield tag="040" ind1=" " ind2=" ">
    <subfield code="a">RUQBL</subfield>
    <subfield code="b">fre</subfield>
    <subfield code="c">RUQBL</subfield>
    <subfield code="d">OCLCQ</subfield>
    <subfield code="d">FRBML</subfield>
    <subfield code="d">BDF</subfield>
    <subfield code="d">CHRRO</subfield>
    <subfield code="d">UQ1</subfield>
    <subfield code="d">CDN</subfield>
    <subfield code="d">OCLCO</subfield>
    <subfield code="d">OCLCF</subfield>
  </datafield>
  <datafield tag="016" ind1="7" ind2=" ">
    <subfield code="a">FRBNF346830670000009</subfield>
    <subfield code="2">FrPBN</subfield>
  </datafield>
  <datafield tag="020" ind1=" " ind2=" ">
    <subfield code="a">2246212510</subfield>
  </datafield>
  <datafield tag="020" ind1=" " ind2=" ">
    <subfield code="a">9782246212515</subfield>
  </datafield>
  <datafield tag="035" ind1=" " ind2=" ">
    <subfield code="a">(OCoLC)300388222</subfield>
  </datafield>
  <datafield tag="050" ind1="1" ind2="4">
    <subfield code="a">PQ2637A82</subfield>
    <subfield code="b">Z628</subfield>
  </datafield>
  <datafield tag="055" ind1=" " ind2="3">
    <subfield code="a">PQ2637S251Z5C718</subfield>
    <subfield code="b">1981</subfield>
  </datafield>
  <datafield tag="082" ind1="1" ind2="4">
    <subfield code="a">840.914</subfield>
    <subfield code="2">9a</subfield>
  </datafield>
  <datafield tag="100" ind1="1" ind2=" ">
    <subfield code="a">Colombel, Jeannette.</subfield>
  </datafield>
  <datafield tag="245" ind1="1" ind2="0">
    <subfield code="a">Sartre :</subfield>
    <subfield code="b">ou Le parti de vivre /</subfield>
    <subfield code="c">Jeannette Colombel.</subfield>
  </datafield>
  <datafield tag="246" ind1="3" ind2=" ">
    <subfield code="a">Parti de vivre</subfield>
  </datafield>
  <datafield tag="260" ind1=" " ind2=" ">
    <subfield code="a">Paris :</subfield>
    <subfield code="b">B. Grasset,</subfield>
    <subfield code="c">1981.</subfield>
  </datafield>
  <datafield tag="300" ind1=" " ind2=" ">
    <subfield code="a">317 p.</subfield>
  </datafield>
  <datafield tag="600" ind1="1" ind2="6">
    <subfield code="a">Sartre, Jean-Paul,</subfield>
    <subfield code="d">1905-1980</subfield>
  </datafield>
  <datafield tag="600" ind1="0" ind2="4">
    <subfield code="a">Sartre, Jean-Paul.</subfield>
  </datafield>
  <datafield tag="600" ind1="1" ind2="7">
    <subfield code="a">Sartre, Jean-Paul,</subfield>
    <subfield code="d">1905-1980.</subfield>
    <subfield code="2">ram</subfield>
  </datafield>
  <datafield tag="600" ind1="1" ind2="7">
    <subfield code="a">Sartre, Jean-Paul.</subfield>
    <subfield code="2">rero</subfield>
  </datafield>
  <datafield tag="600" ind1="1" ind2="0">
    <subfield code="a">Sartre, Jean-Paul,</subfield>
    <subfield code="d">1905-1980</subfield>
    <subfield code="x">Political and social views.</subfield>
  </datafield>
  <datafield tag="650" ind1=" " ind2="0">
    <subfield code="a">Liberty.</subfield>
  </datafield>
  <datafield tag="600" ind1="1" ind2="7">
    <subfield code="a">Sartre, Jean-Paul,</subfield>
    <subfield code="d">1905-1980.</subfield>
    <subfield code="2">fast</subfield>
    <subfield code="0">(OCoLC)fst00042642</subfield>
  </datafield>
  <datafield tag="650" ind1=" " ind2="7">
    <subfield code="a">Liberty.</subfield>
    <subfield code="2">fast</subfield>
    <subfield code="0">(OCoLC)fst00997251</subfield>
  </datafield>
  <datafield tag="650" ind1=" " ind2="7">
    <subfield code="a">Political and social views.</subfield>
    <subfield code="2">fast</subfield>
    <subfield code="0">(OCoLC)fst01353986</subfield>
  </datafield>
  <datafield tag="653" ind1=" " ind2=" ">
    <subfield code="a">Critique</subfield>
    <subfield code="a">Philosophie</subfield>
    <subfield code="a">Vdobiblc</subfield>
  </datafield>
  <datafield tag="856" ind1="4" ind2="2">
    <subfield code="3">Notice et cote du catalogue de la Bibliothèque nationale de France</subfield>
    <subfield code="u">http://catalogue.bnf.fr/ark:/12148/cb34683067m</subfield>
  </datafield>
  
  
  
  
  
</record>