<record xmlns="http://www.loc.gov/MARC21/slim" xmlns:zs="http://docs.oasis-open.org/ns/search-ws/sruResponse">
  <leader>02330cam a2200517Ia 4500</leader>
  <controlfield tag="001">ocm34726511 </controlfield>
  <controlfield tag="003">OCoLC</controlfield>
  <controlfield tag="005">20160311225443.0</controlfield>
  <controlfield tag="008">960514s1995    fr       b    001 0 fre d</controlfield>
  <datafield tag="040" ind1=" " ind2=" ">
    <subfield code="a">SRT</subfield>
    <subfield code="b">fre</subfield>
    <subfield code="c">SRT</subfield>
    <subfield code="d">FCI</subfield>
    <subfield code="d">OCLCQ</subfield>
    <subfield code="d">LVB</subfield>
    <subfield code="d">FRBML</subfield>
    <subfield code="d">IAL</subfield>
    <subfield code="d">CHRRO</subfield>
    <subfield code="d">BDF</subfield>
    <subfield code="d">OCLCF</subfield>
    <subfield code="d">OCLCQ</subfield>
    <subfield code="d">OCLCO</subfield>
  </datafield>
  <datafield tag="016" ind1="7" ind2=" ">
    <subfield code="a">FRBNF358302190000008</subfield>
    <subfield code="2">FrPBN</subfield>
  </datafield>
  <datafield tag="020" ind1=" " ind2=" ">
    <subfield code="a">2130472931</subfield>
  </datafield>
  <datafield tag="020" ind1=" " ind2=" ">
    <subfield code="a">9782130472933</subfield>
  </datafield>
  <datafield tag="035" ind1=" " ind2=" ">
    <subfield code="a">(OCoLC)34726511</subfield>
  </datafield>
  <datafield tag="050" ind1=" " ind2="4">
    <subfield code="a">BJ1241</subfield>
    <subfield code="b">.C814 1995</subfield>
  </datafield>
  <datafield tag="082" ind1="0" ind2="4">
    <subfield code="a">170</subfield>
    <subfield code="b">CUD</subfield>
  </datafield>
  <datafield tag="100" ind1="1" ind2=" ">
    <subfield code="a">Cudworth, Ralph,</subfield>
    <subfield code="d">1617-1688.</subfield>
  </datafield>
  <datafield tag="245" ind1="1" ind2="0">
    <subfield code="a">Traité de morale :</subfield>
    <subfield code="b">"Traité concernant la morale éternelle et immuable" et Traité du libre arbitre /</subfield>
    <subfield code="c">Ralph Cudworth ; introd., trad., glossaire, bibliogr. et notes par Jean-Louis Breteau.</subfield>
  </datafield>
  <datafield tag="246" ind1="1" ind2="4">
    <subfield code="a">Traité de morale et Traité du libre arbitre</subfield>
  </datafield>
  <datafield tag="260" ind1=" " ind2=" ">
    <subfield code="a">Paris :</subfield>
    <subfield code="b">Presses universitaires de France,</subfield>
    <subfield code="c">1995.</subfield>
  </datafield>
  <datafield tag="300" ind1=" " ind2=" ">
    <subfield code="a">377 p. ;</subfield>
    <subfield code="c">22 cm.</subfield>
  </datafield>
  <datafield tag="490" ind1="1" ind2=" ">
    <subfield code="a">Fondements de la politique. Série Textes</subfield>
  </datafield>
  <datafield tag="504" ind1=" " ind2=" ">
    <subfield code="a">Bibliogr. p. [347]-354. Index.</subfield>
  </datafield>
  <datafield tag="650" ind1=" " ind2="0">
    <subfield code="a">Christian ethics</subfield>
    <subfield code="x">Anglican authors</subfield>
    <subfield code="v">Early works to 1800.</subfield>
  </datafield>
  <datafield tag="650" ind1=" " ind2="6">
    <subfield code="a">Morale chrétienne</subfield>
    <subfield code="x">Auteurs anglicans.</subfield>
  </datafield>
  <datafield tag="650" ind1=" " ind2="6">
    <subfield code="a">Libre arbitre et déterminisme.</subfield>
  </datafield>
  <datafield tag="650" ind1=" " ind2="6">
    <subfield code="a">Morale.</subfield>
  </datafield>
  <datafield tag="650" ind1=" " ind2="7">
    <subfield code="a">Christian ethics</subfield>
    <subfield code="x">Anglican authors.</subfield>
    <subfield code="2">fast</subfield>
    <subfield code="0">(OCoLC)fst01750770</subfield>
  </datafield>
  <datafield tag="650" ind1=" " ind2="7">
    <subfield code="a">Morale.</subfield>
    <subfield code="2">ram</subfield>
  </datafield>
  <datafield tag="650" ind1=" " ind2="7">
    <subfield code="a">Libre arbitre et déterminisme.</subfield>
    <subfield code="2">ram</subfield>
  </datafield>
  <datafield tag="650" ind1=" " ind2="7">
    <subfield code="a">metaphysique</subfield>
    <subfield code="x">morale</subfield>
    <subfield code="v">document.</subfield>
    <subfield code="2">rero</subfield>
  </datafield>
  <datafield tag="650" ind1=" " ind2="7">
    <subfield code="a">liberté</subfield>
    <subfield code="x">libre arbitre</subfield>
    <subfield code="v">document.</subfield>
    <subfield code="2">rero</subfield>
  </datafield>
  <datafield tag="655" ind1=" " ind2="7">
    <subfield code="a">Early works.</subfield>
    <subfield code="2">fast</subfield>
    <subfield code="0">(OCoLC)fst01411636</subfield>
  </datafield>
  <datafield tag="740" ind1="0" ind2=" ">
    <subfield code="a">Traité du libre arbitre.</subfield>
  </datafield>
  <datafield tag="740" ind1="0" ind2=" ">
    <subfield code="a">Traité concernant la morale éternelle et immuable.</subfield>
  </datafield>
  <datafield tag="776" ind1="0" ind2="8">
    <subfield code="i">Online version:</subfield>
    <subfield code="a">Cudworth, Ralph, 1617-1688.</subfield>
    <subfield code="t">Traité de morale.</subfield>
    <subfield code="d">Paris : Presses universitaires de France, 1995</subfield>
    <subfield code="w">(OCoLC)904149679</subfield>
  </datafield>
  <datafield tag="830" ind1=" " ind2="0">
    <subfield code="a">Fondements de la politique.</subfield>
    <subfield code="p">Série Textes.</subfield>
  </datafield>
  <datafield tag="856" ind1="4" ind2="2">
    <subfield code="3">Notice et cote du catalogue de la Bibliothèque nationale de France</subfield>
    <subfield code="u">http://catalogue.bnf.fr/ark:/12148/cb358302191</subfield>
  </datafield>
  
  
  
  
  
  
  
  
</record>