<record xmlns="http://www.loc.gov/MARC21/slim" xmlns:zs="http://docs.oasis-open.org/ns/search-ws/sruResponse">
  <leader>02428cam a2200661Ia 4500</leader>
  <controlfield tag="001">ocm33149723 </controlfield>
  <controlfield tag="003">OCoLC</controlfield>
  <controlfield tag="005">20160311223836.0</controlfield>
  <controlfield tag="008">940218s1993    gw ac    b    000 0 ger d</controlfield>
  <datafield tag="040" ind1=" " ind2=" ">
    <subfield code="a">NUI</subfield>
    <subfield code="b">eng</subfield>
    <subfield code="c">NUI</subfield>
    <subfield code="d">ORU</subfield>
    <subfield code="d">ZWZ</subfield>
    <subfield code="d">GEBAY</subfield>
    <subfield code="d">ERN</subfield>
    <subfield code="d">DEBSZ</subfield>
    <subfield code="d">OCLCO</subfield>
    <subfield code="d">OCLCQ</subfield>
    <subfield code="d">OCLCF</subfield>
    <subfield code="d">OCLCQ</subfield>
    <subfield code="d">DEBBG</subfield>
  </datafield>
  <datafield tag="020" ind1=" " ind2=" ">
    <subfield code="a">3379014761</subfield>
  </datafield>
  <datafield tag="020" ind1=" " ind2=" ">
    <subfield code="a">9783379014762</subfield>
  </datafield>
  <datafield tag="024" ind1="3" ind2=" ">
    <subfield code="a">9783379014762</subfield>
  </datafield>
  <datafield tag="035" ind1=" " ind2=" ">
    <subfield code="a">(OCoLC)33149723</subfield>
  </datafield>
  <datafield tag="050" ind1=" " ind2="4">
    <subfield code="a">T11</subfield>
    <subfield code="b">.K55 1993</subfield>
  </datafield>
  <datafield tag="082" ind1="0" ind2="4">
    <subfield code="a">808</subfield>
  </datafield>
  <datafield tag="084" ind1=" " ind2=" ">
    <subfield code="a">01</subfield>
    <subfield code="2">sdnb</subfield>
  </datafield>
  <datafield tag="084" ind1=" " ind2=" ">
    <subfield code="a">06</subfield>
    <subfield code="2">sdnb</subfield>
  </datafield>
  <datafield tag="084" ind1=" " ind2=" ">
    <subfield code="a">AP 13500</subfield>
    <subfield code="2">rvk</subfield>
  </datafield>
  <datafield tag="084" ind1=" " ind2=" ">
    <subfield code="a">AP 13550</subfield>
    <subfield code="2">rvk</subfield>
  </datafield>
  <datafield tag="084" ind1=" " ind2=" ">
    <subfield code="a">GE 3111</subfield>
    <subfield code="2">rvk</subfield>
  </datafield>
  <datafield tag="084" ind1=" " ind2=" ">
    <subfield code="a">GE 3151</subfield>
    <subfield code="2">rvk</subfield>
  </datafield>
  <datafield tag="084" ind1=" " ind2=" ">
    <subfield code="a">ZG 8640</subfield>
    <subfield code="2">rvk</subfield>
  </datafield>
  <datafield tag="100" ind1="1" ind2=" ">
    <subfield code="a">Kittler, Friedrich A.</subfield>
  </datafield>
  <datafield tag="245" ind1="1" ind2="0">
    <subfield code="a">Draculas Vermächtnis :</subfield>
    <subfield code="b">technische Schriften /</subfield>
    <subfield code="c">Friedrich Kittler.</subfield>
  </datafield>
  <datafield tag="250" ind1=" " ind2=" ">
    <subfield code="a">1. Aufl.</subfield>
  </datafield>
  <datafield tag="260" ind1=" " ind2=" ">
    <subfield code="a">Leipzig :</subfield>
    <subfield code="b">Reclam,</subfield>
    <subfield code="c">1993.</subfield>
  </datafield>
  <datafield tag="300" ind1=" " ind2=" ">
    <subfield code="a">259 pages :</subfield>
    <subfield code="b">illustrations, portrait ;</subfield>
    <subfield code="c">19 cm.</subfield>
  </datafield>
  <datafield tag="336" ind1=" " ind2=" ">
    <subfield code="a">text</subfield>
    <subfield code="b">txt</subfield>
    <subfield code="2">rdacontent</subfield>
  </datafield>
  <datafield tag="337" ind1=" " ind2=" ">
    <subfield code="a">unmediated</subfield>
    <subfield code="b">n</subfield>
    <subfield code="2">rdamedia</subfield>
  </datafield>
  <datafield tag="338" ind1=" " ind2=" ">
    <subfield code="a">volume</subfield>
    <subfield code="b">nc</subfield>
    <subfield code="2">rdacarrier</subfield>
  </datafield>
  <datafield tag="490" ind1="1" ind2=" ">
    <subfield code="a">Reclam-Bibliothek ;</subfield>
    <subfield code="v">Bd. 1476</subfield>
  </datafield>
  <datafield tag="504" ind1=" " ind2=" ">
    <subfield code="a">Includes bibliographical references (pages 243-257).</subfield>
  </datafield>
  <datafield tag="650" ind1=" " ind2="0">
    <subfield code="a">Technical writing.</subfield>
  </datafield>
  <datafield tag="650" ind1=" " ind2="7">
    <subfield code="a">Technical writing.</subfield>
    <subfield code="2">fast</subfield>
    <subfield code="0">(OCoLC)fst01144965</subfield>
  </datafield>
  <datafield tag="650" ind1=" " ind2="7">
    <subfield code="a">Littérature et informatique.</subfield>
    <subfield code="2">ram</subfield>
  </datafield>
  <datafield tag="650" ind1=" " ind2="7">
    <subfield code="a">Création (esthétique)</subfield>
    <subfield code="2">ram</subfield>
  </datafield>
  <datafield tag="650" ind1=" " ind2="7">
    <subfield code="a">Littérature allemande</subfield>
    <subfield code="x">Histoire et critique.</subfield>
    <subfield code="2">ram</subfield>
  </datafield>
  <datafield tag="650" ind1="0" ind2="7">
    <subfield code="a">Literaturtheorie.</subfield>
    <subfield code="2">swd</subfield>
  </datafield>
  <datafield tag="650" ind1="0" ind2="7">
    <subfield code="a">Medientheorie.</subfield>
    <subfield code="2">swd</subfield>
  </datafield>
  <datafield tag="650" ind1="0" ind2="7">
    <subfield code="a">Aufsatzsammlung.</subfield>
    <subfield code="2">swd</subfield>
  </datafield>
  <datafield tag="650" ind1="0" ind2="7">
    <subfield code="a">Literaturtheorie.</subfield>
    <subfield code="0">(DE-588)4036031-3</subfield>
    <subfield code="2">gnd</subfield>
  </datafield>
  <datafield tag="650" ind1="0" ind2="7">
    <subfield code="a">Medientheorie.</subfield>
    <subfield code="0">(DE-588)7610872-7</subfield>
    <subfield code="2">gnd</subfield>
  </datafield>
  <datafield tag="655" ind1=" " ind2="4">
    <subfield code="a">Aufsatzsammlung.</subfield>
  </datafield>
  <datafield tag="830" ind1=" " ind2="0">
    <subfield code="a">Reclam-Bibliothek ;</subfield>
    <subfield code="v">Bd. 1476.</subfield>
  </datafield>
  <datafield tag="856" ind1=" " ind2=" ">
    <subfield code="u">http://bvbr.bib-bvb.de:8991/F?func=service&amp;doc_library=BVB01&amp;local_base=BVB01&amp;doc_number=005606943&amp;line_number=0001&amp;func_code=DB_RECORDS&amp;service_type=MEDIA</subfield>
    <subfield code="z">Inhaltsverzeichnis</subfield>
  </datafield>
  
  
  
  
  
  
  
  
  
  
  
  
</record>