<record xmlns="http://www.loc.gov/MARC21/slim" xmlns:zs="http://docs.oasis-open.org/ns/search-ws/sruResponse">
  <leader>00852cam a2200277Ma 4500</leader>
  <controlfield tag="001">ocn612686329</controlfield>
  <controlfield tag="003">OCoLC</controlfield>
  <controlfield tag="005">20160311224439.0</controlfield>
  <controlfield tag="008">930217r19921934fr            000 0 fre d</controlfield>
  <datafield tag="010" ind1=" " ind2=" ">
    <subfield code="a">   35007823 </subfield>
  </datafield>
  <datafield tag="040" ind1=" " ind2=" ">
    <subfield code="a">W2U</subfield>
    <subfield code="b">eng</subfield>
    <subfield code="c">W2U</subfield>
    <subfield code="d">OCLCF</subfield>
    <subfield code="d">OCLCO</subfield>
  </datafield>
  <datafield tag="020" ind1=" " ind2=" ">
    <subfield code="a">201000535X</subfield>
  </datafield>
  <datafield tag="020" ind1=" " ind2=" ">
    <subfield code="a">9782010005350</subfield>
  </datafield>
  <datafield tag="035" ind1=" " ind2=" ">
    <subfield code="a">(OCoLC)612686329</subfield>
  </datafield>
  <datafield tag="041" ind1="0" ind2=" ">
    <subfield code="a">frelat</subfield>
  </datafield>
  <datafield tag="050" ind1="1" ind2="4">
    <subfield code="a">PA2365.F5</subfield>
    <subfield code="b">G3 1992</subfield>
  </datafield>
  <datafield tag="100" ind1="1" ind2=" ">
    <subfield code="a">Gaffiot, Félix,</subfield>
    <subfield code="d">1870-1937.</subfield>
  </datafield>
  <datafield tag="245" ind1="1" ind2="0">
    <subfield code="a">Dictionnaire latin francais /</subfield>
    <subfield code="c">F. Gaffiot.</subfield>
  </datafield>
  <datafield tag="260" ind1=" " ind2=" ">
    <subfield code="a">Paris :</subfield>
    <subfield code="b">Hachette,</subfield>
    <subfield code="c">1992.</subfield>
  </datafield>
  <datafield tag="300" ind1=" " ind2=" ">
    <subfield code="a">1719 p. :</subfield>
    <subfield code="b">ill., maps ;</subfield>
    <subfield code="c">25 cm.</subfield>
  </datafield>
  <datafield tag="500" ind1=" " ind2=" ">
    <subfield code="a">Reprint of the 1934 ed.</subfield>
  </datafield>
  <datafield tag="650" ind1=" " ind2="0">
    <subfield code="a">Latin language</subfield>
    <subfield code="v">Dictionaries</subfield>
    <subfield code="x">French.</subfield>
  </datafield>
  <datafield tag="650" ind1=" " ind2="7">
    <subfield code="a">Latin language.</subfield>
    <subfield code="2">fast</subfield>
    <subfield code="0">(OCoLC)fst00993125</subfield>
  </datafield>
  <datafield tag="655" ind1=" " ind2="7">
    <subfield code="a">Dictionaries.</subfield>
    <subfield code="2">fast</subfield>
    <subfield code="0">(OCoLC)fst01423826</subfield>
  </datafield>
  
  
</record>