<record xmlns="http://www.loc.gov/MARC21/slim" xmlns:zs="http://docs.oasis-open.org/ns/search-ws/sruResponse">
  <leader>03204cam a2200817 a 4500</leader>
  <controlfield tag="001">ocm18124009 </controlfield>
  <controlfield tag="003">OCoLC</controlfield>
  <controlfield tag="005">20160311225451.0</controlfield>
  <controlfield tag="008">880610s1987    fr af    b    001 0 fre  </controlfield>
  <datafield tag="010" ind1=" " ind2=" ">
    <subfield code="a">   88148730 </subfield>
  </datafield>
  <datafield tag="040" ind1=" " ind2=" ">
    <subfield code="a">DLC</subfield>
    <subfield code="b">eng</subfield>
    <subfield code="c">DLC</subfield>
    <subfield code="d">FAV</subfield>
    <subfield code="d">OCL</subfield>
    <subfield code="d">MUQ</subfield>
    <subfield code="d">OCLCG</subfield>
    <subfield code="d">CRU</subfield>
    <subfield code="d">GEBAY</subfield>
    <subfield code="d">GBVCP</subfield>
    <subfield code="d">OCLCO</subfield>
    <subfield code="d">OCLCF</subfield>
    <subfield code="d">OCLCQ</subfield>
    <subfield code="d">OCLCO</subfield>
    <subfield code="d">DEBBG</subfield>
  </datafield>
  <datafield tag="020" ind1=" " ind2=" ">
    <subfield code="a">2020098024</subfield>
  </datafield>
  <datafield tag="020" ind1=" " ind2=" ">
    <subfield code="a">9782020098021</subfield>
  </datafield>
  <datafield tag="035" ind1=" " ind2=" ">
    <subfield code="a">(OCoLC)18124009</subfield>
  </datafield>
  <datafield tag="050" ind1="1" ind2="4">
    <subfield code="a">QB14.5</subfield>
    <subfield code="b">.H35 1987</subfield>
  </datafield>
  <datafield tag="082" ind1="0" ind2="4">
    <subfield code="a">523.101</subfield>
    <subfield code="b">H193s</subfield>
  </datafield>
  <datafield tag="084" ind1=" " ind2=" ">
    <subfield code="a">5,1</subfield>
    <subfield code="2">ssgn</subfield>
  </datafield>
  <datafield tag="084" ind1=" " ind2=" ">
    <subfield code="a">CE 6917</subfield>
    <subfield code="2">rvk</subfield>
  </datafield>
  <datafield tag="100" ind1="1" ind2=" ">
    <subfield code="a">Hallyn, Fernand.</subfield>
  </datafield>
  <datafield tag="245" ind1="1" ind2="3">
    <subfield code="a">La structure poétique du monde :</subfield>
    <subfield code="b">Copernic, Kepler /</subfield>
    <subfield code="c">Fernand Hallyn.</subfield>
  </datafield>
  <datafield tag="260" ind1=" " ind2=" ">
    <subfield code="a">Paris :</subfield>
    <subfield code="b">Editions du Seuil,</subfield>
    <subfield code="c">©1987.</subfield>
  </datafield>
  <datafield tag="300" ind1=" " ind2=" ">
    <subfield code="a">311 pages, viii pages of plates :</subfield>
    <subfield code="b">illustrations ;</subfield>
    <subfield code="c">21 cm.</subfield>
  </datafield>
  <datafield tag="336" ind1=" " ind2=" ">
    <subfield code="a">text</subfield>
    <subfield code="b">txt</subfield>
    <subfield code="2">rdacontent</subfield>
  </datafield>
  <datafield tag="337" ind1=" " ind2=" ">
    <subfield code="a">unmediated</subfield>
    <subfield code="b">n</subfield>
    <subfield code="2">rdamedia</subfield>
  </datafield>
  <datafield tag="338" ind1=" " ind2=" ">
    <subfield code="a">volume</subfield>
    <subfield code="b">nc</subfield>
    <subfield code="2">rdacarrier</subfield>
  </datafield>
  <datafield tag="490" ind1="0" ind2=" ">
    <subfield code="a">Des travaux</subfield>
  </datafield>
  <datafield tag="504" ind1=" " ind2=" ">
    <subfield code="a">Includes bibliographical references and indexes.</subfield>
  </datafield>
  <datafield tag="650" ind1=" " ind2="0">
    <subfield code="a">Astronomy</subfield>
    <subfield code="x">Philosophy.</subfield>
  </datafield>
  <datafield tag="650" ind1=" " ind2="0">
    <subfield code="a">Science</subfield>
    <subfield code="x">Philosophy.</subfield>
  </datafield>
  <datafield tag="600" ind1="1" ind2="0">
    <subfield code="a">Copernicus, Nicolaus,</subfield>
    <subfield code="d">1473-1543.</subfield>
  </datafield>
  <datafield tag="600" ind1="1" ind2="0">
    <subfield code="a">Kepler, Johannes,</subfield>
    <subfield code="d">1571-1630.</subfield>
  </datafield>
  <datafield tag="600" ind1="1" ind2="6">
    <subfield code="a">Copernicus, Nicolaus,</subfield>
    <subfield code="d">1473-1543.</subfield>
  </datafield>
  <datafield tag="600" ind1="1" ind2="6">
    <subfield code="a">Kepler, Johann,</subfield>
    <subfield code="d">1571-1630.</subfield>
  </datafield>
  <datafield tag="650" ind1=" " ind2="6">
    <subfield code="a">Astronomie</subfield>
    <subfield code="x">Philosophie.</subfield>
  </datafield>
  <datafield tag="650" ind1=" " ind2="6">
    <subfield code="a">Sciences</subfield>
    <subfield code="x">Philosophie.</subfield>
  </datafield>
  <datafield tag="600" ind1="1" ind2="7">
    <subfield code="a">Copernicus, Nicolaus,</subfield>
    <subfield code="d">1473-1543</subfield>
    <subfield code="2">fast</subfield>
    <subfield code="0">(OCoLC)fst00033633</subfield>
  </datafield>
  <datafield tag="600" ind1="1" ind2="7">
    <subfield code="a">Kepler, Johannes,</subfield>
    <subfield code="d">1571-1630</subfield>
    <subfield code="2">fast</subfield>
    <subfield code="0">(OCoLC)fst00015428</subfield>
  </datafield>
  <datafield tag="650" ind1=" " ind2="7">
    <subfield code="a">Astronomy</subfield>
    <subfield code="x">Philosophy.</subfield>
    <subfield code="2">fast</subfield>
    <subfield code="0">(OCoLC)fst00819714</subfield>
  </datafield>
  <datafield tag="650" ind1=" " ind2="7">
    <subfield code="a">Science</subfield>
    <subfield code="x">Philosophy.</subfield>
    <subfield code="2">fast</subfield>
    <subfield code="0">(OCoLC)fst01108336</subfield>
  </datafield>
  <datafield tag="600" ind1="1" ind2="7">
    <subfield code="a">Copernic, Nicolas,</subfield>
    <subfield code="d">1473-1543.</subfield>
    <subfield code="2">ram</subfield>
  </datafield>
  <datafield tag="600" ind1="1" ind2="7">
    <subfield code="a">Kepler, Johannes,</subfield>
    <subfield code="d">1571-1630.</subfield>
    <subfield code="2">ram</subfield>
  </datafield>
  <datafield tag="650" ind1=" " ind2="7">
    <subfield code="a">Astronomie</subfield>
    <subfield code="x">Philosophie.</subfield>
    <subfield code="2">ram</subfield>
  </datafield>
  <datafield tag="650" ind1=" " ind2="7">
    <subfield code="a">Sciences</subfield>
    <subfield code="x">Philosophie.</subfield>
    <subfield code="2">ram</subfield>
  </datafield>
  <datafield tag="600" ind1="1" ind2="7">
    <subfield code="a">Kepler, Johannes.</subfield>
    <subfield code="2">swd</subfield>
  </datafield>
  <datafield tag="600" ind1="1" ind2="7">
    <subfield code="a">Kopernikus, Nikolaus.</subfield>
    <subfield code="2">swd</subfield>
  </datafield>
  <datafield tag="650" ind1="0" ind2="7">
    <subfield code="a">Wissenschaftstheorie.</subfield>
    <subfield code="2">swd</subfield>
  </datafield>
  <datafield tag="650" ind1="0" ind2="7">
    <subfield code="a">Kosmologie.</subfield>
    <subfield code="2">swd</subfield>
  </datafield>
  <datafield tag="600" ind1="1" ind2="4">
    <subfield code="a">Copernicus, Nicolaus &lt;1473-1543&gt;</subfield>
  </datafield>
  <datafield tag="600" ind1="1" ind2="4">
    <subfield code="a">Kepler, Johann &lt;1571-1630&gt;</subfield>
  </datafield>
  <datafield tag="600" ind1="1" ind2="7">
    <subfield code="a">Kepler, Johannes,</subfield>
    <subfield code="d">1571-1630.</subfield>
    <subfield code="0">(DE-588)118561448</subfield>
    <subfield code="2">gnd</subfield>
  </datafield>
  <datafield tag="600" ind1="1" ind2="7">
    <subfield code="a">Kopernikus, Nikolaus,</subfield>
    <subfield code="d">1473-1543.</subfield>
    <subfield code="0">(DE-588)118565273</subfield>
    <subfield code="2">gnd</subfield>
  </datafield>
  <datafield tag="650" ind1=" " ind2="4">
    <subfield code="a">Astronomie - Philosophie.</subfield>
  </datafield>
  <datafield tag="650" ind1=" " ind2="4">
    <subfield code="a">Sciences - Philosophie.</subfield>
  </datafield>
  <datafield tag="650" ind1="0" ind2="7">
    <subfield code="a">Kosmologie.</subfield>
    <subfield code="0">(DE-588)4114294-9</subfield>
    <subfield code="2">gnd</subfield>
  </datafield>
  <datafield tag="650" ind1="0" ind2="7">
    <subfield code="a">Wissenschaftstheorie.</subfield>
    <subfield code="0">(DE-588)4117665-0</subfield>
    <subfield code="2">gnd</subfield>
  </datafield>
  <datafield tag="653" ind1=" " ind2="0">
    <subfield code="a">Astronomy</subfield>
    <subfield code="a">Philosophy</subfield>
  </datafield>
  <datafield tag="653" ind1=" " ind2="0">
    <subfield code="a">Copernicus, Nicolaus</subfield>
    <subfield code="a">1473-1543</subfield>
  </datafield>
  <datafield tag="653" ind1=" " ind2="0">
    <subfield code="a">Kepler, Johannes</subfield>
    <subfield code="a">1571-1630</subfield>
  </datafield>
  <datafield tag="653" ind1=" " ind2="0">
    <subfield code="a">Science</subfield>
    <subfield code="a">Philosophy</subfield>
  </datafield>
  <datafield tag="776" ind1="0" ind2="8">
    <subfield code="i">Online version:</subfield>
    <subfield code="a">Hallyn, Fernand.</subfield>
    <subfield code="t">Structure poétique du monde.</subfield>
    <subfield code="d">Paris : Editions du Seuil, ©1987</subfield>
    <subfield code="w">(OCoLC)551349822</subfield>
  </datafield>
  
  
  
  
  
  
  
  
  
  
  
</record>