<record xmlns="http://www.loc.gov/MARC21/slim" xmlns:zs="http://docs.oasis-open.org/ns/search-ws/sruResponse">
  <leader>02197cam a2200457 a 4500</leader>
  <controlfield tag="001">ocm17654088 </controlfield>
  <controlfield tag="003">OCoLC</controlfield>
  <controlfield tag="005">20160311224800.0</controlfield>
  <controlfield tag="008">880523s1987    fr       b    000 0 fre  </controlfield>
  <datafield tag="010" ind1=" " ind2=" ">
    <subfield code="a">   87170156 </subfield>
  </datafield>
  <datafield tag="040" ind1=" " ind2=" ">
    <subfield code="a">DLC</subfield>
    <subfield code="b">eng</subfield>
    <subfield code="c">DLC</subfield>
    <subfield code="d">OCL</subfield>
    <subfield code="d">MUQ</subfield>
    <subfield code="d">RLINP</subfield>
    <subfield code="d">OCLCO</subfield>
    <subfield code="d">OCLCF</subfield>
    <subfield code="d">OCLCQ</subfield>
  </datafield>
  <datafield tag="020" ind1=" " ind2=" ">
    <subfield code="a">285939298X</subfield>
  </datafield>
  <datafield tag="020" ind1=" " ind2=" ">
    <subfield code="a">9782859392987</subfield>
  </datafield>
  <datafield tag="035" ind1=" " ind2=" ">
    <subfield code="a">(OCoLC)17654088</subfield>
  </datafield>
  <datafield tag="041" ind1="1" ind2=" ">
    <subfield code="a">fre</subfield>
    <subfield code="h">ger</subfield>
  </datafield>
  <datafield tag="050" ind1="0" ind2=" ">
    <subfield code="a">BJ1114</subfield>
    <subfield code="b">.A6414 1987</subfield>
  </datafield>
  <datafield tag="082" ind1="0" ind2=" ">
    <subfield code="a">170</subfield>
    <subfield code="2">19</subfield>
  </datafield>
  <datafield tag="100" ind1="1" ind2=" ">
    <subfield code="a">Apel, Karl-Otto.</subfield>
  </datafield>
  <datafield tag="240" ind1="1" ind2="0">
    <subfield code="a">Apriori der Kommunikationsgemeinschaft und die Grundlagen der Ethik.</subfield>
    <subfield code="l">French</subfield>
  </datafield>
  <datafield tag="245" ind1="1" ind2="0">
    <subfield code="a">Sur le problème d'une fondation rationnelle de l'éthique à l'âge de la science :</subfield>
    <subfield code="b">l'a priori de la communauté communicationnelle et les fondements de l'éthique /</subfield>
    <subfield code="c">Karl-Otto Apel ; précédé d'un avant-propos ; traduit de l'allemand par Raphaël Lellouche et Inga Mittmann, avec le concours de Christian Bouchindhomme et d'André Laks ; introduction de Raphaël Lellouche.</subfield>
  </datafield>
  <datafield tag="246" ind1="3" ind2=" ">
    <subfield code="a">Ethique à l'âge de la science</subfield>
  </datafield>
  <datafield tag="260" ind1=" " ind2=" ">
    <subfield code="a">[Lille] :</subfield>
    <subfield code="b">Presses universitaires de Lille,</subfield>
    <subfield code="c">[1987]</subfield>
  </datafield>
  <datafield tag="300" ind1=" " ind2=" ">
    <subfield code="a">138 pages ;</subfield>
    <subfield code="c">20 cm.</subfield>
  </datafield>
  <datafield tag="336" ind1=" " ind2=" ">
    <subfield code="a">text</subfield>
    <subfield code="b">txt</subfield>
    <subfield code="2">rdacontent</subfield>
  </datafield>
  <datafield tag="337" ind1=" " ind2=" ">
    <subfield code="a">unmediated</subfield>
    <subfield code="b">n</subfield>
    <subfield code="2">rdamedia</subfield>
  </datafield>
  <datafield tag="338" ind1=" " ind2=" ">
    <subfield code="a">volume</subfield>
    <subfield code="b">nc</subfield>
    <subfield code="2">rdacarrier</subfield>
  </datafield>
  <datafield tag="490" ind1="1" ind2=" ">
    <subfield code="a">Opuscule ;</subfield>
    <subfield code="v">2</subfield>
  </datafield>
  <datafield tag="500" ind1=" " ind2=" ">
    <subfield code="a">Translation of: Das Apriori der Kommunikationsgemeinschaft und die Grundlagen der Ethik; originally published as the last chapter of Transformation der Philosophie.</subfield>
  </datafield>
  <datafield tag="504" ind1=" " ind2=" ">
    <subfield code="a">Includes bibliographical references.</subfield>
  </datafield>
  <datafield tag="650" ind1=" " ind2="0">
    <subfield code="a">Ethics.</subfield>
  </datafield>
  <datafield tag="600" ind1="1" ind2="6">
    <subfield code="a">Apel, Karl-Otto.</subfield>
  </datafield>
  <datafield tag="650" ind1=" " ind2="6">
    <subfield code="a">Morale.</subfield>
  </datafield>
  <datafield tag="650" ind1=" " ind2="7">
    <subfield code="a">Ethics.</subfield>
    <subfield code="2">fast</subfield>
    <subfield code="0">(OCoLC)fst00915833</subfield>
  </datafield>
  <datafield tag="650" ind1=" " ind2="7">
    <subfield code="a">Sciences</subfield>
    <subfield code="x">Aspect moral.</subfield>
    <subfield code="2">ram</subfield>
  </datafield>
  <datafield tag="650" ind1=" " ind2="7">
    <subfield code="a">Morale.</subfield>
    <subfield code="2">ram</subfield>
  </datafield>
  <datafield tag="776" ind1="0" ind2="8">
    <subfield code="i">Online version:</subfield>
    <subfield code="a">Apel, Karl-Otto.</subfield>
    <subfield code="s">Apriori der Kommunikationsgemeinschaft und die Grundlagen der Ethik. French.</subfield>
    <subfield code="t">Sur le problème d'une fondation rationnelle de l'éthique à l'âge de la science.</subfield>
    <subfield code="d">[Lille] : Presses universitaires de Lille, [1987]</subfield>
    <subfield code="w">(OCoLC)709535401</subfield>
  </datafield>
  <datafield tag="830" ind1=" " ind2="0">
    <subfield code="a">Opuscule ;</subfield>
    <subfield code="v">2.</subfield>
  </datafield>
  
  
  
  
</record>