<record xmlns="http://www.loc.gov/MARC21/slim" xmlns:zs="http://docs.oasis-open.org/ns/search-ws/sruResponse">
  <leader>01444cam a2200385Ma 4500</leader>
  <controlfield tag="001">ocn869506549</controlfield>
  <controlfield tag="003">OCoLC</controlfield>
  <controlfield tag="005">20160311224121.0</controlfield>
  <controlfield tag="008">900912r18601988fr            000 0 fre d</controlfield>
  <datafield tag="010" ind1=" " ind2=" ">
    <subfield code="z">   19003716 </subfield>
  </datafield>
  <datafield tag="040" ind1=" " ind2=" ">
    <subfield code="a">MUQ</subfield>
    <subfield code="b">fre</subfield>
    <subfield code="c">MUQ</subfield>
    <subfield code="d">OCLCO</subfield>
    <subfield code="d">OCLCF</subfield>
  </datafield>
  <datafield tag="020" ind1=" " ind2=" ">
    <subfield code="a">2213022267 (t.1)</subfield>
    <subfield code="z">2213024472 (t. 3)</subfield>
    <subfield code="z">2213024480 (t. 4)</subfield>
    <subfield code="z">2213022275 (t.2)</subfield>
  </datafield>
  <datafield tag="020" ind1=" " ind2=" ">
    <subfield code="a">9782213022260 (t.1)</subfield>
  </datafield>
  <datafield tag="035" ind1=" " ind2=" ">
    <subfield code="a">(OCoLC)869506549</subfield>
  </datafield>
  <datafield tag="050" ind1="1" ind2="4">
    <subfield code="a">HM216</subfield>
    <subfield code="b">P7</subfield>
  </datafield>
  <datafield tag="100" ind1="1" ind2=" ">
    <subfield code="a">Proudhon, P.-J.</subfield>
    <subfield code="q">(Pierre-Joseph),</subfield>
    <subfield code="d">1809-1865.</subfield>
  </datafield>
  <datafield tag="245" ind1="1" ind2="0">
    <subfield code="a">De la justice dans la révolution et dans l'Église /</subfield>
    <subfield code="c">Pierre-Joseph Proudhon ; texte revu par Rosemarie Férenczi ... [et al.].</subfield>
  </datafield>
  <datafield tag="260" ind1=" " ind2=" ">
    <subfield code="a">Paris :</subfield>
    <subfield code="b">Fayard,</subfield>
    <subfield code="c">c1988-1990.</subfield>
  </datafield>
  <datafield tag="300" ind1=" " ind2=" ">
    <subfield code="a">4 v.</subfield>
  </datafield>
  <datafield tag="490" ind1="1" ind2=" ">
    <subfield code="a">Corpus des œuvres de philosophie en langue française</subfield>
  </datafield>
  <datafield tag="500" ind1=" " ind2=" ">
    <subfield code="a">"... texte de l'édition de 1860 publiée en fascicules à Bruxelles ..."</subfield>
  </datafield>
  <datafield tag="650" ind1=" " ind2="0">
    <subfield code="a">Sociology.</subfield>
  </datafield>
  <datafield tag="650" ind1=" " ind2="0">
    <subfield code="a">Revolutions.</subfield>
  </datafield>
  <datafield tag="650" ind1=" " ind2="0">
    <subfield code="a">Church and social problems.</subfield>
  </datafield>
  <datafield tag="650" ind1=" " ind2="6">
    <subfield code="a">Sociologie.</subfield>
  </datafield>
  <datafield tag="650" ind1=" " ind2="6">
    <subfield code="a">Révolutions.</subfield>
  </datafield>
  <datafield tag="650" ind1=" " ind2="6">
    <subfield code="a">Église et problèmes sociaux.</subfield>
  </datafield>
  <datafield tag="650" ind1=" " ind2="6">
    <subfield code="a">Morale sociale.</subfield>
  </datafield>
  <datafield tag="650" ind1=" " ind2="7">
    <subfield code="a">Church and social problems.</subfield>
    <subfield code="2">fast</subfield>
    <subfield code="0">(OCoLC)fst00860491</subfield>
  </datafield>
  <datafield tag="650" ind1=" " ind2="7">
    <subfield code="a">Revolutions.</subfield>
    <subfield code="2">fast</subfield>
    <subfield code="0">(OCoLC)fst01096737</subfield>
  </datafield>
  <datafield tag="650" ind1=" " ind2="7">
    <subfield code="a">Sociology.</subfield>
    <subfield code="2">fast</subfield>
    <subfield code="0">(OCoLC)fst01123875</subfield>
  </datafield>
  <datafield tag="700" ind1="1" ind2=" ">
    <subfield code="a">Férenczi, Rosemarie.</subfield>
  </datafield>
  <datafield tag="830" ind1=" " ind2="0">
    <subfield code="a">Corpus des œuvres de philosophie en langue française.</subfield>
  </datafield>
  
  
</record>