<record xmlns="http://www.loc.gov/MARC21/slim" xmlns:zs="http://docs.oasis-open.org/ns/search-ws/sruResponse">
  <leader>01836cam a2200469Mc 4500</leader>
  <controlfield tag="001">ocn470695369</controlfield>
  <controlfield tag="003">OCoLC</controlfield>
  <controlfield tag="005">20160311225749.0</controlfield>
  <controlfield tag="008">010817s1998    enk      b    001 0 eng d</controlfield>
  <datafield tag="040" ind1=" " ind2=" ">
    <subfield code="a">DKDLA</subfield>
    <subfield code="b">dan</subfield>
    <subfield code="c">DKDLA</subfield>
    <subfield code="d">OCLCF</subfield>
    <subfield code="d">OCLCO</subfield>
    <subfield code="d">OCLCQ</subfield>
    <subfield code="d">OCLCO</subfield>
  </datafield>
  <datafield tag="020" ind1=" " ind2=" ">
    <subfield code="a">0415142733</subfield>
    <subfield code="q">(m)</subfield>
  </datafield>
  <datafield tag="020" ind1=" " ind2=" ">
    <subfield code="a">9780415142731</subfield>
    <subfield code="q">(m)</subfield>
  </datafield>
  <datafield tag="020" ind1=" " ind2=" ">
    <subfield code="a">0415142741</subfield>
    <subfield code="q">(v : pbk)</subfield>
  </datafield>
  <datafield tag="020" ind1=" " ind2=" ">
    <subfield code="a">9780415142748</subfield>
    <subfield code="q">(v : pbk)</subfield>
  </datafield>
  <datafield tag="035" ind1=" " ind2=" ">
    <subfield code="a">(OCoLC)470695369</subfield>
  </datafield>
  <datafield tag="050" ind1="1" ind2="4">
    <subfield code="a">B2424.P45</subfield>
    <subfield code="b">V37 1998</subfield>
  </datafield>
  <datafield tag="082" ind1="0" ind2="4">
    <subfield code="a">121.35</subfield>
    <subfield code="2">21</subfield>
  </datafield>
  <datafield tag="100" ind1="1" ind2=" ">
    <subfield code="a">Vasseleu, Cathryn,</subfield>
    <subfield code="d">1957-</subfield>
  </datafield>
  <datafield tag="245" ind1="1" ind2="0">
    <subfield code="a">Textures of light :</subfield>
    <subfield code="b">vision and touch in Irigaray, Levinas and Merleau-Ponty /</subfield>
    <subfield code="c">Cathryn Vasseleu</subfield>
  </datafield>
  <datafield tag="260" ind1=" " ind2=" ">
    <subfield code="a">London :</subfield>
    <subfield code="b">Routledge,</subfield>
    <subfield code="c">1998</subfield>
  </datafield>
  <datafield tag="300" ind1=" " ind2=" ">
    <subfield code="a">157 s. ;</subfield>
    <subfield code="c">24 cm</subfield>
  </datafield>
  <datafield tag="490" ind1="1" ind2=" ">
    <subfield code="a">Warwick studies in European philosophy</subfield>
  </datafield>
  <datafield tag="504" ind1=" " ind2=" ">
    <subfield code="a">Bibliography: p142-151.-Includes index</subfield>
  </datafield>
  <datafield tag="520" ind1="8" ind2=" ">
    <subfield code="a">Drawing on the work of Irigaray, Merleau-Ponty and Levinas, this text is a study of the importance of light in Western thought. It shows the ambivalent role light plays within philosophy and challenges interpretations of Irigaray as a theorist of touch by presenting her as</subfield>
  </datafield>
  <datafield tag="650" ind1=" " ind2="0">
    <subfield code="a">Vision.</subfield>
  </datafield>
  <datafield tag="650" ind1=" " ind2="0">
    <subfield code="a">Light.</subfield>
  </datafield>
  <datafield tag="650" ind1=" " ind2="0">
    <subfield code="a">Touch.</subfield>
  </datafield>
  <datafield tag="650" ind1=" " ind2="0">
    <subfield code="a">Philosophy, French</subfield>
    <subfield code="y">20th century.</subfield>
  </datafield>
  <datafield tag="600" ind1="1" ind2="4">
    <subfield code="a">Irigaray, Luce</subfield>
  </datafield>
  <datafield tag="600" ind1="1" ind2="4">
    <subfield code="a">Lévinas, Emmanuel</subfield>
  </datafield>
  <datafield tag="600" ind1="1" ind2="4">
    <subfield code="a">Merleau-Ponty, Maurice,</subfield>
    <subfield code="d">1908-1961</subfield>
  </datafield>
  <datafield tag="650" ind1=" " ind2="7">
    <subfield code="a">Light</subfield>
    <subfield code="2">fast</subfield>
    <subfield code="0">(OCoLC)fst00998476</subfield>
  </datafield>
  <datafield tag="650" ind1=" " ind2="7">
    <subfield code="a">Philosophy, French</subfield>
    <subfield code="2">fast</subfield>
    <subfield code="0">(OCoLC)fst01060959</subfield>
  </datafield>
  <datafield tag="650" ind1=" " ind2="7">
    <subfield code="a">Touch</subfield>
    <subfield code="2">fast</subfield>
    <subfield code="0">(OCoLC)fst01153089</subfield>
  </datafield>
  <datafield tag="650" ind1=" " ind2="7">
    <subfield code="a">Vision</subfield>
    <subfield code="2">fast</subfield>
    <subfield code="0">(OCoLC)fst01167852</subfield>
  </datafield>
  <datafield tag="648" ind1=" " ind2="7">
    <subfield code="a">1900 - 1999</subfield>
    <subfield code="2">fast</subfield>
  </datafield>
  <datafield tag="830" ind1=" " ind2="0">
    <subfield code="a">Warwick studies in European philosophy</subfield>
  </datafield>
  
  
  
  
  
</record>