<record xmlns="http://www.loc.gov/MARC21/slim" xmlns:zs="http://docs.oasis-open.org/ns/search-ws/sruResponse">
  <leader>01294cam a2200385Mi 4500</leader>
  <controlfield tag="001">ocn906522807</controlfield>
  <controlfield tag="003">OCoLC</controlfield>
  <controlfield tag="005">20160311222534.0</controlfield>
  <controlfield tag="008">890420s1988    fr            000 0 fre d</controlfield>
  <datafield tag="040" ind1=" " ind2=" ">
    <subfield code="a">NLGGC</subfield>
    <subfield code="b">dut</subfield>
    <subfield code="e">fobidrtb</subfield>
    <subfield code="c">NLGGC</subfield>
    <subfield code="d">OCLCO</subfield>
  </datafield>
  <datafield tag="020" ind1=" " ind2=" ">
    <subfield code="a">2070712753</subfield>
  </datafield>
  <datafield tag="020" ind1=" " ind2=" ">
    <subfield code="a">9782070712755</subfield>
  </datafield>
  <datafield tag="035" ind1=" " ind2=" ">
    <subfield code="a">(OCoLC)906522807</subfield>
  </datafield>
  <datafield tag="050" ind1=" " ind2="4">
    <subfield code="a">DT1757</subfield>
    <subfield code="b">.A43 1988</subfield>
  </datafield>
  <datafield tag="082" ind1="0" ind2="4">
    <subfield code="a">323.1/68</subfield>
    <subfield code="2">20</subfield>
  </datafield>
  <datafield tag="100" ind1="1" ind2=" ">
    <subfield code="a">Albertini, Pierre-André.</subfield>
  </datafield>
  <datafield tag="245" ind1="1" ind2="3">
    <subfield code="a">Un Français en apartheid /</subfield>
    <subfield code="c">Pierre-André Albertini.</subfield>
  </datafield>
  <datafield tag="260" ind1=" " ind2=" ">
    <subfield code="a">[Paris] :</subfield>
    <subfield code="b">Gallimard,</subfield>
    <subfield code="c">1988.</subfield>
  </datafield>
  <datafield tag="300" ind1=" " ind2=" ">
    <subfield code="a">261 p. :</subfield>
    <subfield code="b">ill. ;</subfield>
    <subfield code="c">21 cm.</subfield>
  </datafield>
  <datafield tag="336" ind1=" " ind2=" ">
    <subfield code="a">tekst</subfield>
    <subfield code="b">txt</subfield>
    <subfield code="2">rdacontent/dut</subfield>
  </datafield>
  <datafield tag="337" ind1=" " ind2=" ">
    <subfield code="a">zonder medium</subfield>
    <subfield code="b">n</subfield>
    <subfield code="2">rdamedia/dut</subfield>
  </datafield>
  <datafield tag="338" ind1=" " ind2=" ">
    <subfield code="a">band</subfield>
    <subfield code="b">nc</subfield>
    <subfield code="2">rdacarrier/dut</subfield>
  </datafield>
  <datafield tag="490" ind1="1" ind2=" ">
    <subfield code="a">Au vif du sujet</subfield>
  </datafield>
  <datafield tag="650" ind1=" " ind2="0">
    <subfield code="a">Apartheid</subfield>
    <subfield code="z">South Africa.</subfield>
  </datafield>
  <datafield tag="650" ind1=" " ind2="0">
    <subfield code="a">Civil rights workers</subfield>
    <subfield code="v">Biography</subfield>
    <subfield code="z">South Africa.</subfield>
  </datafield>
  <datafield tag="650" ind1=" " ind2="0">
    <subfield code="a">Civil rights workers</subfield>
    <subfield code="v">Biography</subfield>
    <subfield code="z">France.</subfield>
  </datafield>
  <datafield tag="650" ind1=" " ind2="7">
    <subfield code="a">Politischer Gefangener.</subfield>
    <subfield code="2">swd</subfield>
  </datafield>
  <datafield tag="650" ind1=" " ind2="7">
    <subfield code="a">Geschichte (1986-1987).</subfield>
    <subfield code="2">swd</subfield>
  </datafield>
  <datafield tag="650" ind1=" " ind2="7">
    <subfield code="a">Erlebnisbericht.</subfield>
    <subfield code="2">swd</subfield>
  </datafield>
  <datafield tag="651" ind1=" " ind2="0">
    <subfield code="a">South Africa</subfield>
    <subfield code="x">Politics and government</subfield>
    <subfield code="y">1978-1989.</subfield>
  </datafield>
  <datafield tag="651" ind1=" " ind2="7">
    <subfield code="a">Südafrika (Staat).</subfield>
    <subfield code="2">swd</subfield>
  </datafield>
  <datafield tag="830" ind1=" " ind2="0">
    <subfield code="a">Au vif du sujet.</subfield>
    <subfield code="w">(NL-LeOCL)048142549</subfield>
    <subfield code="w">(OCoLC)72974245</subfield>
  </datafield>
  
  
  
</record>