<record xmlns="http://www.loc.gov/MARC21/slim" xmlns:zs="http://docs.oasis-open.org/ns/search-ws/sruResponse">
  <leader>01826cam a2200457Ia 4500</leader>
  <controlfield tag="001">ocm32381533 </controlfield>
  <controlfield tag="003">OCoLC</controlfield>
  <controlfield tag="005">20160311223357.0</controlfield>
  <controlfield tag="008">950428s1994    fr a     b    000 0 fre d</controlfield>
  <datafield tag="040" ind1=" " ind2=" ">
    <subfield code="a">YSM</subfield>
    <subfield code="b">eng</subfield>
    <subfield code="c">YSM</subfield>
    <subfield code="d">NLGGC</subfield>
    <subfield code="d">LVB</subfield>
    <subfield code="d">OCLCQ</subfield>
    <subfield code="d">OCLCG</subfield>
    <subfield code="d">DEBBG</subfield>
    <subfield code="d">YDXCP</subfield>
    <subfield code="d">OCLCA</subfield>
    <subfield code="d">OCLCF</subfield>
    <subfield code="d">OCLCO</subfield>
    <subfield code="d">OCLCQ</subfield>
  </datafield>
  <datafield tag="020" ind1=" " ind2=" ">
    <subfield code="a">2851943731</subfield>
    <subfield code="q">(pbk.)</subfield>
  </datafield>
  <datafield tag="020" ind1=" " ind2=" ">
    <subfield code="a">9782851943736</subfield>
    <subfield code="q">(pbk.)</subfield>
  </datafield>
  <datafield tag="035" ind1=" " ind2=" ">
    <subfield code="a">(OCoLC)32381533</subfield>
  </datafield>
  <datafield tag="050" ind1=" " ind2="4">
    <subfield code="a">PQ2603.A695</subfield>
    <subfield code="b">Z734 1994</subfield>
  </datafield>
  <datafield tag="082" ind1="0" ind2="4">
    <subfield code="a">848.912</subfield>
  </datafield>
  <datafield tag="084" ind1=" " ind2=" ">
    <subfield code="a">18.25</subfield>
    <subfield code="2">bcl</subfield>
  </datafield>
  <datafield tag="084" ind1=" " ind2=" ">
    <subfield code="a">IH 14681</subfield>
    <subfield code="2">rvk</subfield>
  </datafield>
  <datafield tag="100" ind1="1" ind2=" ">
    <subfield code="a">Laporte, Roger.</subfield>
  </datafield>
  <datafield tag="245" ind1="1" ind2="0">
    <subfield code="a">A l'extrême pointe :</subfield>
    <subfield code="b">Bataille et Blanchot /</subfield>
    <subfield code="c">Roger Laporte ; dessins d'Axel Cassel.</subfield>
  </datafield>
  <datafield tag="260" ind1=" " ind2=" ">
    <subfield code="a">[Saint-Clément-la Rivière] :</subfield>
    <subfield code="b">Fata Morgana,</subfield>
    <subfield code="c">©1994.</subfield>
  </datafield>
  <datafield tag="300" ind1=" " ind2=" ">
    <subfield code="a">67 pages :</subfield>
    <subfield code="b">illustrations ;</subfield>
    <subfield code="c">23 cm</subfield>
  </datafield>
  <datafield tag="336" ind1=" " ind2=" ">
    <subfield code="a">text</subfield>
    <subfield code="b">txt</subfield>
    <subfield code="2">rdacontent</subfield>
  </datafield>
  <datafield tag="337" ind1=" " ind2=" ">
    <subfield code="a">unmediated</subfield>
    <subfield code="b">n</subfield>
    <subfield code="2">rdamedia</subfield>
  </datafield>
  <datafield tag="338" ind1=" " ind2=" ">
    <subfield code="a">volume</subfield>
    <subfield code="b">nc</subfield>
    <subfield code="2">rdacarrier</subfield>
  </datafield>
  <datafield tag="504" ind1=" " ind2=" ">
    <subfield code="a">Includes bibliographical references.</subfield>
  </datafield>
  <datafield tag="600" ind1="1" ind2="0">
    <subfield code="a">Bataille, Georges,</subfield>
    <subfield code="d">1897-1962</subfield>
    <subfield code="x">Criticism and interpretation.</subfield>
  </datafield>
  <datafield tag="600" ind1="1" ind2="0">
    <subfield code="a">Blanchot, Maurice</subfield>
    <subfield code="x">Criticism and interpretation.</subfield>
  </datafield>
  <datafield tag="600" ind1="1" ind2="6">
    <subfield code="a">Bataille, Georges,</subfield>
    <subfield code="d">1897-1962</subfield>
    <subfield code="x">Critique et interprétation.</subfield>
  </datafield>
  <datafield tag="600" ind1="1" ind2="6">
    <subfield code="a">Blanchot, Maurice</subfield>
    <subfield code="x">Critique et interprétation.</subfield>
  </datafield>
  <datafield tag="600" ind1="1" ind2="7">
    <subfield code="a">Bataille, Georges,</subfield>
    <subfield code="d">1897-1962</subfield>
    <subfield code="2">fast</subfield>
    <subfield code="0">(OCoLC)fst00008540</subfield>
  </datafield>
  <datafield tag="600" ind1="1" ind2="7">
    <subfield code="a">Blanchot, Maurice.</subfield>
    <subfield code="2">fast</subfield>
    <subfield code="0">(OCoLC)fst00002875</subfield>
  </datafield>
  <datafield tag="600" ind1="1" ind2="7">
    <subfield code="a">Bataille, Georges.</subfield>
    <subfield code="2">swd</subfield>
  </datafield>
  <datafield tag="600" ind1="1" ind2="7">
    <subfield code="a">Blanchot, Maurice.</subfield>
    <subfield code="2">swd</subfield>
  </datafield>
  <datafield tag="655" ind1=" " ind2="7">
    <subfield code="a">Criticism, interpretation, etc.</subfield>
    <subfield code="2">fast</subfield>
    <subfield code="0">(OCoLC)fst01411635</subfield>
  </datafield>
  
  
  
  
  
  
  
</record>