<record xmlns="http://www.loc.gov/MARC21/slim" xmlns:zs="http://docs.oasis-open.org/ns/search-ws/sruResponse">
  <leader>01029cam a2200301Mi 4500</leader>
  <controlfield tag="001">ocn781977865</controlfield>
  <controlfield tag="003">OCoLC</controlfield>
  <controlfield tag="005">20160311223754.0</controlfield>
  <controlfield tag="008">890707s1989    fr            000 0 fre d</controlfield>
  <datafield tag="040" ind1=" " ind2=" ">
    <subfield code="a">NLGGC</subfield>
    <subfield code="e">fobidrtb</subfield>
    <subfield code="b">dut</subfield>
    <subfield code="c">NLGGC</subfield>
    <subfield code="d">OCLCF</subfield>
    <subfield code="d">OCLCO</subfield>
    <subfield code="d">OCL</subfield>
  </datafield>
  <datafield tag="020" ind1=" " ind2=" ">
    <subfield code="a">2700734726</subfield>
  </datafield>
  <datafield tag="020" ind1=" " ind2=" ">
    <subfield code="a">9782700734720</subfield>
  </datafield>
  <datafield tag="035" ind1=" " ind2=" ">
    <subfield code="a">(OCoLC)781977865</subfield>
  </datafield>
  <datafield tag="050" ind1=" " ind2="4">
    <subfield code="a">K230.H43</subfield>
    <subfield code="b">G7935 1989</subfield>
  </datafield>
  <datafield tag="082" ind1="0" ind2="4">
    <subfield code="a">340.1/09</subfield>
    <subfield code="2">20</subfield>
  </datafield>
  <datafield tag="100" ind1="1" ind2=" ">
    <subfield code="a">Jarczyk, Gwendoline.</subfield>
  </datafield>
  <datafield tag="245" ind1="1" ind2="3">
    <subfield code="a">Le syllogisme du pouvoir :</subfield>
    <subfield code="b">y a-t-il une démocratie Hegelienne? /</subfield>
    <subfield code="c">Gwendoline Jarczyk, Pierre-Jean Labarrière.</subfield>
  </datafield>
  <datafield tag="260" ind1=" " ind2=" ">
    <subfield code="a">[Paris] :</subfield>
    <subfield code="b">Aubier,</subfield>
    <subfield code="c">1989.</subfield>
  </datafield>
  <datafield tag="300" ind1=" " ind2=" ">
    <subfield code="a">362 p. ;</subfield>
    <subfield code="c">22 cm.</subfield>
  </datafield>
  <datafield tag="490" ind1="0" ind2=" ">
    <subfield code="a">Bibliothèque philosophique</subfield>
  </datafield>
  <datafield tag="650" ind1=" " ind2="0">
    <subfield code="a">Law</subfield>
    <subfield code="x">Philosophy.</subfield>
  </datafield>
  <datafield tag="650" ind1=" " ind2="7">
    <subfield code="a">Hegel, georg wilhelm friedrich.</subfield>
    <subfield code="2">larpcal</subfield>
  </datafield>
  <datafield tag="650" ind1=" " ind2="7">
    <subfield code="a">Politische Philosophie.</subfield>
    <subfield code="2">swd</subfield>
  </datafield>
  <datafield tag="650" ind1=" " ind2="7">
    <subfield code="a">Law (Philosophical concept)</subfield>
    <subfield code="2">fast</subfield>
    <subfield code="0">(OCoLC)fst01770250</subfield>
  </datafield>
  <datafield tag="700" ind1="1" ind2=" ">
    <subfield code="a">Labarrière, Pierre-Jean.,</subfield>
    <subfield code="e">joint author.</subfield>
  </datafield>
  
  
  
</record>