<record xmlns="http://www.loc.gov/MARC21/slim" xmlns:zs="http://docs.oasis-open.org/ns/search-ws/sruResponse">
  <leader>02234cam a2200541 a 4500</leader>
  <controlfield tag="001">ocm40602971 </controlfield>
  <controlfield tag="003">OCoLC</controlfield>
  <controlfield tag="005">20160311225808.0</controlfield>
  <controlfield tag="008">990304s1998    cc       b    000 0 chi  </controlfield>
  <datafield tag="010" ind1=" " ind2=" ">
    <subfield code="a">   99135270 </subfield>
  </datafield>
  <datafield tag="040" ind1=" " ind2=" ">
    <subfield code="a">DLC-R</subfield>
    <subfield code="b">eng</subfield>
    <subfield code="c">DLC</subfield>
    <subfield code="d">OCLCQ</subfield>
    <subfield code="d">SINLB</subfield>
    <subfield code="d">OCLCF</subfield>
    <subfield code="d">OCLCO</subfield>
    <subfield code="d">OCLCQ</subfield>
  </datafield>
  <datafield tag="066" ind1=" " ind2=" ">
    <subfield code="c">$1</subfield>
  </datafield>
  <datafield tag="020" ind1=" " ind2=" ">
    <subfield code="a">7500422202</subfield>
  </datafield>
  <datafield tag="020" ind1=" " ind2=" ">
    <subfield code="a">9787500422204</subfield>
  </datafield>
  <datafield tag="035" ind1=" " ind2=" ">
    <subfield code="a">(OCoLC)40602971</subfield>
  </datafield>
  <datafield tag="050" ind1="0" ind2="0">
    <subfield code="a">B841.4</subfield>
    <subfield code="b">.Y36 1998</subfield>
  </datafield>
  <datafield tag="082" ind1="0" ind2="4">
    <subfield code="a">149.96</subfield>
  </datafield>
  <datafield tag="100" ind1="1" ind2=" ">
    <subfield code="6">880-01</subfield>
    <subfield code="a">Yang, Dachun.</subfield>
  </datafield>
  <datafield tag="245" ind1="1" ind2="0">
    <subfield code="6">880-02</subfield>
    <subfield code="a">Wen ben de shi jie :</subfield>
    <subfield code="b">cong jie gou zhu yi dao hou jie gou zhu yi /</subfield>
    <subfield code="c">Yang Dachun zhu.</subfield>
  </datafield>
  <datafield tag="246" ind1="3" ind2="0">
    <subfield code="6">880-03</subfield>
    <subfield code="a">Cong jie gou zhu yi dao hou jie gou zhu yi</subfield>
  </datafield>
  <datafield tag="250" ind1=" " ind2=" ">
    <subfield code="6">880-04</subfield>
    <subfield code="a">Di 1 ban.</subfield>
  </datafield>
  <datafield tag="260" ind1=" " ind2=" ">
    <subfield code="6">880-05</subfield>
    <subfield code="a">Beijing :</subfield>
    <subfield code="b">Zhongguo she hui ke xue chu ban she :</subfield>
    <subfield code="b">Xin hua shu dian jing xiao,</subfield>
    <subfield code="c">1998.</subfield>
  </datafield>
  <datafield tag="300" ind1=" " ind2=" ">
    <subfield code="a">379 pages ;</subfield>
    <subfield code="c">21 cm.</subfield>
  </datafield>
  <datafield tag="336" ind1=" " ind2=" ">
    <subfield code="a">text</subfield>
    <subfield code="b">txt</subfield>
    <subfield code="2">rdacontent</subfield>
  </datafield>
  <datafield tag="337" ind1=" " ind2=" ">
    <subfield code="a">unmediated</subfield>
    <subfield code="b">n</subfield>
    <subfield code="2">rdamedia</subfield>
  </datafield>
  <datafield tag="338" ind1=" " ind2=" ">
    <subfield code="a">volume</subfield>
    <subfield code="b">nc</subfield>
    <subfield code="2">rdacarrier</subfield>
  </datafield>
  <datafield tag="490" ind1="1" ind2=" ">
    <subfield code="6">880-06</subfield>
    <subfield code="a">Hou xian dai si chao cong shu</subfield>
  </datafield>
  <datafield tag="504" ind1=" " ind2=" ">
    <subfield code="a">Includes bibliographical references (pages 374-379).</subfield>
  </datafield>
  <datafield tag="650" ind1=" " ind2="0">
    <subfield code="a">Structuralism.</subfield>
  </datafield>
  <datafield tag="650" ind1=" " ind2="0">
    <subfield code="a">Poststructuralism.</subfield>
  </datafield>
  <datafield tag="650" ind1=" " ind2="7">
    <subfield code="a">Poststructuralism.</subfield>
    <subfield code="2">fast</subfield>
    <subfield code="0">(OCoLC)fst01073231</subfield>
  </datafield>
  <datafield tag="650" ind1=" " ind2="7">
    <subfield code="a">Structuralism.</subfield>
    <subfield code="2">fast</subfield>
    <subfield code="0">(OCoLC)fst01135732</subfield>
  </datafield>
  <datafield tag="830" ind1=" " ind2="0">
    <subfield code="6">880-07</subfield>
    <subfield code="a">Hou xian dai si chao cong shu.</subfield>
  </datafield>
  <datafield tag="880" ind1="1" ind2=" ">
    <subfield code="6">100-01/$1</subfield>
    <subfield code="a">杨大春.</subfield>
  </datafield>
  <datafield tag="880" ind1="1" ind2="0">
    <subfield code="6">245-02/$1</subfield>
    <subfield code="a">文本的世界 :</subfield>
    <subfield code="b">从结构主义到后结构主义 /</subfield>
    <subfield code="c">杨大春著.</subfield>
  </datafield>
  <datafield tag="880" ind1="3" ind2="0">
    <subfield code="6">246-03/$1</subfield>
    <subfield code="a">从结构主义到后结构主义</subfield>
  </datafield>
  <datafield tag="880" ind1=" " ind2=" ">
    <subfield code="6">250-04/$1</subfield>
    <subfield code="a">第1版.</subfield>
  </datafield>
  <datafield tag="880" ind1=" " ind2=" ">
    <subfield code="6">260-05/$1</subfield>
    <subfield code="a">北京 :</subfield>
    <subfield code="b">中国社会科学出版社 :</subfield>
    <subfield code="b">新华书店经销,</subfield>
    <subfield code="c">1998.</subfield>
  </datafield>
  <datafield tag="880" ind1="1" ind2=" ">
    <subfield code="6">490-06/$1</subfield>
    <subfield code="a">后现代思潮丛书</subfield>
  </datafield>
  <datafield tag="880" ind1=" " ind2="0">
    <subfield code="6">830-07/$1</subfield>
    <subfield code="a">后现代思潮丛书.</subfield>
  </datafield>
  
  
  
  
  
  
  
  
</record>