<record xmlns="http://www.loc.gov/MARC21/slim" xmlns:zs="http://docs.oasis-open.org/ns/search-ws/sruResponse">
  <leader>02612cam a2200577Ka 4500</leader>
  <controlfield tag="001">ocn741762669</controlfield>
  <controlfield tag="003">OCoLC</controlfield>
  <controlfield tag="005">20160311225627.0</controlfield>
  <controlfield tag="008">110717s1986    fr a    obc  f001 0 fre d</controlfield>
  <controlfield tag="006">m     o  d        </controlfield>
  <controlfield tag="007">cr un||a|a||||</controlfield>
  <datafield tag="040" ind1=" " ind2=" ">
    <subfield code="a">OCLCE</subfield>
    <subfield code="b">eng</subfield>
    <subfield code="e">pn</subfield>
    <subfield code="c">OCLCE</subfield>
    <subfield code="d">OCLCQ</subfield>
    <subfield code="d">OCLCO</subfield>
    <subfield code="d">OCLCF</subfield>
  </datafield>
  <datafield tag="020" ind1=" " ind2=" ">
    <subfield code="z">2711820653</subfield>
  </datafield>
  <datafield tag="020" ind1=" " ind2=" ">
    <subfield code="z">9782711820658</subfield>
  </datafield>
  <datafield tag="035" ind1=" " ind2=" ">
    <subfield code="a">(OCoLC)741762669</subfield>
  </datafield>
  <datafield tag="043" ind1=" " ind2=" ">
    <subfield code="a">e-fr---</subfield>
  </datafield>
  <datafield tag="050" ind1=" " ind2="4">
    <subfield code="a">NC825.W67</subfield>
    <subfield code="b">M87 1986</subfield>
  </datafield>
  <datafield tag="050" ind1=" " ind2="4">
    <subfield code="a">N8265</subfield>
    <subfield code="b">.M87x 1986</subfield>
  </datafield>
  <datafield tag="082" ind1="0" ind2="4">
    <subfield code="a">741.94/074/04361</subfield>
    <subfield code="2">19</subfield>
  </datafield>
  <datafield tag="110" ind1="2" ind2=" ">
    <subfield code="a">Musée du Louvre.</subfield>
    <subfield code="b">Cabinet des dessins.</subfield>
  </datafield>
  <datafield tag="245" ind1="1" ind2="4">
    <subfield code="a">Les mots dans le dessin</subfield>
    <subfield code="h">[electronic resource] :</subfield>
    <subfield code="b">87e exposition du Cabinet des dessins, Musée du Louvre, 20 juin-29 septembre 1986.</subfield>
  </datafield>
  <datafield tag="260" ind1=" " ind2=" ">
    <subfield code="a">Paris :</subfield>
    <subfield code="b">Ministère de la culture et de la communication, Editions de la Réunion des musées nationaux,</subfield>
    <subfield code="c">©1986.</subfield>
  </datafield>
  <datafield tag="300" ind1=" " ind2=" ">
    <subfield code="a">1 online resource (125 pages) :</subfield>
    <subfield code="b">illustrations</subfield>
  </datafield>
  <datafield tag="336" ind1=" " ind2=" ">
    <subfield code="a">text</subfield>
    <subfield code="b">txt</subfield>
    <subfield code="2">rdacontent</subfield>
  </datafield>
  <datafield tag="337" ind1=" " ind2=" ">
    <subfield code="a">computer</subfield>
    <subfield code="b">c</subfield>
    <subfield code="2">rdamedia</subfield>
  </datafield>
  <datafield tag="338" ind1=" " ind2=" ">
    <subfield code="a">online resource</subfield>
    <subfield code="b">cr</subfield>
    <subfield code="2">rdacarrier</subfield>
  </datafield>
  <datafield tag="500" ind1=" " ind2=" ">
    <subfield code="a">"Catalogue rédigé par Régis Michel ... Madeleine Pinault ... Arlette Sérullaz"--Page 9.</subfield>
  </datafield>
  <datafield tag="504" ind1=" " ind2=" ">
    <subfield code="a">Includes bibliographical references (pages 119-123).</subfield>
  </datafield>
  <datafield tag="500" ind1=" " ind2=" ">
    <subfield code="a">Includes index.</subfield>
  </datafield>
  <datafield tag="588" ind1=" " ind2=" ">
    <subfield code="a">Description based on print version record.</subfield>
  </datafield>
  <datafield tag="650" ind1=" " ind2="0">
    <subfield code="a">Words in art</subfield>
    <subfield code="v">Exhibitions.</subfield>
  </datafield>
  <datafield tag="650" ind1=" " ind2="0">
    <subfield code="a">Drawing</subfield>
    <subfield code="x">Expertising</subfield>
    <subfield code="v">Exhibitions.</subfield>
  </datafield>
  <datafield tag="610" ind1="2" ind2="0">
    <subfield code="a">Musée du Louvre.</subfield>
    <subfield code="b">Cabinet des dessins</subfield>
    <subfield code="v">Exhibitions.</subfield>
  </datafield>
  <datafield tag="610" ind1="2" ind2="4">
    <subfield code="a">Musée du Louvre.</subfield>
    <subfield code="b">Cabinet des dessins</subfield>
    <subfield code="v">Exhibitions.</subfield>
  </datafield>
  <datafield tag="610" ind1="2" ind2="6">
    <subfield code="a">Musée du Louvre.</subfield>
    <subfield code="b">Cabinet des dessins</subfield>
    <subfield code="v">Expositions.</subfield>
  </datafield>
  <datafield tag="650" ind1=" " ind2="6">
    <subfield code="a">Dessin européen</subfield>
    <subfield code="v">Expositions.</subfield>
  </datafield>
  <datafield tag="650" ind1=" " ind2="6">
    <subfield code="a">Écriture dans l'art</subfield>
    <subfield code="v">Expositions.</subfield>
  </datafield>
  <datafield tag="650" ind1=" " ind2="6">
    <subfield code="a">Peintres</subfield>
    <subfield code="z">Europe</subfield>
    <subfield code="x">Autographes</subfield>
    <subfield code="v">Expositions.</subfield>
  </datafield>
  <datafield tag="650" ind1=" " ind2="6">
    <subfield code="a">Inscriptions</subfield>
    <subfield code="v">Expositions.</subfield>
  </datafield>
  <datafield tag="650" ind1=" " ind2="6">
    <subfield code="a">Illustrations, images, etc.</subfield>
    <subfield code="x">Interprétation</subfield>
    <subfield code="v">Expositions.</subfield>
  </datafield>
  <datafield tag="610" ind1="2" ind2="7">
    <subfield code="a">Musée du Louvre.</subfield>
    <subfield code="b">Cabinet des dessins.</subfield>
    <subfield code="2">fast</subfield>
    <subfield code="0">(OCoLC)fst00513747</subfield>
  </datafield>
  <datafield tag="650" ind1=" " ind2="7">
    <subfield code="a">Drawing</subfield>
    <subfield code="x">Expertising.</subfield>
    <subfield code="2">fast</subfield>
    <subfield code="0">(OCoLC)fst00897736</subfield>
  </datafield>
  <datafield tag="650" ind1=" " ind2="7">
    <subfield code="a">Words in art.</subfield>
    <subfield code="2">fast</subfield>
    <subfield code="0">(OCoLC)fst01180181</subfield>
  </datafield>
  <datafield tag="655" ind1=" " ind2="7">
    <subfield code="a">Exhibition catalogs.</subfield>
    <subfield code="2">fast</subfield>
    <subfield code="0">(OCoLC)fst01424028</subfield>
  </datafield>
  <datafield tag="700" ind1="1" ind2=" ">
    <subfield code="a">Michel, Régis.</subfield>
  </datafield>
  <datafield tag="700" ind1="1" ind2=" ">
    <subfield code="a">Pinault, Madeleine.</subfield>
  </datafield>
  <datafield tag="700" ind1="1" ind2=" ">
    <subfield code="a">Sérullaz, Arlette.</subfield>
  </datafield>
  <datafield tag="776" ind1="0" ind2="8">
    <subfield code="i">Print version:</subfield>
    <subfield code="a">Musée du Louvre. Cabinet des dessins.</subfield>
    <subfield code="t">Mots dans le dessin.</subfield>
    <subfield code="d">Paris : Ministère de la culture et de la communication, Editions de la Réunion des musées nationaux, ©1986</subfield>
    <subfield code="w">(DLC)   87106647</subfield>
    <subfield code="w">(OCoLC)17411820</subfield>
  </datafield>
  <datafield tag="856" ind1="4" ind2="0">
    <subfield code="3">Google</subfield>
    <subfield code="u">http://books.google.com/books?id=ayVKAQAAIAAJ</subfield>
  </datafield>
  
  
</record>