<record xmlns="http://www.loc.gov/MARC21/slim" xmlns:zs="http://docs.oasis-open.org/ns/search-ws/sruResponse">
  <leader>01795cam a2200517Ii 4500</leader>
  <controlfield tag="001">ocm06231596 </controlfield>
  <controlfield tag="003">OCoLC</controlfield>
  <controlfield tag="005">20160311224616.0</controlfield>
  <controlfield tag="008">800422s1979    fr            000 1 fre d</controlfield>
  <datafield tag="040" ind1=" " ind2=" ">
    <subfield code="a">UPM</subfield>
    <subfield code="b">eng</subfield>
    <subfield code="c">UPM</subfield>
    <subfield code="d">OCL</subfield>
    <subfield code="d">NLGGC</subfield>
    <subfield code="d">OCLCG</subfield>
    <subfield code="d">YDXCP</subfield>
    <subfield code="d">AU@</subfield>
    <subfield code="d">DEBBG</subfield>
    <subfield code="d">OCLCQ</subfield>
    <subfield code="d">OCLCF</subfield>
    <subfield code="d">OCLCQ</subfield>
    <subfield code="d">OCLCO</subfield>
  </datafield>
  <datafield tag="020" ind1=" " ind2=" ">
    <subfield code="a">2721001582</subfield>
  </datafield>
  <datafield tag="020" ind1=" " ind2=" ">
    <subfield code="a">9782721001580</subfield>
  </datafield>
  <datafield tag="035" ind1=" " ind2=" ">
    <subfield code="a">(OCoLC)6231596</subfield>
  </datafield>
  <datafield tag="041" ind1="0" ind2=" ">
    <subfield code="a">freeng</subfield>
  </datafield>
  <datafield tag="050" ind1=" " ind2="4">
    <subfield code="a">PQ2663.I9</subfield>
    <subfield code="b">V58 1979</subfield>
  </datafield>
  <datafield tag="082" ind1="0" ind2="4">
    <subfield code="a">844</subfield>
  </datafield>
  <datafield tag="082" ind1="0" ind2="4">
    <subfield code="a">305.4</subfield>
    <subfield code="2">19</subfield>
  </datafield>
  <datafield tag="084" ind1=" " ind2=" ">
    <subfield code="a">71.31</subfield>
    <subfield code="2">bcl</subfield>
  </datafield>
  <datafield tag="084" ind1=" " ind2=" ">
    <subfield code="a">IH 28160</subfield>
    <subfield code="2">rvk</subfield>
  </datafield>
  <datafield tag="100" ind1="1" ind2=" ">
    <subfield code="a">Cixous, Hélène,</subfield>
    <subfield code="d">1937-</subfield>
  </datafield>
  <datafield tag="245" ind1="1" ind2="0">
    <subfield code="a">Vivre l'orange =</subfield>
    <subfield code="b">To live the orange /</subfield>
    <subfield code="c">Hélène Cixous.</subfield>
  </datafield>
  <datafield tag="260" ind1=" " ind2=" ">
    <subfield code="a">Paris :</subfield>
    <subfield code="b">Des Femmes,</subfield>
    <subfield code="c">1979.</subfield>
  </datafield>
  <datafield tag="300" ind1=" " ind2=" ">
    <subfield code="a">113 pages ;</subfield>
    <subfield code="c">19 cm</subfield>
  </datafield>
  <datafield tag="336" ind1=" " ind2=" ">
    <subfield code="a">text</subfield>
    <subfield code="b">txt</subfield>
    <subfield code="2">rdacontent</subfield>
  </datafield>
  <datafield tag="337" ind1=" " ind2=" ">
    <subfield code="a">unmediated</subfield>
    <subfield code="b">n</subfield>
    <subfield code="2">rdamedia</subfield>
  </datafield>
  <datafield tag="338" ind1=" " ind2=" ">
    <subfield code="a">volume</subfield>
    <subfield code="b">nc</subfield>
    <subfield code="2">rdacarrier</subfield>
  </datafield>
  <datafield tag="500" ind1=" " ind2=" ">
    <subfield code="a">French and English on facing pages.</subfield>
  </datafield>
  <datafield tag="530" ind1=" " ind2=" ">
    <subfield code="a">Also issued online.</subfield>
  </datafield>
  <datafield tag="650" ind1=" " ind2="0">
    <subfield code="a">Feminism.</subfield>
  </datafield>
  <datafield tag="650" ind1=" " ind2="7">
    <subfield code="a">Feminism.</subfield>
    <subfield code="2">fast</subfield>
    <subfield code="0">(OCoLC)fst00922671</subfield>
  </datafield>
  <datafield tag="740" ind1="0" ind2=" ">
    <subfield code="a">To live the orange.</subfield>
  </datafield>
  <datafield tag="776" ind1="0" ind2="8">
    <subfield code="i">Online version:</subfield>
    <subfield code="a">Cixous, Hélène, 1937-</subfield>
    <subfield code="t">Vivre l'orange.</subfield>
    <subfield code="d">Paris : des Femmes, 1979</subfield>
    <subfield code="w">(OCoLC)557603819</subfield>
  </datafield>
  
  
  
  
  
  
  
  
  
  
  
  
  
  
</record>