<record xmlns="http://www.loc.gov/MARC21/slim" xmlns:zs="http://docs.oasis-open.org/ns/search-ws/sruResponse">
  <leader>02212cam a2200613Ma 4500</leader>
  <controlfield tag="001">ocn718016924</controlfield>
  <controlfield tag="003">OCoLC</controlfield>
  <controlfield tag="005">20160311225100.0</controlfield>
  <controlfield tag="008">050112m20049999fr            000 0 fre d</controlfield>
  <datafield tag="040" ind1=" " ind2=" ">
    <subfield code="a">RERO labcud</subfield>
    <subfield code="b">fre</subfield>
    <subfield code="c">CHRRO</subfield>
    <subfield code="d">UQ1</subfield>
    <subfield code="d">DHA</subfield>
    <subfield code="d">OCLCO</subfield>
    <subfield code="d">OCLCF</subfield>
    <subfield code="d">OCLCO</subfield>
  </datafield>
  <datafield tag="020" ind1=" " ind2=" ">
    <subfield code="a">2718606606 (vol. 1)</subfield>
  </datafield>
  <datafield tag="020" ind1=" " ind2=" ">
    <subfield code="a">9782718606606 (vol. 1)</subfield>
  </datafield>
  <datafield tag="020" ind1=" " ind2=" ">
    <subfield code="a">2718607068 (vol. 2)</subfield>
  </datafield>
  <datafield tag="020" ind1=" " ind2=" ">
    <subfield code="a">9782718607061 (vol. 2)</subfield>
  </datafield>
  <datafield tag="020" ind1=" " ind2=" ">
    <subfield code="a">2718607157 (vol. 3)</subfield>
  </datafield>
  <datafield tag="020" ind1=" " ind2=" ">
    <subfield code="a">9782718607153 (vol. 3)</subfield>
  </datafield>
  <datafield tag="035" ind1=" " ind2=" ">
    <subfield code="a">(OCoLC)718016924</subfield>
  </datafield>
  <datafield tag="050" ind1="1" ind2="4">
    <subfield code="a">CB478</subfield>
    <subfield code="b">S75.2004</subfield>
  </datafield>
  <datafield tag="072" ind1=" " ind2="7">
    <subfield code="a">s1sp</subfield>
    <subfield code="2">rero</subfield>
  </datafield>
  <datafield tag="082" ind1="1" ind2="4">
    <subfield code="a">194</subfield>
    <subfield code="2">1</subfield>
  </datafield>
  <datafield tag="100" ind1="1" ind2=" ">
    <subfield code="a">Stiegler, Bernard.</subfield>
  </datafield>
  <datafield tag="245" ind1="1" ind2="0">
    <subfield code="a">Mécréance et discrédit /</subfield>
    <subfield code="c">Bernard Stiegler.</subfield>
  </datafield>
  <datafield tag="260" ind1=" " ind2=" ">
    <subfield code="a">Paris :</subfield>
    <subfield code="b">Galilée,</subfield>
    <subfield code="c">2004-</subfield>
  </datafield>
  <datafield tag="300" ind1=" " ind2=" ">
    <subfield code="c">24 cm.</subfield>
  </datafield>
  <datafield tag="490" ind1="1" ind2=" ">
    <subfield code="a">Collection Débats</subfield>
  </datafield>
  <datafield tag="500" ind1=" " ind2=" ">
    <subfield code="a">1: La décadence des démocraties industrielles</subfield>
  </datafield>
  <datafield tag="500" ind1=" " ind2=" ">
    <subfield code="a">2: Les sociétés incontrôlables d'individus désaffectés</subfield>
  </datafield>
  <datafield tag="500" ind1=" " ind2=" ">
    <subfield code="a">3: L'esprit perdu du capitalisme</subfield>
  </datafield>
  <datafield tag="650" ind1=" " ind2="7">
    <subfield code="a">capitalisme</subfield>
    <subfield code="x">culture</subfield>
    <subfield code="x">démocratie</subfield>
    <subfield code="x">société industrielle (milieu humain)</subfield>
    <subfield code="2">rero</subfield>
  </datafield>
  <datafield tag="650" ind1=" " ind2="7">
    <subfield code="a">Société industrielle.</subfield>
    <subfield code="2">rasuqam</subfield>
  </datafield>
  <datafield tag="650" ind1=" " ind2="7">
    <subfield code="a">Technologie.</subfield>
    <subfield code="2">rasuqam</subfield>
  </datafield>
  <datafield tag="650" ind1=" " ind2="7">
    <subfield code="a">Civilisation.</subfield>
    <subfield code="2">rasuqam</subfield>
  </datafield>
  <datafield tag="650" ind1=" " ind2="7">
    <subfield code="a">Démocratie.</subfield>
    <subfield code="2">rasuqam</subfield>
  </datafield>
  <datafield tag="650" ind1=" " ind2="7">
    <subfield code="a">Capitalisme.</subfield>
    <subfield code="2">rasuqam</subfield>
  </datafield>
  <datafield tag="650" ind1=" " ind2="7">
    <subfield code="a">Décadence.</subfield>
    <subfield code="2">rasuqam</subfield>
  </datafield>
  <datafield tag="650" ind1=" " ind2="7">
    <subfield code="a">Individuation.</subfield>
    <subfield code="2">rasuqam</subfield>
  </datafield>
  <datafield tag="650" ind1=" " ind2="0">
    <subfield code="a">Capitalism.</subfield>
  </datafield>
  <datafield tag="650" ind1=" " ind2="0">
    <subfield code="a">Consumption (Economics)</subfield>
    <subfield code="x">Social aspects.</subfield>
  </datafield>
  <datafield tag="650" ind1=" " ind2="0">
    <subfield code="a">Democracy.</subfield>
  </datafield>
  <datafield tag="650" ind1=" " ind2="0">
    <subfield code="a">Individualism.</subfield>
  </datafield>
  <datafield tag="650" ind1=" " ind2="0">
    <subfield code="a">Technological innovations</subfield>
    <subfield code="x">Social aspects.</subfield>
  </datafield>
  <datafield tag="651" ind1=" " ind2="0">
    <subfield code="a">Developed countries</subfield>
    <subfield code="x">Civilization.</subfield>
  </datafield>
  <datafield tag="650" ind1=" " ind2="7">
    <subfield code="a">Capitalism.</subfield>
    <subfield code="2">fast</subfield>
    <subfield code="0">(OCoLC)fst00846425</subfield>
  </datafield>
  <datafield tag="650" ind1=" " ind2="7">
    <subfield code="a">Civilization.</subfield>
    <subfield code="2">fast</subfield>
    <subfield code="0">(OCoLC)fst00862898</subfield>
  </datafield>
  <datafield tag="650" ind1=" " ind2="7">
    <subfield code="a">Consumption (Economics)</subfield>
    <subfield code="x">Social aspects.</subfield>
    <subfield code="2">fast</subfield>
    <subfield code="0">(OCoLC)fst00876475</subfield>
  </datafield>
  <datafield tag="650" ind1=" " ind2="7">
    <subfield code="a">Democracy.</subfield>
    <subfield code="2">fast</subfield>
    <subfield code="0">(OCoLC)fst00890077</subfield>
  </datafield>
  <datafield tag="650" ind1=" " ind2="7">
    <subfield code="a">Individualism.</subfield>
    <subfield code="2">fast</subfield>
    <subfield code="0">(OCoLC)fst00970328</subfield>
  </datafield>
  <datafield tag="650" ind1=" " ind2="7">
    <subfield code="a">Technological innovations</subfield>
    <subfield code="x">Social aspects.</subfield>
    <subfield code="2">fast</subfield>
    <subfield code="0">(OCoLC)fst01145049</subfield>
  </datafield>
  <datafield tag="651" ind1=" " ind2="7">
    <subfield code="a">Developed countries.</subfield>
    <subfield code="2">fast</subfield>
    <subfield code="0">(OCoLC)fst01294462</subfield>
  </datafield>
  <datafield tag="648" ind1=" " ind2="7">
    <subfield code="a">21e siècle</subfield>
    <subfield code="2">rasuqam</subfield>
  </datafield>
  <datafield tag="830" ind1=" " ind2="0">
    <subfield code="a">Débats.</subfield>
    <subfield code="p">Galilée</subfield>
  </datafield>
  
  
  
</record>