<record xmlns="http://www.loc.gov/MARC21/slim" xmlns:zs="http://docs.oasis-open.org/ns/search-ws/sruResponse">
  <leader>01358cam a2200337Ma 4500</leader>
  <controlfield tag="001">ocn768395921</controlfield>
  <controlfield tag="003">OCoLC</controlfield>
  <controlfield tag="005">20160311225657.0</controlfield>
  <controlfield tag="008">060125s2005    fr aco       f000 0dfre d</controlfield>
  <datafield tag="040" ind1=" " ind2=" ">
    <subfield code="a">Q2U</subfield>
    <subfield code="b">eng</subfield>
    <subfield code="c">Q2U</subfield>
    <subfield code="d">OCLCF</subfield>
    <subfield code="d">OCLCO</subfield>
    <subfield code="d">OCLCQ</subfield>
  </datafield>
  <datafield tag="020" ind1=" " ind2=" ">
    <subfield code="a">2914935544</subfield>
  </datafield>
  <datafield tag="020" ind1=" " ind2=" ">
    <subfield code="a">9782914935548</subfield>
  </datafield>
  <datafield tag="035" ind1=" " ind2=" ">
    <subfield code="a">(OCoLC)768395921</subfield>
  </datafield>
  <datafield tag="050" ind1=" " ind2="4">
    <subfield code="a">PQ2663.I9</subfield>
    <subfield code="b">Z5453 2005</subfield>
  </datafield>
  <datafield tag="100" ind1="1" ind2=" ">
    <subfield code="a">Calle-Gruber, Mireille,</subfield>
    <subfield code="d">1945-</subfield>
  </datafield>
  <datafield tag="245" ind1="1" ind2="0">
    <subfield code="a">Hélène Cixous :</subfield>
    <subfield code="b">je veux l'ère qui bouillonne avant l'œuvre /</subfield>
    <subfield code="c">Mireille Calle-Gruber.</subfield>
  </datafield>
  <datafield tag="246" ind1="3" ind2="0">
    <subfield code="a">Je veux l'ère qui bouillonne avant l'œuvre</subfield>
  </datafield>
  <datafield tag="260" ind1=" " ind2=" ">
    <subfield code="a">Paris :</subfield>
    <subfield code="b">Association pour la diffusion de la pensée française,</subfield>
    <subfield code="c">©2005.</subfield>
  </datafield>
  <datafield tag="300" ind1=" " ind2=" ">
    <subfield code="a">1 portfolio (approximately 54 leaves) :</subfield>
    <subfield code="b">illustrations, portraits ;</subfield>
    <subfield code="c">33 cm</subfield>
  </datafield>
  <datafield tag="336" ind1=" " ind2=" ">
    <subfield code="a">text</subfield>
    <subfield code="b">txt</subfield>
    <subfield code="2">rdacontent</subfield>
  </datafield>
  <datafield tag="337" ind1=" " ind2=" ">
    <subfield code="a">unmediated</subfield>
    <subfield code="b">n</subfield>
    <subfield code="2">rdamedia</subfield>
  </datafield>
  <datafield tag="338" ind1=" " ind2=" ">
    <subfield code="a">volume</subfield>
    <subfield code="b">nc</subfield>
    <subfield code="2">rdacarrier</subfield>
  </datafield>
  <datafield tag="500" ind1=" " ind2=" ">
    <subfield code="a">Cardboard folder containing loose leaves, in slipcase.</subfield>
  </datafield>
  <datafield tag="500" ind1=" " ind2=" ">
    <subfield code="a">Title data from spine.</subfield>
  </datafield>
  <datafield tag="600" ind1="1" ind2="0">
    <subfield code="a">Cixous, Hélène,</subfield>
    <subfield code="d">1937-</subfield>
    <subfield code="v">Pictorial works.</subfield>
  </datafield>
  <datafield tag="600" ind1="1" ind2="0">
    <subfield code="a">Cixous, Hélène,</subfield>
    <subfield code="d">1937-</subfield>
    <subfield code="x">Criticism and interpretation.</subfield>
  </datafield>
  <datafield tag="600" ind1="1" ind2="7">
    <subfield code="a">Cixous, Hélène,</subfield>
    <subfield code="d">1937-</subfield>
    <subfield code="2">fast</subfield>
    <subfield code="0">(OCoLC)fst00014357</subfield>
  </datafield>
  <datafield tag="655" ind1=" " ind2="7">
    <subfield code="a">Criticism, interpretation, etc.</subfield>
    <subfield code="2">fast</subfield>
    <subfield code="0">(OCoLC)fst01411635</subfield>
  </datafield>
  <datafield tag="655" ind1=" " ind2="7">
    <subfield code="a">Pictorial works.</subfield>
    <subfield code="2">fast</subfield>
    <subfield code="0">(OCoLC)fst01423874</subfield>
  </datafield>
  
  
</record>