<record xmlns="http://www.loc.gov/MARC21/slim" xmlns:zs="http://docs.oasis-open.org/ns/search-ws/sruResponse">
  <leader>02100cam a2200541 a 4500</leader>
  <controlfield tag="001">ocm13270417 </controlfield>
  <controlfield tag="003">OCoLC</controlfield>
  <controlfield tag="005">20160311223139.0</controlfield>
  <controlfield tag="008">860219s1986    ilua     b    001 0 eng  </controlfield>
  <datafield tag="010" ind1=" " ind2=" ">
    <subfield code="a">   86002439 </subfield>
  </datafield>
  <datafield tag="040" ind1=" " ind2=" ">
    <subfield code="a">DLC</subfield>
    <subfield code="b">eng</subfield>
    <subfield code="c">DLC</subfield>
    <subfield code="d">MUQ</subfield>
    <subfield code="d">YDXCP</subfield>
    <subfield code="d">BAKER</subfield>
    <subfield code="d">OCLCG</subfield>
    <subfield code="d">CCV</subfield>
    <subfield code="d">GEBAY</subfield>
    <subfield code="d">BDX</subfield>
    <subfield code="d">OCLCO</subfield>
    <subfield code="d">OCLCF</subfield>
    <subfield code="d">OCLCQ</subfield>
    <subfield code="d">OCLCO</subfield>
  </datafield>
  <datafield tag="020" ind1=" " ind2=" ">
    <subfield code="a">0812690354</subfield>
  </datafield>
  <datafield tag="020" ind1=" " ind2=" ">
    <subfield code="a">9780812690354</subfield>
  </datafield>
  <datafield tag="035" ind1=" " ind2=" ">
    <subfield code="a">(OCoLC)13270417</subfield>
  </datafield>
  <datafield tag="050" ind1="0" ind2="0">
    <subfield code="a">P211</subfield>
    <subfield code="b">.H35 1986</subfield>
  </datafield>
  <datafield tag="082" ind1="0" ind2=" ">
    <subfield code="a">411</subfield>
    <subfield code="2">19</subfield>
  </datafield>
  <datafield tag="100" ind1="1" ind2=" ">
    <subfield code="a">Harris, Roy,</subfield>
    <subfield code="d">1931-</subfield>
  </datafield>
  <datafield tag="245" ind1="1" ind2="4">
    <subfield code="a">The origin of writing /</subfield>
    <subfield code="c">Roy Harris.</subfield>
  </datafield>
  <datafield tag="260" ind1=" " ind2=" ">
    <subfield code="a">LaSalle, Ill. :</subfield>
    <subfield code="b">Open Court,</subfield>
    <subfield code="c">©1986.</subfield>
  </datafield>
  <datafield tag="300" ind1=" " ind2=" ">
    <subfield code="a">ix, 166 pages :</subfield>
    <subfield code="b">illustrations ;</subfield>
    <subfield code="c">23 cm</subfield>
  </datafield>
  <datafield tag="336" ind1=" " ind2=" ">
    <subfield code="a">text</subfield>
    <subfield code="b">txt</subfield>
    <subfield code="2">rdacontent</subfield>
  </datafield>
  <datafield tag="337" ind1=" " ind2=" ">
    <subfield code="a">unmediated</subfield>
    <subfield code="b">n</subfield>
    <subfield code="2">rdamedia</subfield>
  </datafield>
  <datafield tag="338" ind1=" " ind2=" ">
    <subfield code="a">volume</subfield>
    <subfield code="b">nc</subfield>
    <subfield code="2">rdacarrier</subfield>
  </datafield>
  <datafield tag="504" ind1=" " ind2=" ">
    <subfield code="a">Includes bibliographical references (pages 159-163) and index.</subfield>
  </datafield>
  <datafield tag="650" ind1=" " ind2="0">
    <subfield code="a">Writing</subfield>
    <subfield code="x">History.</subfield>
  </datafield>
  <datafield tag="650" ind1=" " ind2="0">
    <subfield code="a">Alphabet</subfield>
    <subfield code="x">History.</subfield>
  </datafield>
  <datafield tag="650" ind1=" " ind2="6">
    <subfield code="a">Écriture</subfield>
    <subfield code="x">Histoire.</subfield>
  </datafield>
  <datafield tag="650" ind1=" " ind2="6">
    <subfield code="a">Alphabet</subfield>
    <subfield code="x">Histoire.</subfield>
  </datafield>
  <datafield tag="650" ind1=" " ind2="7">
    <subfield code="a">Alphabet.</subfield>
    <subfield code="2">fast</subfield>
    <subfield code="0">(OCoLC)fst00805945</subfield>
  </datafield>
  <datafield tag="650" ind1=" " ind2="7">
    <subfield code="a">Writing.</subfield>
    <subfield code="2">fast</subfield>
    <subfield code="0">(OCoLC)fst01181638</subfield>
  </datafield>
  <datafield tag="650" ind1="0" ind2="7">
    <subfield code="a">Schrift.</subfield>
    <subfield code="2">swd</subfield>
  </datafield>
  <datafield tag="650" ind1="0" ind2="7">
    <subfield code="a">Geschichte.</subfield>
    <subfield code="2">swd</subfield>
  </datafield>
  <datafield tag="655" ind1=" " ind2="7">
    <subfield code="a">History.</subfield>
    <subfield code="2">fast</subfield>
    <subfield code="0">(OCoLC)fst01411628</subfield>
  </datafield>
  <datafield tag="776" ind1="0" ind2="8">
    <subfield code="i">Online version:</subfield>
    <subfield code="a">Harris, Roy, 1931-</subfield>
    <subfield code="t">Origin of writing.</subfield>
    <subfield code="d">LaSalle, Ill. : Open Court, ©1986</subfield>
    <subfield code="w">(OCoLC)564429844</subfield>
  </datafield>
  
  
  
  
  
  
  
  
  
  
  
  
  
  
</record>