<record xmlns="http://www.loc.gov/MARC21/slim" xmlns:zs="http://docs.oasis-open.org/ns/search-ws/sruResponse">
  <leader>01426cam a2200397Ia 4500</leader>
  <controlfield tag="001">ocm39204765 </controlfield>
  <controlfield tag="003">OCoLC</controlfield>
  <controlfield tag="005">20160311223719.0</controlfield>
  <controlfield tag="008">980601s1998    fr            000 1 fre d</controlfield>
  <datafield tag="040" ind1=" " ind2=" ">
    <subfield code="a">NYP</subfield>
    <subfield code="b">eng</subfield>
    <subfield code="c">NYP</subfield>
    <subfield code="d">MTH</subfield>
    <subfield code="d">TZT</subfield>
    <subfield code="d">OCLCQ</subfield>
    <subfield code="d">DRB</subfield>
    <subfield code="d">OCLCQ</subfield>
  </datafield>
  <datafield tag="020" ind1=" " ind2=" ">
    <subfield code="a">2842610431</subfield>
  </datafield>
  <datafield tag="020" ind1=" " ind2=" ">
    <subfield code="a">9782842610432</subfield>
  </datafield>
  <datafield tag="035" ind1=" " ind2=" ">
    <subfield code="a">(OCoLC)39204765</subfield>
  </datafield>
  <datafield tag="050" ind1=" " ind2="4">
    <subfield code="a">PQ2686.A685</subfield>
    <subfield code="b">S66 1998</subfield>
  </datafield>
  <datafield tag="072" ind1=" " ind2="7">
    <subfield code="a">PQ</subfield>
    <subfield code="2">lcco</subfield>
  </datafield>
  <datafield tag="082" ind1="1" ind2="4">
    <subfield code="a">843</subfield>
    <subfield code="2">1</subfield>
  </datafield>
  <datafield tag="100" ind1="1" ind2=" ">
    <subfield code="a">Zāwī, Amīn.</subfield>
  </datafield>
  <datafield tag="245" ind1="1" ind2="0">
    <subfield code="a">Sommeil du mimosa :</subfield>
    <subfield code="b">suivi de, Sonate des loups : romans /</subfield>
    <subfield code="c">Amin Zaoui.</subfield>
  </datafield>
  <datafield tag="260" ind1=" " ind2=" ">
    <subfield code="a">Paris :</subfield>
    <subfield code="b">Serpent à plumes,</subfield>
    <subfield code="c">©1998.</subfield>
  </datafield>
  <datafield tag="300" ind1=" " ind2=" ">
    <subfield code="a">154 pages ;</subfield>
    <subfield code="c">20 cm</subfield>
  </datafield>
  <datafield tag="336" ind1=" " ind2=" ">
    <subfield code="a">text</subfield>
    <subfield code="b">txt</subfield>
    <subfield code="2">rdacontent</subfield>
  </datafield>
  <datafield tag="337" ind1=" " ind2=" ">
    <subfield code="a">unmediated</subfield>
    <subfield code="b">n</subfield>
    <subfield code="2">rdamedia</subfield>
  </datafield>
  <datafield tag="338" ind1=" " ind2=" ">
    <subfield code="a">volume</subfield>
    <subfield code="b">nc</subfield>
    <subfield code="2">rdacarrier</subfield>
  </datafield>
  <datafield tag="653" ind1=" " ind2=" ">
    <subfield code="a">Novel</subfield>
  </datafield>
  <datafield tag="700" ind1="1" ind2="2">
    <subfield code="a">Zāwī, Amīn.</subfield>
    <subfield code="t">Sonate des loups.</subfield>
  </datafield>
  <datafield tag="740" ind1="0" ind2="2">
    <subfield code="a">Sonate des loups.</subfield>
  </datafield>
  <datafield tag="776" ind1="0" ind2="8">
    <subfield code="i">Online version:</subfield>
    <subfield code="a">Zāwī, Amīn.</subfield>
    <subfield code="t">Sommeil du mimosa.</subfield>
    <subfield code="d">Paris : Serpent à plumes, ©1998</subfield>
    <subfield code="w">(OCoLC)605538409</subfield>
  </datafield>
  
  
  
  
  
  
  
  
  
</record>