<record xmlns="http://www.loc.gov/MARC21/slim" xmlns:zs="http://docs.oasis-open.org/ns/search-ws/sruResponse">
  <leader>01489cam a2200433Li 4500</leader>
  <controlfield tag="001">ocn489611742</controlfield>
  <controlfield tag="003">OCoLC</controlfield>
  <controlfield tag="005">20160311224430.0</controlfield>
  <controlfield tag="008">830505s1982    fr     f b    001 0 fre d</controlfield>
  <datafield tag="040" ind1=" " ind2=" ">
    <subfield code="a">ZWZ</subfield>
    <subfield code="e">ncafnor</subfield>
    <subfield code="b">fre</subfield>
    <subfield code="c">ZWZ</subfield>
    <subfield code="d">OCLCF</subfield>
    <subfield code="d">OCLCO</subfield>
  </datafield>
  <datafield tag="015" ind1=" " ind2=" ">
    <subfield code="a">FR08309585</subfield>
  </datafield>
  <datafield tag="017" ind1=" " ind2=" ">
    <subfield code="a">D.L. 82-39028</subfield>
    <subfield code="b">FR</subfield>
  </datafield>
  <datafield tag="020" ind1=" " ind2=" ">
    <subfield code="a">2130374239 (br)</subfield>
  </datafield>
  <datafield tag="020" ind1=" " ind2=" ">
    <subfield code="a">9782130374237 (br)</subfield>
  </datafield>
  <datafield tag="035" ind1=" " ind2=" ">
    <subfield code="a">(OCoLC)489611742</subfield>
  </datafield>
  <datafield tag="037" ind1=" " ind2=" ">
    <subfield code="a">9782130374237</subfield>
  </datafield>
  <datafield tag="050" ind1=" " ind2="4">
    <subfield code="a">BF173</subfield>
    <subfield code="b">.L218 1982</subfield>
  </datafield>
  <datafield tag="060" ind1=" " ind2=" ">
    <subfield code="a">DD5790</subfield>
  </datafield>
  <datafield tag="080" ind1=" " ind2=" ">
    <subfield code="a">10</subfield>
    <subfield code="2">Éd. 1967</subfield>
  </datafield>
  <datafield tag="082" ind1="0" ind2=" ">
    <subfield code="a">150.195</subfield>
    <subfield code="2">21</subfield>
  </datafield>
  <datafield tag="084" ind1=" " ind2=" ">
    <subfield code="a">150.195.</subfield>
    <subfield code="2">Dewey</subfield>
  </datafield>
  <datafield tag="100" ind1="1" ind2=" ">
    <subfield code="a">Lagache, Daniel</subfield>
    <subfield code="d">(1903-1972)</subfield>
  </datafield>
  <datafield tag="245" ind1="1" ind2="0">
    <subfield code="a">Agressivité, structure de la personalité et autres travaux</subfield>
    <subfield code="h">[Texte imprimé] :</subfield>
    <subfield code="b">Oeuvres IV (1956-1962) /</subfield>
    <subfield code="c">Daniel Lagache.</subfield>
  </datafield>
  <datafield tag="246" ind1="1" ind2="3">
    <subfield code="a">Oeuvres 4 / Daniel Lagache</subfield>
  </datafield>
  <datafield tag="260" ind1=" " ind2=" ">
    <subfield code="a">[Paris] :</subfield>
    <subfield code="b">Presses universitaires de France,</subfield>
    <subfield code="c">1982</subfield>
    <subfield code="e">(41-Vendôme :</subfield>
    <subfield code="f">Impr. des PUF)</subfield>
  </datafield>
  <datafield tag="300" ind1=" " ind2=" ">
    <subfield code="a">1 vol. (VI-389 p.) ;</subfield>
    <subfield code="c">22 cm.</subfield>
  </datafield>
  <datafield tag="490" ind1="1" ind2=" ">
    <subfield code="a">Bibliothèque de psychanalyse,</subfield>
    <subfield code="x">0768-4096 ;</subfield>
    <subfield code="v">63</subfield>
  </datafield>
  <datafield tag="490" ind1="0" ind2=" ">
    <subfield code="a">Oeuvres ;</subfield>
    <subfield code="v">4</subfield>
  </datafield>
  <datafield tag="504" ind1=" " ind2=" ">
    <subfield code="a">Bibliogr. p. 341-359. Index.</subfield>
  </datafield>
  <datafield tag="650" ind1=" " ind2="7">
    <subfield code="a">Psychose hallucinatoire chronique.</subfield>
    <subfield code="2">ram</subfield>
  </datafield>
  <datafield tag="650" ind1=" " ind2="0">
    <subfield code="a">Psychoanalysis.</subfield>
  </datafield>
  <datafield tag="650" ind1=" " ind2="7">
    <subfield code="a">Psychanalyse.</subfield>
    <subfield code="2">ram</subfield>
  </datafield>
  <datafield tag="650" ind1=" " ind2="7">
    <subfield code="a">Psychoanalysis.</subfield>
    <subfield code="2">fast</subfield>
    <subfield code="0">(OCoLC)fst01081235</subfield>
  </datafield>
  <datafield tag="700" ind1="1" ind2=" ">
    <subfield code="a">Rosenblum, Eva.</subfield>
    <subfield code="e">Ed.</subfield>
  </datafield>
  <datafield tag="700" ind1="1" ind2=" ">
    <subfield code="a">Anzieu, Didier</subfield>
    <subfield code="d">(1923-1999)</subfield>
  </datafield>
  <datafield tag="773" ind1="0" ind2=" ">
    <subfield code="t">Oeuvres / Daniel Lagache</subfield>
    <subfield code="g">4</subfield>
  </datafield>
  <datafield tag="830" ind1=" " ind2="0">
    <subfield code="a">Bibliothèque de psychanalyse ;</subfield>
    <subfield code="v">63.</subfield>
  </datafield>
  
  
</record>