<record xmlns="http://www.loc.gov/MARC21/slim" xmlns:zs="http://docs.oasis-open.org/ns/search-ws/sruResponse">
  <leader>02306cam a2200625Ka 4500</leader>
  <controlfield tag="001">ocm35317669 </controlfield>
  <controlfield tag="003">OCoLC</controlfield>
  <controlfield tag="005">20160311225045.0</controlfield>
  <controlfield tag="008">960829s1996    fr            001 0 fre d</controlfield>
  <datafield tag="040" ind1=" " ind2=" ">
    <subfield code="a">FHA</subfield>
    <subfield code="b">fre</subfield>
    <subfield code="c">FHA</subfield>
    <subfield code="d">OCLCQ</subfield>
    <subfield code="d">NLGGC</subfield>
    <subfield code="d">CUI</subfield>
    <subfield code="d">RUQBL</subfield>
    <subfield code="d">CHRRO</subfield>
    <subfield code="d">UQ1</subfield>
    <subfield code="d">BDF</subfield>
    <subfield code="d">OCLCF</subfield>
    <subfield code="d">OCLCO</subfield>
    <subfield code="d">OCLCQ</subfield>
    <subfield code="d">OCLCO</subfield>
  </datafield>
  <datafield tag="016" ind1="7" ind2=" ">
    <subfield code="a">FRBNF358130840000001</subfield>
    <subfield code="2">FrPBN</subfield>
  </datafield>
  <datafield tag="020" ind1=" " ind2=" ">
    <subfield code="a">2020290553</subfield>
    <subfield code="q">(éd. complète)</subfield>
  </datafield>
  <datafield tag="020" ind1=" " ind2=" ">
    <subfield code="a">9782020290555</subfield>
    <subfield code="q">(éd. complète)</subfield>
  </datafield>
  <datafield tag="020" ind1=" " ind2=" ">
    <subfield code="a">2020285487</subfield>
    <subfield code="q">(tome 1)</subfield>
  </datafield>
  <datafield tag="020" ind1=" " ind2=" ">
    <subfield code="a">9782020285483</subfield>
    <subfield code="q">(tome 1)</subfield>
  </datafield>
  <datafield tag="020" ind1=" " ind2=" ">
    <subfield code="a">2020290529</subfield>
    <subfield code="q">(tome 2)</subfield>
  </datafield>
  <datafield tag="020" ind1=" " ind2=" ">
    <subfield code="a">9782020290524</subfield>
    <subfield code="q">(tome 2)</subfield>
  </datafield>
  <datafield tag="035" ind1=" " ind2=" ">
    <subfield code="a">(OCoLC)35317669</subfield>
  </datafield>
  <datafield tag="043" ind1=" " ind2=" ">
    <subfield code="a">e-gr---</subfield>
  </datafield>
  <datafield tag="050" ind1="1" ind2="4">
    <subfield code="a">DF211</subfield>
    <subfield code="b">.C5 1996</subfield>
  </datafield>
  <datafield tag="055" ind1=" " ind2="3">
    <subfield code="a">DF211</subfield>
    <subfield code="b">C53.1996</subfield>
  </datafield>
  <datafield tag="084" ind1=" " ind2=" ">
    <subfield code="a">18.43</subfield>
    <subfield code="2">bcl</subfield>
  </datafield>
  <datafield tag="084" ind1=" " ind2=" ">
    <subfield code="a">08.21</subfield>
    <subfield code="2">bcl</subfield>
  </datafield>
  <datafield tag="092" ind1=" " ind2=" ">
    <subfield code="a">901</subfield>
    <subfield code="f">CHA</subfield>
  </datafield>
  <datafield tag="100" ind1="1" ind2=" ">
    <subfield code="a">Châtelet, François,</subfield>
    <subfield code="d">1925-</subfield>
  </datafield>
  <datafield tag="245" ind1="1" ind2="3">
    <subfield code="a">La Naissance de l'histoire /</subfield>
    <subfield code="c">François Châtelet.</subfield>
  </datafield>
  <datafield tag="260" ind1=" " ind2=" ">
    <subfield code="a">[Paris] :</subfield>
    <subfield code="b">Seuil,</subfield>
    <subfield code="c">1996.</subfield>
  </datafield>
  <datafield tag="300" ind1=" " ind2=" ">
    <subfield code="a">2 vol. ;</subfield>
    <subfield code="c">18 cm.</subfield>
  </datafield>
  <datafield tag="490" ind1="1" ind2=" ">
    <subfield code="a">Points. Essais ;</subfield>
    <subfield code="v">322-323</subfield>
  </datafield>
  <datafield tag="500" ind1=" " ind2=" ">
    <subfield code="a">Includes index.</subfield>
  </datafield>
  <datafield tag="651" ind1=" " ind2="0">
    <subfield code="a">Greece</subfield>
    <subfield code="x">History</subfield>
    <subfield code="y">To 146 B.C.</subfield>
    <subfield code="x">Historiography.</subfield>
  </datafield>
  <datafield tag="650" ind1=" " ind2="7">
    <subfield code="a">Historiography.</subfield>
    <subfield code="2">fast</subfield>
    <subfield code="0">(OCoLC)fst00958221</subfield>
  </datafield>
  <datafield tag="651" ind1=" " ind2="7">
    <subfield code="a">Greece.</subfield>
    <subfield code="2">fast</subfield>
    <subfield code="0">(OCoLC)fst01208380</subfield>
  </datafield>
  <datafield tag="650" ind1="1" ind2="7">
    <subfield code="a">Geschiedbeschouwing.</subfield>
    <subfield code="2">gtt</subfield>
  </datafield>
  <datafield tag="650" ind1="1" ind2="7">
    <subfield code="a">Griekse oudheid.</subfield>
    <subfield code="2">gtt</subfield>
  </datafield>
  <datafield tag="650" ind1="1" ind2="7">
    <subfield code="a">Politieke theorie.</subfield>
    <subfield code="2">gtt</subfield>
  </datafield>
  <datafield tag="650" ind1=" " ind2="7">
    <subfield code="a">Historiographie</subfield>
    <subfield code="z">Grèce</subfield>
    <subfield code="y">Antiquité.</subfield>
    <subfield code="2">ram</subfield>
  </datafield>
  <datafield tag="600" ind1="0" ind2="7">
    <subfield code="a">Hérodote,</subfield>
    <subfield code="d">(0484-0420 av. J.-C.)</subfield>
    <subfield code="x">Critique et interprétation.</subfield>
    <subfield code="2">ram</subfield>
  </datafield>
  <datafield tag="600" ind1="0" ind2="7">
    <subfield code="a">Thucydide,</subfield>
    <subfield code="d">(0460?-0395? av. J.-C.)</subfield>
    <subfield code="x">Critique et interprétation.</subfield>
    <subfield code="2">ram</subfield>
  </datafield>
  <datafield tag="600" ind1="0" ind2="7">
    <subfield code="a">Platon,</subfield>
    <subfield code="d">(0427/-0348? av. J.-C.)</subfield>
    <subfield code="x">Critique et interprétation.</subfield>
    <subfield code="2">ram</subfield>
  </datafield>
  <datafield tag="650" ind1=" " ind2="7">
    <subfield code="a">histoire (discipline)</subfield>
    <subfield code="z">Grèce antique.</subfield>
    <subfield code="2">rero</subfield>
  </datafield>
  <datafield tag="650" ind1=" " ind2="7">
    <subfield code="a">Histoire.</subfield>
    <subfield code="2">rasuqam</subfield>
  </datafield>
  <datafield tag="650" ind1="1" ind2="7">
    <subfield code="a">Historiographie.</subfield>
    <subfield code="2">rasuqam</subfield>
  </datafield>
  <datafield tag="650" ind1=" " ind2="7">
    <subfield code="a">Philosophie de l'histoire.</subfield>
    <subfield code="2">rasuqam</subfield>
  </datafield>
  <datafield tag="651" ind1=" " ind2="7">
    <subfield code="a">Grèce.</subfield>
    <subfield code="2">rasuqam</subfield>
  </datafield>
  <datafield tag="648" ind1=" " ind2="7">
    <subfield code="a">To 146 B.C.</subfield>
    <subfield code="2">fast</subfield>
  </datafield>
  <datafield tag="655" ind1=" " ind2="7">
    <subfield code="a">History.</subfield>
    <subfield code="2">fast</subfield>
    <subfield code="0">(OCoLC)fst01411628</subfield>
  </datafield>
  <datafield tag="830" ind1=" " ind2="0">
    <subfield code="a">Points.</subfield>
    <subfield code="p">Essais ;</subfield>
    <subfield code="v">322-323.</subfield>
  </datafield>
  <datafield tag="856" ind1="4" ind2="2">
    <subfield code="3">Notice et cote du catalogue de la Bibliothèque nationale de France</subfield>
    <subfield code="u">http://catalogue.bnf.fr/ark:/12148/cb358130847</subfield>
  </datafield>
  
  
  
  
  
  
</record>