<record xmlns="http://www.loc.gov/MARC21/slim" xmlns:zs="http://docs.oasis-open.org/ns/search-ws/sruResponse">
  <leader>01410cam a2200373Li 4500</leader>
  <controlfield tag="001">ocn492458900</controlfield>
  <controlfield tag="003">OCoLC</controlfield>
  <controlfield tag="005">20160311223831.0</controlfield>
  <controlfield tag="008">060627s1986    gw af  f b    000 0 ger d</controlfield>
  <datafield tag="040" ind1=" " ind2=" ">
    <subfield code="a">ZWZ</subfield>
    <subfield code="e">ncafnor</subfield>
    <subfield code="b">fre</subfield>
    <subfield code="c">ZWZ</subfield>
    <subfield code="d">CHRRO</subfield>
    <subfield code="d">OCLCF</subfield>
    <subfield code="d">OCLCO</subfield>
  </datafield>
  <datafield tag="020" ind1=" " ind2=" ">
    <subfield code="a">3922660177</subfield>
  </datafield>
  <datafield tag="020" ind1=" " ind2=" ">
    <subfield code="a">9783922660170</subfield>
  </datafield>
  <datafield tag="035" ind1=" " ind2=" ">
    <subfield code="a">(OCoLC)492458900</subfield>
  </datafield>
  <datafield tag="050" ind1=" " ind2="4">
    <subfield code="a">P91</subfield>
    <subfield code="b">.K58 1986x</subfield>
  </datafield>
  <datafield tag="050" ind1=" " ind2="4">
    <subfield code="a">P91</subfield>
  </datafield>
  <datafield tag="100" ind1="1" ind2=" ">
    <subfield code="a">Kittler, Friedrich A.</subfield>
    <subfield code="d">(1943-....).</subfield>
    <subfield code="e">Auteur.</subfield>
  </datafield>
  <datafield tag="245" ind1="1" ind2="0">
    <subfield code="a">Grammophon, Film, Typewriter</subfield>
    <subfield code="h">[Texte imprimé] /</subfield>
    <subfield code="c">Friedrich Kittler.</subfield>
  </datafield>
  <datafield tag="260" ind1=" " ind2=" ">
    <subfield code="a">Berlin :</subfield>
    <subfield code="b">Brinkmann &amp; Bose,</subfield>
    <subfield code="c">c1986.</subfield>
  </datafield>
  <datafield tag="300" ind1=" " ind2=" ">
    <subfield code="a">1 vol. (430 p.-[16] p. de pl.) :</subfield>
    <subfield code="b">ill. ;</subfield>
    <subfield code="c">24 cm.</subfield>
  </datafield>
  <datafield tag="504" ind1=" " ind2=" ">
    <subfield code="a">Bibliogr. p. 409-427.</subfield>
  </datafield>
  <datafield tag="650" ind1=" " ind2="7">
    <subfield code="a">Communication</subfield>
    <subfield code="y">19e siècle.</subfield>
    <subfield code="2">ram</subfield>
  </datafield>
  <datafield tag="650" ind1=" " ind2="7">
    <subfield code="a">Communication</subfield>
    <subfield code="y">20e siècle.</subfield>
    <subfield code="2">ram</subfield>
  </datafield>
  <datafield tag="650" ind1=" " ind2="7">
    <subfield code="a">Médias.</subfield>
    <subfield code="2">ram</subfield>
  </datafield>
  <datafield tag="650" ind1=" " ind2="0">
    <subfield code="a">Civilization, Modern</subfield>
    <subfield code="y">20th century.</subfield>
  </datafield>
  <datafield tag="650" ind1=" " ind2="7">
    <subfield code="a">gramophone</subfield>
    <subfield code="x">société (milieu humain)</subfield>
    <subfield code="y">19e s. (fin) / 20e s.</subfield>
    <subfield code="2">rero</subfield>
  </datafield>
  <datafield tag="650" ind1=" " ind2="7">
    <subfield code="a">phonographe</subfield>
    <subfield code="x">société (milieu humain)</subfield>
    <subfield code="y">19e s. (fin) / 20e s.</subfield>
    <subfield code="2">rero</subfield>
  </datafield>
  <datafield tag="650" ind1=" " ind2="7">
    <subfield code="a">cinéma</subfield>
    <subfield code="x">société (milieu humain)</subfield>
    <subfield code="y">19e s. (fin) / 20e s.</subfield>
    <subfield code="2">rero</subfield>
  </datafield>
  <datafield tag="650" ind1=" " ind2="7">
    <subfield code="a">machine à écrire</subfield>
    <subfield code="x">société (milieu humain)</subfield>
    <subfield code="y">19e s. (fin) / 20e s.</subfield>
    <subfield code="2">rero</subfield>
  </datafield>
  <datafield tag="650" ind1=" " ind2="7">
    <subfield code="a">Civilization, Modern.</subfield>
    <subfield code="2">fast</subfield>
    <subfield code="0">(OCoLC)fst00863073</subfield>
  </datafield>
  <datafield tag="648" ind1=" " ind2="7">
    <subfield code="a">1900 - 1999</subfield>
    <subfield code="2">fast</subfield>
  </datafield>
  
  
  
  
</record>