<record xmlns="http://www.loc.gov/MARC21/slim" xmlns:zs="http://docs.oasis-open.org/ns/search-ws/sruResponse">
  <leader>01715cam a2200469Li 4500</leader>
  <controlfield tag="001">ocn490307063</controlfield>
  <controlfield tag="003">OCoLC</controlfield>
  <controlfield tag="005">20160311225535.0</controlfield>
  <controlfield tag="008">000410t19991998fr     f      000 m fre d</controlfield>
  <datafield tag="040" ind1=" " ind2=" ">
    <subfield code="a">ZWZ</subfield>
    <subfield code="e">ncafnor</subfield>
    <subfield code="b">fre</subfield>
    <subfield code="c">ZWZ</subfield>
    <subfield code="d">OCLCF</subfield>
    <subfield code="d">OCLCO</subfield>
  </datafield>
  <datafield tag="015" ind1=" " ind2=" ">
    <subfield code="a">FR09920200</subfield>
  </datafield>
  <datafield tag="017" ind1=" " ind2=" ">
    <subfield code="a">DL 98-49402 (D2)</subfield>
    <subfield code="b">FR</subfield>
  </datafield>
  <datafield tag="020" ind1=" " ind2=" ">
    <subfield code="a">2876784351 (Br)</subfield>
  </datafield>
  <datafield tag="020" ind1=" " ind2=" ">
    <subfield code="a">9782876784352 (Br)</subfield>
  </datafield>
  <datafield tag="035" ind1=" " ind2=" ">
    <subfield code="a">(OCoLC)490307063</subfield>
  </datafield>
  <datafield tag="037" ind1=" " ind2=" ">
    <subfield code="a">9782876784352</subfield>
  </datafield>
  <datafield tag="050" ind1=" " ind2="4">
    <subfield code="a">B2430.C37</subfield>
    <subfield code="b">C37 1998</subfield>
  </datafield>
  <datafield tag="080" ind1=" " ind2=" ">
    <subfield code="a">32</subfield>
    <subfield code="2">Éd. 1967</subfield>
  </datafield>
  <datafield tag="082" ind1="0" ind2=" ">
    <subfield code="a">320</subfield>
  </datafield>
  <datafield tag="084" ind1=" " ind2=" ">
    <subfield code="a">320.01.</subfield>
    <subfield code="2">Dewey</subfield>
  </datafield>
  <datafield tag="100" ind1="1" ind2=" ">
    <subfield code="a">Castoriadis, Cornelius</subfield>
    <subfield code="d">(1922-1997)</subfield>
  </datafield>
  <datafield tag="245" ind1="1" ind2="0">
    <subfield code="a">Post-scriptum sur l'insignifiance</subfield>
    <subfield code="h">[Texte imprimé] :</subfield>
    <subfield code="b">entretiens avec Daniel Mermet /</subfield>
    <subfield code="c">Cornelius Castoriadis.</subfield>
  </datafield>
  <datafield tag="260" ind1=" " ind2=" ">
    <subfield code="a">La Tour-d'Aigues :</subfield>
    <subfield code="b">Éd. de l'Aube,</subfield>
    <subfield code="c">1999</subfield>
    <subfield code="e">(42-Saint-Etienne :</subfield>
    <subfield code="f">Impr. Dumas)</subfield>
  </datafield>
  <datafield tag="300" ind1=" " ind2=" ">
    <subfield code="a">36 p. ;</subfield>
    <subfield code="c">19 cm.</subfield>
  </datafield>
  <datafield tag="490" ind1="0" ind2=" ">
    <subfield code="a">Monde en cours. Série Intervention</subfield>
  </datafield>
  <datafield tag="600" ind1="1" ind2="7">
    <subfield code="a">Castoriadis, Cornelius</subfield>
    <subfield code="d">((1922-1997))</subfield>
    <subfield code="x">Entretiens.</subfield>
    <subfield code="2">ram</subfield>
  </datafield>
  <datafield tag="650" ind1=" " ind2="0">
    <subfield code="a">Philosophers</subfield>
    <subfield code="z">France</subfield>
    <subfield code="x">Interviews.</subfield>
  </datafield>
  <datafield tag="650" ind1=" " ind2="0">
    <subfield code="a">Historians</subfield>
    <subfield code="z">France</subfield>
    <subfield code="x">Interviews.</subfield>
  </datafield>
  <datafield tag="650" ind1=" " ind2="0">
    <subfield code="a">Sociologists</subfield>
    <subfield code="z">France</subfield>
    <subfield code="x">Interviews.</subfield>
  </datafield>
  <datafield tag="650" ind1=" " ind2="7">
    <subfield code="a">Philosophie sociale.</subfield>
    <subfield code="2">ram</subfield>
  </datafield>
  <datafield tag="650" ind1=" " ind2="7">
    <subfield code="a">Science politique.</subfield>
    <subfield code="2">ram</subfield>
  </datafield>
  <datafield tag="650" ind1=" " ind2="7">
    <subfield code="a">Signification (philosophie).</subfield>
    <subfield code="2">ram</subfield>
  </datafield>
  <datafield tag="650" ind1=" " ind2="7">
    <subfield code="a">Civilisation occidentale</subfield>
    <subfield code="y">1970-2000.</subfield>
    <subfield code="2">ram</subfield>
  </datafield>
  <datafield tag="650" ind1=" " ind2="7">
    <subfield code="a">Historians.</subfield>
    <subfield code="2">fast</subfield>
    <subfield code="0">(OCoLC)fst00957686</subfield>
  </datafield>
  <datafield tag="650" ind1=" " ind2="7">
    <subfield code="a">Philosophers.</subfield>
    <subfield code="2">fast</subfield>
    <subfield code="0">(OCoLC)fst01060746</subfield>
  </datafield>
  <datafield tag="650" ind1=" " ind2="7">
    <subfield code="a">Sociologists.</subfield>
    <subfield code="2">fast</subfield>
    <subfield code="0">(OCoLC)fst01123865</subfield>
  </datafield>
  <datafield tag="651" ind1=" " ind2="7">
    <subfield code="a">France.</subfield>
    <subfield code="2">fast</subfield>
    <subfield code="0">(OCoLC)fst01204289</subfield>
  </datafield>
  <datafield tag="655" ind1=" " ind2="7">
    <subfield code="a">Interviews.</subfield>
    <subfield code="2">fast</subfield>
    <subfield code="0">(OCoLC)fst01423832</subfield>
  </datafield>
  <datafield tag="700" ind1="1" ind2=" ">
    <subfield code="a">Mermet, Daniel.</subfield>
  </datafield>
  <datafield tag="830" ind1=" " ind2="0">
    <subfield code="a">Monde en cours. Intervention ;</subfield>
    <subfield code="v">1999.</subfield>
  </datafield>
  
  
</record>