<record xmlns="http://www.loc.gov/MARC21/slim" xmlns:zs="http://docs.oasis-open.org/ns/search-ws/sruResponse">
  <leader>01189cam a2200325L  4500</leader>
  <controlfield tag="001">ocn185904968</controlfield>
  <controlfield tag="003">OCoLC</controlfield>
  <controlfield tag="005">20160311222558.0</controlfield>
  <controlfield tag="008">800221s1979    sw            000 p ita d</controlfield>
  <datafield tag="040" ind1=" " ind2=" ">
    <subfield code="a">S3O</subfield>
    <subfield code="b">swe</subfield>
    <subfield code="c">S3O</subfield>
    <subfield code="d">EWF</subfield>
  </datafield>
  <datafield tag="020" ind1=" " ind2=" ">
    <subfield code="a">9170523657 ;</subfield>
  </datafield>
  <datafield tag="020" ind1=" " ind2=" ">
    <subfield code="a">9789170523656</subfield>
  </datafield>
  <datafield tag="035" ind1=" " ind2=" ">
    <subfield code="a">(OCoLC)185904968</subfield>
  </datafield>
  <datafield tag="041" ind1="0" ind2=" ">
    <subfield code="a">ita</subfield>
    <subfield code="a">eng</subfield>
  </datafield>
  <datafield tag="050" ind1="1" ind2="4">
    <subfield code="a">PQ4862.A444</subfield>
    <subfield code="b">A6 1979</subfield>
  </datafield>
  <datafield tag="084" ind1=" " ind2=" ">
    <subfield code="a">Hi</subfield>
    <subfield code="2">kssb/5</subfield>
  </datafield>
  <datafield tag="084" ind1=" " ind2=" ">
    <subfield code="a">Hi=e</subfield>
    <subfield code="2">kssb/5</subfield>
  </datafield>
  <datafield tag="084" ind1=" " ind2=" ">
    <subfield code="a">Aalz Ballo, G.</subfield>
    <subfield code="2">kssb/5</subfield>
  </datafield>
  <datafield tag="100" ind1="1" ind2=" ">
    <subfield code="a">Ballo, Guido.</subfield>
  </datafield>
  <datafield tag="245" ind1="0" ind2="0">
    <subfield code="a">Poesie :</subfield>
    <subfield code="b">[Poems] /</subfield>
    <subfield code="c">Guido Ballo ; English transl. by Diana Wormuth ; preface by Stefano Agosti.</subfield>
  </datafield>
  <datafield tag="246" ind1="3" ind2="1">
    <subfield code="a">[Poems].</subfield>
  </datafield>
  <datafield tag="260" ind1=" " ind2=" ">
    <subfield code="a">Stockholm ;</subfield>
    <subfield code="a">Roma :</subfield>
    <subfield code="b">Italica ;</subfield>
    <subfield code="a">Stockholm :</subfield>
    <subfield code="b">Fritzes hovbokh. (distr.),</subfield>
    <subfield code="c">1979 ;</subfield>
    <subfield code="e">(Stockholm :</subfield>
    <subfield code="f">Rosenlundstr.)</subfield>
  </datafield>
  <datafield tag="300" ind1=" " ind2=" ">
    <subfield code="a">101, [2] s. ;</subfield>
    <subfield code="c">23 cm.</subfield>
  </datafield>
  <datafield tag="490" ind1="1" ind2=" ">
    <subfield code="a">Biblioteca di cultura. Collana di poesia italiana,</subfield>
    <subfield code="x">99-0181548-7 ;</subfield>
    <subfield code="v">9</subfield>
  </datafield>
  <datafield tag="504" ind1=" " ind2=" ">
    <subfield code="a">S. 95-101: Bibliografia essenziale / a cura di Alessandro Mozzambani.</subfield>
  </datafield>
  <datafield tag="546" ind1=" " ind2=" ">
    <subfield code="a">Italiensk och engelsk parallelltext.</subfield>
  </datafield>
  <datafield tag="700" ind1="1" ind2=" ">
    <subfield code="a">Wormuth, Diana.</subfield>
  </datafield>
  <datafield tag="830" ind1=" " ind2="0">
    <subfield code="a">Biblioteca di cultura.</subfield>
    <subfield code="p">Collana di poesia italiana ;</subfield>
    <subfield code="v">9.</subfield>
    <subfield code="x">99-0181548-7</subfield>
  </datafield>
  
  
</record>