<record xmlns="http://www.loc.gov/MARC21/slim" xmlns:zs="http://docs.oasis-open.org/ns/search-ws/sruResponse">
  <leader>02259cam a22005294a 4500</leader>
  <controlfield tag="001">ocm42380744 </controlfield>
  <controlfield tag="003">OCoLC</controlfield>
  <controlfield tag="005">20160311225747.0</controlfield>
  <controlfield tag="008">000727s1996    ag a     c    001 0 spa  </controlfield>
  <datafield tag="010" ind1=" " ind2=" ">
    <subfield code="a">   00405397 </subfield>
  </datafield>
  <datafield tag="040" ind1=" " ind2=" ">
    <subfield code="a">DLC</subfield>
    <subfield code="b">eng</subfield>
    <subfield code="c">DLC</subfield>
    <subfield code="d">OCLCQ</subfield>
    <subfield code="d">OCLCF</subfield>
    <subfield code="d">OCLCQ</subfield>
    <subfield code="d">OCLCO</subfield>
  </datafield>
  <datafield tag="020" ind1=" " ind2=" ">
    <subfield code="a">9507200355</subfield>
  </datafield>
  <datafield tag="020" ind1=" " ind2=" ">
    <subfield code="a">9789507200359</subfield>
  </datafield>
  <datafield tag="035" ind1=" " ind2=" ">
    <subfield code="a">(OCoLC)42380744</subfield>
  </datafield>
  <datafield tag="042" ind1=" " ind2=" ">
    <subfield code="a">pcc</subfield>
  </datafield>
  <datafield tag="043" ind1=" " ind2=" ">
    <subfield code="a">s-ag---</subfield>
  </datafield>
  <datafield tag="050" ind1="0" ind2="0">
    <subfield code="a">N6635</subfield>
    <subfield code="b">.G59 1996</subfield>
  </datafield>
  <datafield tag="100" ind1="1" ind2=" ">
    <subfield code="a">Glusberg, Jorge.</subfield>
  </datafield>
  <datafield tag="245" ind1="1" ind2="0">
    <subfield code="a">70-80-90 :</subfield>
    <subfield code="b">setenta artistas de las décadas del ochenta y noventa /</subfield>
    <subfield code="c">by Jorge Glusberg.</subfield>
  </datafield>
  <datafield tag="246" ind1="3" ind2="0">
    <subfield code="a">Setenta artistas de las décadas del ochenta y noventa</subfield>
  </datafield>
  <datafield tag="246" ind1="3" ind2=" ">
    <subfield code="a">Setenta-ochenta-noventa</subfield>
  </datafield>
  <datafield tag="260" ind1=" " ind2=" ">
    <subfield code="a">Buenos Aires :</subfield>
    <subfield code="b">Museo Nacional de Bellas Artes,</subfield>
    <subfield code="c">1996.</subfield>
  </datafield>
  <datafield tag="300" ind1=" " ind2=" ">
    <subfield code="a">185 pages :</subfield>
    <subfield code="b">illustrations (chiefly color) ;</subfield>
    <subfield code="c">30 cm</subfield>
  </datafield>
  <datafield tag="336" ind1=" " ind2=" ">
    <subfield code="a">text</subfield>
    <subfield code="b">txt</subfield>
    <subfield code="2">rdacontent</subfield>
  </datafield>
  <datafield tag="337" ind1=" " ind2=" ">
    <subfield code="a">unmediated</subfield>
    <subfield code="b">n</subfield>
    <subfield code="2">rdamedia</subfield>
  </datafield>
  <datafield tag="338" ind1=" " ind2=" ">
    <subfield code="a">volume</subfield>
    <subfield code="b">nc</subfield>
    <subfield code="2">rdacarrier</subfield>
  </datafield>
  <datafield tag="650" ind1=" " ind2="0">
    <subfield code="a">Art, Argentine</subfield>
    <subfield code="y">20th century</subfield>
    <subfield code="v">Catalogs.</subfield>
  </datafield>
  <datafield tag="650" ind1=" " ind2="0">
    <subfield code="a">Art</subfield>
    <subfield code="z">Argentina</subfield>
    <subfield code="z">Buenos Aires</subfield>
    <subfield code="v">Catalogs.</subfield>
  </datafield>
  <datafield tag="610" ind1="2" ind2="0">
    <subfield code="a">Museo Nacional de Bellas Artes (Argentina)</subfield>
    <subfield code="v">Catalogs.</subfield>
  </datafield>
  <datafield tag="610" ind1="2" ind2="7">
    <subfield code="a">Museo Nacional de Bellas Artes (Argentina)</subfield>
    <subfield code="2">fast</subfield>
    <subfield code="0">(OCoLC)fst00512646</subfield>
  </datafield>
  <datafield tag="650" ind1=" " ind2="7">
    <subfield code="a">Art.</subfield>
    <subfield code="2">fast</subfield>
    <subfield code="0">(OCoLC)fst00815177</subfield>
  </datafield>
  <datafield tag="650" ind1=" " ind2="7">
    <subfield code="a">Art, Argentine.</subfield>
    <subfield code="2">fast</subfield>
    <subfield code="0">(OCoLC)fst00815940</subfield>
  </datafield>
  <datafield tag="651" ind1=" " ind2="7">
    <subfield code="a">Argentina</subfield>
    <subfield code="z">Buenos Aires.</subfield>
    <subfield code="2">fast</subfield>
    <subfield code="0">(OCoLC)fst01205786</subfield>
  </datafield>
  <datafield tag="648" ind1=" " ind2="7">
    <subfield code="a">1900 - 1999</subfield>
    <subfield code="2">fast</subfield>
  </datafield>
  <datafield tag="655" ind1=" " ind2="7">
    <subfield code="a">Catalogs.</subfield>
    <subfield code="2">fast</subfield>
    <subfield code="0">(OCoLC)fst01423692</subfield>
  </datafield>
  <datafield tag="710" ind1="2" ind2=" ">
    <subfield code="a">Museo Nacional de Bellas Artes (Argentina)</subfield>
  </datafield>
  <datafield tag="776" ind1="0" ind2="8">
    <subfield code="i">Online version:</subfield>
    <subfield code="a">Glusberg, Jorge.</subfield>
    <subfield code="t">70-80-90.</subfield>
    <subfield code="d">Buenos Aires : Museo Nacional de Bellas Artes, 1996</subfield>
    <subfield code="w">(OCoLC)657177023</subfield>
  </datafield>
  
  
  
  
  
  
  
  
  
  
</record>