<record xmlns="http://www.loc.gov/MARC21/slim" xmlns:zs="http://docs.oasis-open.org/ns/search-ws/sruResponse">
  <leader>02700cam a2200649Ma 4500</leader>
  <controlfield tag="001">ocm57737458 </controlfield>
  <controlfield tag="003">OCoLC</controlfield>
  <controlfield tag="005">20160311222943.0</controlfield>
  <controlfield tag="008">010924s2000    au            000 0 ger d</controlfield>
  <datafield tag="040" ind1=" " ind2=" ">
    <subfield code="a">HLS</subfield>
    <subfield code="b">eng</subfield>
    <subfield code="c">HLS</subfield>
    <subfield code="d">OCLCQ</subfield>
    <subfield code="d">OCLCG</subfield>
    <subfield code="d">HEBIS</subfield>
    <subfield code="d">DEBBG</subfield>
    <subfield code="d">OCLCO</subfield>
    <subfield code="d">OCLCF</subfield>
    <subfield code="d">OCLCQ</subfield>
  </datafield>
  <datafield tag="016" ind1="7" ind2=" ">
    <subfield code="a">958427968</subfield>
    <subfield code="2">DE-101</subfield>
  </datafield>
  <datafield tag="020" ind1=" " ind2=" ">
    <subfield code="a">3851322452</subfield>
  </datafield>
  <datafield tag="020" ind1=" " ind2=" ">
    <subfield code="a">9783851322453</subfield>
  </datafield>
  <datafield tag="035" ind1=" " ind2=" ">
    <subfield code="a">(OCoLC)57737458</subfield>
  </datafield>
  <datafield tag="041" ind1="1" ind2=" ">
    <subfield code="a">gereng</subfield>
    <subfield code="h">ger</subfield>
  </datafield>
  <datafield tag="050" ind1=" " ind2="4">
    <subfield code="a">PN75.D46</subfield>
    <subfield code="b">I58 2000x</subfield>
  </datafield>
  <datafield tag="050" ind1=" " ind2="4">
    <subfield code="a">PN75.D46</subfield>
    <subfield code="b">I58 2000</subfield>
  </datafield>
  <datafield tag="084" ind1=" " ind2=" ">
    <subfield code="a">10</subfield>
    <subfield code="2">sdnb</subfield>
  </datafield>
  <datafield tag="084" ind1=" " ind2=" ">
    <subfield code="a">5,1</subfield>
    <subfield code="2">ssgn</subfield>
  </datafield>
  <datafield tag="084" ind1=" " ind2=" ">
    <subfield code="a">CI 5601</subfield>
    <subfield code="2">rvk</subfield>
  </datafield>
  <datafield tag="084" ind1=" " ind2=" ">
    <subfield code="a">CI 5604</subfield>
    <subfield code="2">rvk</subfield>
  </datafield>
  <datafield tag="084" ind1=" " ind2=" ">
    <subfield code="a">CI 5607</subfield>
    <subfield code="2">rvk</subfield>
  </datafield>
  <datafield tag="100" ind1="1" ind2=" ">
    <subfield code="a">Derrida, Jacques.</subfield>
  </datafield>
  <datafield tag="245" ind1="1" ind2="0">
    <subfield code="a">As if I were dead :</subfield>
    <subfield code="b">an interview with Jacques Derrida = Als ob ich tot wäre : ein Interview mit Jacques Derrida /</subfield>
    <subfield code="c">Jacques Derrida ; herausgegeben und übersetzt von Ulrike Oudée Dinkelsbühler [and others].</subfield>
  </datafield>
  <datafield tag="246" ind1="3" ind2="1">
    <subfield code="a">Als ob ich tot wäre</subfield>
  </datafield>
  <datafield tag="246" ind1="3" ind2=" ">
    <subfield code="a">Interview with Jacques Derrida</subfield>
  </datafield>
  <datafield tag="260" ind1=" " ind2=" ">
    <subfield code="a">Wien :</subfield>
    <subfield code="b">Turia + Kant,</subfield>
    <subfield code="c">2000.</subfield>
  </datafield>
  <datafield tag="300" ind1=" " ind2=" ">
    <subfield code="a">74 pages ;</subfield>
    <subfield code="c">20 cm</subfield>
  </datafield>
  <datafield tag="336" ind1=" " ind2=" ">
    <subfield code="a">text</subfield>
    <subfield code="b">txt</subfield>
    <subfield code="2">rdacontent</subfield>
  </datafield>
  <datafield tag="337" ind1=" " ind2=" ">
    <subfield code="a">unmediated</subfield>
    <subfield code="b">n</subfield>
    <subfield code="2">rdamedia</subfield>
  </datafield>
  <datafield tag="338" ind1=" " ind2=" ">
    <subfield code="a">volume</subfield>
    <subfield code="b">nc</subfield>
    <subfield code="2">rdacarrier</subfield>
  </datafield>
  <datafield tag="500" ind1=" " ind2=" ">
    <subfield code="a">Interview between Derrida, Ruth Robbins and Julian Wolfreys at the symposium "Applied Derrida," held 21.6.1995 in Luton, England.</subfield>
  </datafield>
  <datafield tag="500" ind1=" " ind2=" ">
    <subfield code="a">Previously published in: Applying : To Derrida. London: Macmillan, 1995.</subfield>
  </datafield>
  <datafield tag="546" ind1=" " ind2=" ">
    <subfield code="a">In English with German translation on facing pages.</subfield>
  </datafield>
  <datafield tag="650" ind1=" " ind2="0">
    <subfield code="a">Deconstruction.</subfield>
  </datafield>
  <datafield tag="650" ind1=" " ind2="0">
    <subfield code="a">Criticism.</subfield>
  </datafield>
  <datafield tag="650" ind1=" " ind2="0">
    <subfield code="a">Literature</subfield>
    <subfield code="x">Philosophy.</subfield>
  </datafield>
  <datafield tag="600" ind1="1" ind2="0">
    <subfield code="a">Derrida, Jacques</subfield>
    <subfield code="x">Contributions in criticism.</subfield>
  </datafield>
  <datafield tag="600" ind1="1" ind2="4">
    <subfield code="a">Derrida, Jacques,</subfield>
    <subfield code="d">1930-2004</subfield>
    <subfield code="v">Interview.</subfield>
  </datafield>
  <datafield tag="600" ind1="1" ind2="7">
    <subfield code="a">Derrida, Jacques.</subfield>
    <subfield code="2">fast</subfield>
    <subfield code="0">(OCoLC)fst00041147</subfield>
  </datafield>
  <datafield tag="650" ind1=" " ind2="7">
    <subfield code="a">Criticism.</subfield>
    <subfield code="2">fast</subfield>
    <subfield code="0">(OCoLC)fst00883735</subfield>
  </datafield>
  <datafield tag="650" ind1=" " ind2="7">
    <subfield code="a">Deconstruction.</subfield>
    <subfield code="2">fast</subfield>
    <subfield code="0">(OCoLC)fst00889137</subfield>
  </datafield>
  <datafield tag="650" ind1=" " ind2="7">
    <subfield code="a">Literature</subfield>
    <subfield code="x">Philosophy.</subfield>
    <subfield code="2">fast</subfield>
    <subfield code="0">(OCoLC)fst01000005</subfield>
  </datafield>
  <datafield tag="600" ind1="1" ind2="7">
    <subfield code="a">Derrida, Jacques,</subfield>
    <subfield code="d">1930-2004</subfield>
    <subfield code="0">(DE-588)118677888</subfield>
    <subfield code="2">gnd</subfield>
  </datafield>
  <datafield tag="650" ind1="0" ind2="7">
    <subfield code="a">Interview.</subfield>
    <subfield code="0">(DE-588)4027503-6</subfield>
    <subfield code="2">gnd</subfield>
  </datafield>
  <datafield tag="600" ind1="1" ind2="7">
    <subfield code="a">Derrida, Jacques.</subfield>
    <subfield code="2">swd</subfield>
  </datafield>
  <datafield tag="700" ind1="1" ind2=" ">
    <subfield code="a">Dinkelsbühler, Ulrike Oudée.</subfield>
  </datafield>
  <datafield tag="700" ind1="1" ind2=" ">
    <subfield code="a">Wolfreys, Julian,</subfield>
    <subfield code="d">1958-</subfield>
  </datafield>
  <datafield tag="700" ind1="1" ind2=" ">
    <subfield code="a">Robbins, Ruth,</subfield>
    <subfield code="d">1965-</subfield>
  </datafield>
  <datafield tag="856" ind1="4" ind2="1">
    <subfield code="3">Table of contents</subfield>
    <subfield code="u">http://bvbr.bib-bvb.de:8991/F?func=service&amp;doc_library=BVB01&amp;local_base=BVB01&amp;doc_number=008894467&amp;line_number=0001&amp;func_code=DB_RECORDS&amp;service_type=MEDIA</subfield>
  </datafield>
  
  
  
  
  
  
  
</record>