<record xmlns="http://www.loc.gov/MARC21/slim" xmlns:zs="http://docs.oasis-open.org/ns/search-ws/sruResponse">
  <leader>01745cam a2200481Ia 4500</leader>
  <controlfield tag="001">ocm37127062 </controlfield>
  <controlfield tag="003">OCoLC</controlfield>
  <controlfield tag="005">20160311223936.0</controlfield>
  <controlfield tag="008">970616s1996    gr a     b    000 0 greod</controlfield>
  <datafield tag="040" ind1=" " ind2=" ">
    <subfield code="a">CIN</subfield>
    <subfield code="b">eng</subfield>
    <subfield code="c">CIN</subfield>
    <subfield code="d">OCLCQ</subfield>
    <subfield code="d">OCLCG</subfield>
    <subfield code="d">OCLCQ</subfield>
    <subfield code="d">GEBAY</subfield>
    <subfield code="d">OCLCF</subfield>
    <subfield code="d">OCLCQ</subfield>
    <subfield code="d">OCLCO</subfield>
  </datafield>
  <datafield tag="020" ind1=" " ind2=" ">
    <subfield code="a">9607169638</subfield>
  </datafield>
  <datafield tag="020" ind1=" " ind2=" ">
    <subfield code="a">9789607169631</subfield>
  </datafield>
  <datafield tag="035" ind1=" " ind2=" ">
    <subfield code="a">(OCoLC)37127062</subfield>
  </datafield>
  <datafield tag="041" ind1="0" ind2=" ">
    <subfield code="a">grefre</subfield>
  </datafield>
  <datafield tag="043" ind1=" " ind2=" ">
    <subfield code="a">e-gr---</subfield>
  </datafield>
  <datafield tag="050" ind1=" " ind2="4">
    <subfield code="a">DF919</subfield>
    <subfield code="b">.B66 1996</subfield>
  </datafield>
  <datafield tag="100" ind1="1" ind2=" ">
    <subfield code="a">Bonhomme, Jean-François,</subfield>
    <subfield code="d">1943-</subfield>
  </datafield>
  <datafield tag="245" ind1="1" ind2="0">
    <subfield code="a">Athēna stē skia tēs Akropolēs =</subfield>
    <subfield code="b">Athènes à l'ombre de l'Acropole /</subfield>
    <subfield code="c">Jean-François Bonhomme ; keimena-texte, Jacques Derrida.</subfield>
  </datafield>
  <datafield tag="246" ind1="3" ind2="1">
    <subfield code="a">Athènes à l'ombre de l'Acropole</subfield>
  </datafield>
  <datafield tag="260" ind1=" " ind2=" ">
    <subfield code="a">Athēna :</subfield>
    <subfield code="b">Olkos,</subfield>
    <subfield code="c">[1996]</subfield>
  </datafield>
  <datafield tag="300" ind1=" " ind2=" ">
    <subfield code="a">125 pages :</subfield>
    <subfield code="b">illustrations ;</subfield>
    <subfield code="c">30 cm</subfield>
  </datafield>
  <datafield tag="336" ind1=" " ind2=" ">
    <subfield code="a">text</subfield>
    <subfield code="b">txt</subfield>
    <subfield code="2">rdacontent</subfield>
  </datafield>
  <datafield tag="337" ind1=" " ind2=" ">
    <subfield code="a">unmediated</subfield>
    <subfield code="b">n</subfield>
    <subfield code="2">rdamedia</subfield>
  </datafield>
  <datafield tag="338" ind1=" " ind2=" ">
    <subfield code="a">volume</subfield>
    <subfield code="b">nc</subfield>
    <subfield code="2">rdacarrier</subfield>
  </datafield>
  <datafield tag="546" ind1=" " ind2=" ">
    <subfield code="a">In Greek and French.</subfield>
  </datafield>
  <datafield tag="504" ind1=" " ind2=" ">
    <subfield code="a">Includes bibliographical references.</subfield>
  </datafield>
  <datafield tag="651" ind1=" " ind2="0">
    <subfield code="a">Athens (Greece)</subfield>
    <subfield code="v">Pictorial works.</subfield>
  </datafield>
  <datafield tag="651" ind1=" " ind2="0">
    <subfield code="a">Athens (Greece)</subfield>
    <subfield code="x">Antiquities</subfield>
    <subfield code="v">Pictorial works.</subfield>
  </datafield>
  <datafield tag="650" ind1=" " ind2="0">
    <subfield code="a">Art and photography.</subfield>
  </datafield>
  <datafield tag="650" ind1=" " ind2="7">
    <subfield code="a">Antiquities.</subfield>
    <subfield code="2">fast</subfield>
    <subfield code="0">(OCoLC)fst00810745</subfield>
  </datafield>
  <datafield tag="650" ind1=" " ind2="7">
    <subfield code="a">Art and photography.</subfield>
    <subfield code="2">fast</subfield>
    <subfield code="0">(OCoLC)fst00815420</subfield>
  </datafield>
  <datafield tag="651" ind1=" " ind2="7">
    <subfield code="a">Greece</subfield>
    <subfield code="z">Athens.</subfield>
    <subfield code="2">fast</subfield>
    <subfield code="0">(OCoLC)fst01204474</subfield>
  </datafield>
  <datafield tag="650" ind1="0" ind2="7">
    <subfield code="a">Alltag.</subfield>
    <subfield code="2">swd</subfield>
  </datafield>
  <datafield tag="650" ind1="0" ind2="7">
    <subfield code="a">Photographie.</subfield>
    <subfield code="2">swd</subfield>
  </datafield>
  <datafield tag="650" ind1="0" ind2="7">
    <subfield code="a">Bildband.</subfield>
    <subfield code="2">swd</subfield>
  </datafield>
  <datafield tag="651" ind1=" " ind2="7">
    <subfield code="a">Athen.</subfield>
    <subfield code="2">swd</subfield>
  </datafield>
  <datafield tag="655" ind1=" " ind2="7">
    <subfield code="a">Pictorial works.</subfield>
    <subfield code="2">fast</subfield>
    <subfield code="0">(OCoLC)fst01423874</subfield>
  </datafield>
  <datafield tag="700" ind1="1" ind2=" ">
    <subfield code="a">Derrida, Jacques.</subfield>
  </datafield>
  
  
  
  
  
</record>