<record xmlns="http://www.loc.gov/MARC21/slim" xmlns:zs="http://docs.oasis-open.org/ns/search-ws/sruResponse">
  <leader>00753cam a2200241Mi 4500</leader>
  <controlfield tag="001">ocn901512168</controlfield>
  <controlfield tag="003">OCoLC</controlfield>
  <controlfield tag="005">20160311223342.0</controlfield>
  <controlfield tag="008">150130s1986    fr            000 u fre d</controlfield>
  <datafield tag="040" ind1=" " ind2=" ">
    <subfield code="a">BEATB</subfield>
    <subfield code="b">dut</subfield>
    <subfield code="c">BEATB</subfield>
    <subfield code="d">NLGGC</subfield>
  </datafield>
  <datafield tag="020" ind1=" " ind2=" ">
    <subfield code="a">2906233005</subfield>
  </datafield>
  <datafield tag="020" ind1=" " ind2=" ">
    <subfield code="a">9782906233003</subfield>
  </datafield>
  <datafield tag="035" ind1=" " ind2=" ">
    <subfield code="a">(OCoLC)901512168</subfield>
  </datafield>
  <datafield tag="050" ind1=" " ind2="4">
    <subfield code="a">PQ2672.O688</subfield>
    <subfield code="b">F56 1986</subfield>
  </datafield>
  <datafield tag="100" ind1="1" ind2=" ">
    <subfield code="a">Loreau, Max</subfield>
    <subfield code="4">aut,</subfield>
    <subfield code="d">1928-1990.</subfield>
    <subfield code="0">(BE-AnANE)a::920.14746:1</subfield>
  </datafield>
  <datafield tag="245" ind1="1" ind2="0">
    <subfield code="a">Florence portée aux nues /</subfield>
    <subfield code="c">Max Loreau [aut].</subfield>
  </datafield>
  <datafield tag="260" ind1=" " ind2=" ">
    <subfield code="a">Paris :</subfield>
    <subfield code="b">Astrée,</subfield>
    <subfield code="c">1986.</subfield>
  </datafield>
  <datafield tag="300" ind1=" " ind2=" ">
    <subfield code="a">102 p.</subfield>
  </datafield>
  <datafield tag="650" ind1=" " ind2="4">
    <subfield code="a">Buitenlandse Franse letterkunde.</subfield>
    <subfield code="0">(BE-AnANE)a::840.8:1</subfield>
  </datafield>
  <datafield tag="655" ind1=" " ind2="4">
    <subfield code="a">Tekstuitgave.</subfield>
    <subfield code="0">(BE-AnANE)a::pt.41:1</subfield>
  </datafield>
  
  
  
</record>