<record xmlns="http://www.loc.gov/MARC21/slim" xmlns:zs="http://docs.oasis-open.org/ns/search-ws/sruResponse">
  <leader>03067cam a2200721Ia 4500</leader>
  <controlfield tag="001">ocm11746416 </controlfield>
  <controlfield tag="003">OCoLC</controlfield>
  <controlfield tag="005">20160311225617.0</controlfield>
  <controlfield tag="008">850228s1984    nyuae         000 0 eng d</controlfield>
  <datafield tag="040" ind1=" " ind2=" ">
    <subfield code="a">ZXC</subfield>
    <subfield code="b">eng</subfield>
    <subfield code="c">ZXC</subfield>
    <subfield code="d">OCLCQ</subfield>
    <subfield code="d">NLGGC</subfield>
    <subfield code="d">UV0</subfield>
    <subfield code="d">YDXCP</subfield>
    <subfield code="d">DRB</subfield>
    <subfield code="d">DEBBG</subfield>
    <subfield code="d">OCLCO</subfield>
    <subfield code="d">OCLCQ</subfield>
    <subfield code="d">OCLCF</subfield>
    <subfield code="d">OCLCQ</subfield>
    <subfield code="d">OCLCO</subfield>
  </datafield>
  <datafield tag="019" ind1=" " ind2=" ">
    <subfield code="a">11767917</subfield>
    <subfield code="a">59996735</subfield>
  </datafield>
  <datafield tag="020" ind1=" " ind2=" ">
    <subfield code="a">084780528X</subfield>
  </datafield>
  <datafield tag="020" ind1=" " ind2=" ">
    <subfield code="a">9780847805280</subfield>
  </datafield>
  <datafield tag="035" ind1=" " ind2=" ">
    <subfield code="a">(OCoLC)11746416</subfield>
    <subfield code="z">(OCoLC)11767917</subfield>
    <subfield code="z">(OCoLC)59996735</subfield>
  </datafield>
  <datafield tag="043" ind1=" " ind2=" ">
    <subfield code="a">n-us---</subfield>
  </datafield>
  <datafield tag="050" ind1=" " ind2="4">
    <subfield code="a">NA6602.V5</subfield>
    <subfield code="b">C46 1984</subfield>
  </datafield>
  <datafield tag="082" ind1="0" ind2="4">
    <subfield code="a">727.7/09/771</subfield>
    <subfield code="2">19</subfield>
  </datafield>
  <datafield tag="084" ind1=" " ind2=" ">
    <subfield code="a">LO 96499</subfield>
    <subfield code="2">rvk</subfield>
  </datafield>
  <datafield tag="245" ind1="0" ind2="2">
    <subfield code="a">A Center for the Visual Arts :</subfield>
    <subfield code="b">the Ohio State University competition /</subfield>
    <subfield code="c">edited by Peter Arnell and Ted Bickford ; associate editor, Catherine Bergart.</subfield>
  </datafield>
  <datafield tag="260" ind1=" " ind2=" ">
    <subfield code="a">New York :</subfield>
    <subfield code="b">Rizzoli,</subfield>
    <subfield code="c">1984.</subfield>
  </datafield>
  <datafield tag="300" ind1=" " ind2=" ">
    <subfield code="a">145 pages :</subfield>
    <subfield code="b">illustrations (some color), plans ;</subfield>
    <subfield code="c">24 cm</subfield>
  </datafield>
  <datafield tag="336" ind1=" " ind2=" ">
    <subfield code="a">text</subfield>
    <subfield code="b">txt</subfield>
    <subfield code="2">rdacontent</subfield>
  </datafield>
  <datafield tag="337" ind1=" " ind2=" ">
    <subfield code="a">unmediated</subfield>
    <subfield code="b">n</subfield>
    <subfield code="2">rdamedia</subfield>
  </datafield>
  <datafield tag="338" ind1=" " ind2=" ">
    <subfield code="a">volume</subfield>
    <subfield code="b">nc</subfield>
    <subfield code="2">rdacarrier</subfield>
  </datafield>
  <datafield tag="530" ind1=" " ind2=" ">
    <subfield code="a">Also issued online.</subfield>
  </datafield>
  <datafield tag="650" ind1=" " ind2="0">
    <subfield code="a">Architecture</subfield>
    <subfield code="x">Competitions</subfield>
    <subfield code="z">United States.</subfield>
  </datafield>
  <datafield tag="650" ind1=" " ind2="0">
    <subfield code="a">Architecture, Modern</subfield>
    <subfield code="y">20th century</subfield>
    <subfield code="v">Designs and plans.</subfield>
  </datafield>
  <datafield tag="650" ind1=" " ind2="7">
    <subfield code="a">Architecture</subfield>
    <subfield code="x">Competitions.</subfield>
    <subfield code="2">fast</subfield>
    <subfield code="0">(OCoLC)fst00813366</subfield>
  </datafield>
  <datafield tag="650" ind1=" " ind2="7">
    <subfield code="a">Architecture, Modern.</subfield>
    <subfield code="2">fast</subfield>
    <subfield code="0">(OCoLC)fst00813842</subfield>
  </datafield>
  <datafield tag="651" ind1=" " ind2="7">
    <subfield code="a">United States.</subfield>
    <subfield code="2">fast</subfield>
    <subfield code="0">(OCoLC)fst01204155</subfield>
  </datafield>
  <datafield tag="650" ind1="1" ind2="7">
    <subfield code="a">Bouwkunst.</subfield>
    <subfield code="2">gtt</subfield>
  </datafield>
  <datafield tag="650" ind1="1" ind2="7">
    <subfield code="a">Universiteiten.</subfield>
    <subfield code="2">gtt</subfield>
  </datafield>
  <datafield tag="650" ind1="1" ind2="7">
    <subfield code="a">Prijsvragen.</subfield>
    <subfield code="2">gtt</subfield>
  </datafield>
  <datafield tag="610" ind1="1" ind2="7">
    <subfield code="a">Columbus (Ohio)</subfield>
    <subfield code="x">Ohio State University.</subfield>
    <subfield code="2">swd</subfield>
  </datafield>
  <datafield tag="650" ind1="0" ind2="7">
    <subfield code="a">Architekturwettbewerb.</subfield>
    <subfield code="2">swd</subfield>
  </datafield>
  <datafield tag="610" ind1="2" ind2="7">
    <subfield code="a">Ohio State University.</subfield>
    <subfield code="0">(DE-588)9839-5</subfield>
    <subfield code="2">gnd</subfield>
  </datafield>
  <datafield tag="650" ind1="0" ind2="7">
    <subfield code="a">Architekturwettbewerb.</subfield>
    <subfield code="0">(DE-588)4002857-4</subfield>
    <subfield code="2">gnd</subfield>
  </datafield>
  <datafield tag="648" ind1=" " ind2="7">
    <subfield code="a">1900 - 1999</subfield>
    <subfield code="2">fast</subfield>
  </datafield>
  <datafield tag="655" ind1=" " ind2="7">
    <subfield code="a">Designs and plans.</subfield>
    <subfield code="2">fast</subfield>
    <subfield code="0">(OCoLC)fst01423771</subfield>
  </datafield>
  <datafield tag="700" ind1="1" ind2=" ">
    <subfield code="a">Arnell, Peter.</subfield>
  </datafield>
  <datafield tag="700" ind1="1" ind2=" ">
    <subfield code="a">Bickford, Ted.</subfield>
  </datafield>
  <datafield tag="700" ind1="1" ind2=" ">
    <subfield code="a">Bergart, Catherine.</subfield>
  </datafield>
  <datafield tag="776" ind1="0" ind2="8">
    <subfield code="i">Online version:</subfield>
    <subfield code="t">Center for the Visual Arts.</subfield>
    <subfield code="d">New York : Rizzoli, 1984</subfield>
    <subfield code="w">(OCoLC)568445993</subfield>
  </datafield>
  
  
  
  
  
  
  
  
  
  
  
  
  
  
  
  
  
  
  
  
</record>