<record xmlns="http://www.loc.gov/MARC21/slim" xmlns:zs="http://docs.oasis-open.org/ns/search-ws/sruResponse">
  <leader>02797cam a2200721Ka 4500</leader>
  <controlfield tag="001">ocm38270073 </controlfield>
  <controlfield tag="003">OCoLC</controlfield>
  <controlfield tag="005">20160311223655.0</controlfield>
  <controlfield tag="008">980127s1997    fr       b    001 0 fre d</controlfield>
  <datafield tag="040" ind1=" " ind2=" ">
    <subfield code="a">FNR</subfield>
    <subfield code="b">fre</subfield>
    <subfield code="c">FNR</subfield>
    <subfield code="d">OCLCQ</subfield>
    <subfield code="d">MUQ</subfield>
    <subfield code="d">OCLCQ</subfield>
    <subfield code="d">NYDWH</subfield>
    <subfield code="d">LGG</subfield>
    <subfield code="d">FRBML</subfield>
    <subfield code="d">RUQBL</subfield>
    <subfield code="d">CHRRO</subfield>
    <subfield code="d">OCLCQ</subfield>
    <subfield code="d">UQ1</subfield>
    <subfield code="d">BDF</subfield>
    <subfield code="d">OCLCF</subfield>
    <subfield code="d">OCLCQ</subfield>
    <subfield code="d">OCLCO</subfield>
  </datafield>
  <datafield tag="016" ind1="7" ind2=" ">
    <subfield code="a">FRBNF36191947000000X</subfield>
    <subfield code="2">FrPBN</subfield>
  </datafield>
  <datafield tag="019" ind1=" " ind2=" ">
    <subfield code="a">38288162</subfield>
  </datafield>
  <datafield tag="020" ind1=" " ind2=" ">
    <subfield code="a">2020153769</subfield>
  </datafield>
  <datafield tag="020" ind1=" " ind2=" ">
    <subfield code="a">9782020153768</subfield>
  </datafield>
  <datafield tag="035" ind1=" " ind2=" ">
    <subfield code="a">(OCoLC)38270073</subfield>
    <subfield code="z">(OCoLC)38288162</subfield>
  </datafield>
  <datafield tag="041" ind1="1" ind2=" ">
    <subfield code="a">fre</subfield>
    <subfield code="h">eng</subfield>
  </datafield>
  <datafield tag="050" ind1=" " ind2="4">
    <subfield code="a">JC575</subfield>
    <subfield code="b">.W3414 1997</subfield>
  </datafield>
  <datafield tag="055" ind1=" " ind2="3">
    <subfield code="a">JC575</subfield>
    <subfield code="b">W35F</subfield>
  </datafield>
  <datafield tag="082" ind1="0" ind2="4">
    <subfield code="a">320.11</subfield>
    <subfield code="b">WAL</subfield>
  </datafield>
  <datafield tag="100" ind1="1" ind2=" ">
    <subfield code="a">Walzer, Michael.</subfield>
  </datafield>
  <datafield tag="245" ind1="1" ind2="0">
    <subfield code="a">Sphe͠res de justice :</subfield>
    <subfield code="b">une defense du pluralisme et de l'egalite /</subfield>
    <subfield code="c">Michael Walzer ; trad. de l'americain par Pascal Engel.</subfield>
  </datafield>
  <datafield tag="246" ind1="3" ind2="0">
    <subfield code="a">Une defense du pluralisme et de l'egalite</subfield>
  </datafield>
  <datafield tag="260" ind1=" " ind2=" ">
    <subfield code="a">Paris :</subfield>
    <subfield code="b">Editions du Seuil,</subfield>
    <subfield code="c">©1997.</subfield>
  </datafield>
  <datafield tag="300" ind1=" " ind2=" ">
    <subfield code="a">475 p. ;</subfield>
    <subfield code="c">21 cm.</subfield>
  </datafield>
  <datafield tag="490" ind1="1" ind2=" ">
    <subfield code="a">La couleur des idees.</subfield>
  </datafield>
  <datafield tag="500" ind1=" " ind2=" ">
    <subfield code="a">Trad. de : Spheres of justice. A defense of pluralism and equality ; ouvrage trad. et publ. avec le concours du Centre national du livre.</subfield>
  </datafield>
  <datafield tag="504" ind1=" " ind2=" ">
    <subfield code="a">⁽Contient des⁾ notes bibliographiques et ⁽un⁾ index.</subfield>
  </datafield>
  <datafield tag="650" ind1=" " ind2="0">
    <subfield code="a">Distributive justice.</subfield>
  </datafield>
  <datafield tag="650" ind1=" " ind2="0">
    <subfield code="a">Equality.</subfield>
  </datafield>
  <datafield tag="650" ind1=" " ind2="0">
    <subfield code="a">Cultural pluralism.</subfield>
  </datafield>
  <datafield tag="650" ind1=" " ind2="4">
    <subfield code="a">Égalité</subfield>
  </datafield>
  <datafield tag="650" ind1=" " ind2="4">
    <subfield code="a">Pluralisme (sciences sociales)</subfield>
  </datafield>
  <datafield tag="650" ind1=" " ind2="4">
    <subfield code="a">Philosophie sociale.</subfield>
  </datafield>
  <datafield tag="650" ind1=" " ind2="6">
    <subfield code="a">Justice distributive.</subfield>
  </datafield>
  <datafield tag="650" ind1=" " ind2="6">
    <subfield code="a">Égalité (Sociologie)</subfield>
  </datafield>
  <datafield tag="650" ind1=" " ind2="6">
    <subfield code="a">Pluralisme (Philosophie)</subfield>
  </datafield>
  <datafield tag="650" ind1=" " ind2="7">
    <subfield code="a">Cultural pluralism.</subfield>
    <subfield code="2">fast</subfield>
    <subfield code="0">(OCoLC)fst01715991</subfield>
  </datafield>
  <datafield tag="650" ind1=" " ind2="7">
    <subfield code="a">Distributive justice.</subfield>
    <subfield code="2">fast</subfield>
    <subfield code="0">(OCoLC)fst00895621</subfield>
  </datafield>
  <datafield tag="650" ind1=" " ind2="7">
    <subfield code="a">Equality.</subfield>
    <subfield code="2">fast</subfield>
    <subfield code="0">(OCoLC)fst00914456</subfield>
  </datafield>
  <datafield tag="650" ind1=" " ind2="7">
    <subfield code="a">Pluralisme (sciences sociales)</subfield>
    <subfield code="2">ram</subfield>
  </datafield>
  <datafield tag="650" ind1=" " ind2="7">
    <subfield code="a">Justice sociale.</subfield>
    <subfield code="2">ram</subfield>
  </datafield>
  <datafield tag="650" ind1=" " ind2="7">
    <subfield code="a">Egalite.</subfield>
    <subfield code="2">ram</subfield>
  </datafield>
  <datafield tag="650" ind1=" " ind2="7">
    <subfield code="a">égalité</subfield>
    <subfield code="x">justice.</subfield>
    <subfield code="2">rero</subfield>
  </datafield>
  <datafield tag="650" ind1=" " ind2="7">
    <subfield code="a">pluralisme (sciences sociales)</subfield>
    <subfield code="2">rero</subfield>
  </datafield>
  <datafield tag="650" ind1=" " ind2="7">
    <subfield code="a">justice sociale</subfield>
    <subfield code="x">pluralisme (sciences sociales)</subfield>
    <subfield code="x">théorie sociale.</subfield>
    <subfield code="2">rero</subfield>
  </datafield>
  <datafield tag="650" ind1=" " ind2="7">
    <subfield code="a">égalité sociale</subfield>
    <subfield code="x">justice sociale</subfield>
    <subfield code="x">société pluraliste.</subfield>
    <subfield code="2">rero</subfield>
  </datafield>
  <datafield tag="650" ind1=" " ind2="7">
    <subfield code="a">Égalité (Sociologie)</subfield>
    <subfield code="2">rasuqam</subfield>
  </datafield>
  <datafield tag="650" ind1="1" ind2="7">
    <subfield code="a">Justice distributive.</subfield>
    <subfield code="2">rasuqam</subfield>
  </datafield>
  <datafield tag="650" ind1=" " ind2="7">
    <subfield code="a">Pluralisme.</subfield>
    <subfield code="2">rasuqam</subfield>
  </datafield>
  <datafield tag="650" ind1="0" ind2="7">
    <subfield code="a">JUSTICE.</subfield>
    <subfield code="2">unbist</subfield>
  </datafield>
  <datafield tag="650" ind1="0" ind2="7">
    <subfield code="a">EQUALITY.</subfield>
    <subfield code="2">unbist</subfield>
  </datafield>
  <datafield tag="650" ind1="0" ind2="7">
    <subfield code="a">PLURALISM.</subfield>
    <subfield code="2">unbist</subfield>
  </datafield>
  <datafield tag="650" ind1="0" ind2="7">
    <subfield code="a">SOCIAL WELFARE.</subfield>
    <subfield code="2">unbist</subfield>
  </datafield>
  <datafield tag="650" ind1="0" ind2="7">
    <subfield code="a">POLITICAL POWER.</subfield>
    <subfield code="2">unbist</subfield>
  </datafield>
  <datafield tag="650" ind1="0" ind2="7">
    <subfield code="a">EDUCATION.</subfield>
    <subfield code="2">unbist</subfield>
  </datafield>
  <datafield tag="700" ind1="1" ind2=" ">
    <subfield code="a">Engel, Pascal,</subfield>
    <subfield code="e">trad.</subfield>
  </datafield>
  <datafield tag="830" ind1=" " ind2="0">
    <subfield code="a">Couleur des idees.</subfield>
  </datafield>
  <datafield tag="856" ind1="4" ind2="2">
    <subfield code="3">Notice et cote du catalogue de la Bibliothèque nationale de France</subfield>
    <subfield code="u">http://catalogue.bnf.fr/ark:/12148/cb36191947m</subfield>
  </datafield>
  
  
  
  
  
</record>