<record xmlns="http://www.loc.gov/MARC21/slim" xmlns:zs="http://docs.oasis-open.org/ns/search-ws/sruResponse">
  <leader>01671cam a2200457Mi 4500</leader>
  <controlfield tag="001">ocn906830456</controlfield>
  <controlfield tag="003">OCoLC</controlfield>
  <controlfield tag="005">20160311224903.0</controlfield>
  <controlfield tag="008">990518s1999    fr            000 0 fre d</controlfield>
  <datafield tag="040" ind1=" " ind2=" ">
    <subfield code="a">NLGGC</subfield>
    <subfield code="b">dut</subfield>
    <subfield code="e">fobidrtb</subfield>
    <subfield code="c">NLGGC</subfield>
    <subfield code="d">OCLCO</subfield>
    <subfield code="d">OCLCF</subfield>
  </datafield>
  <datafield tag="020" ind1=" " ind2=" ">
    <subfield code="a">2130497217</subfield>
  </datafield>
  <datafield tag="020" ind1=" " ind2=" ">
    <subfield code="a">9782130497219</subfield>
  </datafield>
  <datafield tag="035" ind1=" " ind2=" ">
    <subfield code="a">(OCoLC)906830456</subfield>
  </datafield>
  <datafield tag="050" ind1=" " ind2="4">
    <subfield code="a">KZ3310.L45</subfield>
    <subfield code="b">A36 1999</subfield>
  </datafield>
  <datafield tag="050" ind1=" " ind2="4">
    <subfield code="a">B</subfield>
  </datafield>
  <datafield tag="082" ind1="0" ind2="4">
    <subfield code="a">341/.01</subfield>
    <subfield code="2">21</subfield>
  </datafield>
  <datafield tag="084" ind1=" " ind2=" ">
    <subfield code="a">86.80</subfield>
    <subfield code="2">bcl</subfield>
  </datafield>
  <datafield tag="100" ind1="1" ind2=" ">
    <subfield code="a">Lejbowicz, Agnès.</subfield>
  </datafield>
  <datafield tag="245" ind1="1" ind2="0">
    <subfield code="a">Philosophie du droit international :</subfield>
    <subfield code="b">l'impossible capture de l'humanité /</subfield>
    <subfield code="c">Agnès Lejbowicz.</subfield>
  </datafield>
  <datafield tag="260" ind1=" " ind2=" ">
    <subfield code="a">Paris :</subfield>
    <subfield code="b">Presses universitaires de France,</subfield>
    <subfield code="c">1999.</subfield>
  </datafield>
  <datafield tag="300" ind1=" " ind2=" ">
    <subfield code="a">442 p. ;</subfield>
    <subfield code="c">22 cm.</subfield>
  </datafield>
  <datafield tag="336" ind1=" " ind2=" ">
    <subfield code="a">tekst</subfield>
    <subfield code="b">txt</subfield>
    <subfield code="2">rdacontent/dut</subfield>
  </datafield>
  <datafield tag="337" ind1=" " ind2=" ">
    <subfield code="a">zonder medium</subfield>
    <subfield code="b">n</subfield>
    <subfield code="2">rdamedia/dut</subfield>
  </datafield>
  <datafield tag="338" ind1=" " ind2=" ">
    <subfield code="a">band</subfield>
    <subfield code="b">nc</subfield>
    <subfield code="2">rdacarrier/dut</subfield>
  </datafield>
  <datafield tag="490" ind1="1" ind2=" ">
    <subfield code="a">Fondements de la politique,</subfield>
    <subfield code="x">1242-8124.</subfield>
    <subfield code="a">Série essais</subfield>
  </datafield>
  <datafield tag="504" ind1=" " ind2=" ">
    <subfield code="a">Bibliogr.: p. [419]-429.</subfield>
  </datafield>
  <datafield tag="504" ind1=" " ind2=" ">
    <subfield code="a">Met lit.opg., index.</subfield>
  </datafield>
  <datafield tag="650" ind1=" " ind2="0">
    <subfield code="a">International law</subfield>
    <subfield code="x">Philosophy.</subfield>
  </datafield>
  <datafield tag="650" ind1=" " ind2="7">
    <subfield code="a">Droit international</subfield>
    <subfield code="x">Philosophie.</subfield>
    <subfield code="2">ram</subfield>
  </datafield>
  <datafield tag="650" ind1=" " ind2="6">
    <subfield code="a">Droit international</subfield>
    <subfield code="x">Philosophie.</subfield>
  </datafield>
  <datafield tag="650" ind1=" " ind2="7">
    <subfield code="a">Teoria do direito.</subfield>
    <subfield code="2">larpcal</subfield>
  </datafield>
  <datafield tag="650" ind1=" " ind2="7">
    <subfield code="a">Direito internacional.</subfield>
    <subfield code="2">larpcal</subfield>
  </datafield>
  <datafield tag="650" ind1=" " ind2="7">
    <subfield code="a">Filosofia política.</subfield>
    <subfield code="2">larpcal</subfield>
  </datafield>
  <datafield tag="650" ind1=" " ind2="7">
    <subfield code="a">Filosofia do direito.</subfield>
    <subfield code="2">larpcal</subfield>
  </datafield>
  <datafield tag="650" ind1="1" ind2="7">
    <subfield code="a">Internationaal recht.</subfield>
    <subfield code="2">gtt</subfield>
    <subfield code="0">(NL-LeOCL)078547555</subfield>
  </datafield>
  <datafield tag="650" ind1="1" ind2="7">
    <subfield code="a">Rechtsfilosofie.</subfield>
    <subfield code="2">gtt</subfield>
    <subfield code="0">(NL-LeOCL)078644895</subfield>
  </datafield>
  <datafield tag="650" ind1=" " ind2="7">
    <subfield code="a">International law</subfield>
    <subfield code="x">Philosophy.</subfield>
    <subfield code="2">fast</subfield>
    <subfield code="0">(OCoLC)fst00977003</subfield>
  </datafield>
  <datafield tag="830" ind1=" " ind2="0">
    <subfield code="a">Fondements de la politique.</subfield>
    <subfield code="x">1242-8124</subfield>
    <subfield code="w">(NL-LeOCL)138528918</subfield>
    <subfield code="w">(OCoLC)73244083</subfield>
  </datafield>
  
  
  
</record>