<record xmlns="http://www.loc.gov/MARC21/slim" xmlns:zs="http://docs.oasis-open.org/ns/search-ws/sruResponse">
  <leader>01630cam a2200469Ia 4500</leader>
  <controlfield tag="001">ocm13810286 </controlfield>
  <controlfield tag="003">OCoLC</controlfield>
  <controlfield tag="005">20160311224913.0</controlfield>
  <controlfield tag="008">860702s1985    fr       b    000 0 fre d</controlfield>
  <datafield tag="040" ind1=" " ind2=" ">
    <subfield code="a">GZQ</subfield>
    <subfield code="b">eng</subfield>
    <subfield code="c">GZQ</subfield>
    <subfield code="d">CUV</subfield>
    <subfield code="d">MUQ</subfield>
    <subfield code="d">NLGGC</subfield>
    <subfield code="d">OCLCG</subfield>
    <subfield code="d">DEBBG</subfield>
    <subfield code="d">GBVCP</subfield>
    <subfield code="d">OCLCF</subfield>
    <subfield code="d">OCLCQ</subfield>
    <subfield code="d">OCLCO</subfield>
    <subfield code="d">OCLCQ</subfield>
  </datafield>
  <datafield tag="020" ind1=" " ind2=" ">
    <subfield code="a">2130388795</subfield>
    <subfield code="q">(pbk.)</subfield>
  </datafield>
  <datafield tag="020" ind1=" " ind2=" ">
    <subfield code="a">9782130388791</subfield>
    <subfield code="q">(pbk.)</subfield>
  </datafield>
  <datafield tag="035" ind1=" " ind2=" ">
    <subfield code="a">(OCoLC)13810286</subfield>
  </datafield>
  <datafield tag="050" ind1=" " ind2="4">
    <subfield code="a">B809.7</subfield>
    <subfield code="b">.B78 1985</subfield>
  </datafield>
  <datafield tag="082" ind1="0" ind2="4">
    <subfield code="a">146.32</subfield>
    <subfield code="b">B83</subfield>
    <subfield code="2">19</subfield>
  </datafield>
  <datafield tag="084" ind1=" " ind2=" ">
    <subfield code="a">5,1</subfield>
    <subfield code="2">ssgn</subfield>
  </datafield>
  <datafield tag="084" ind1=" " ind2=" ">
    <subfield code="a">CC 2500</subfield>
    <subfield code="2">rvk</subfield>
  </datafield>
  <datafield tag="084" ind1=" " ind2=" ">
    <subfield code="a">3,6</subfield>
    <subfield code="2">ssgn</subfield>
  </datafield>
  <datafield tag="100" ind1="1" ind2=" ">
    <subfield code="a">Bruaire, Claude,</subfield>
    <subfield code="d">1932-1986.</subfield>
  </datafield>
  <datafield tag="245" ind1="1" ind2="3">
    <subfield code="a">La dialectique /</subfield>
    <subfield code="c">Claude Bruaire.</subfield>
  </datafield>
  <datafield tag="250" ind1=" " ind2=" ">
    <subfield code="a">1ère éd.</subfield>
  </datafield>
  <datafield tag="260" ind1=" " ind2=" ">
    <subfield code="a">Paris :</subfield>
    <subfield code="b">Presses Universitaires de France,</subfield>
    <subfield code="c">1985.</subfield>
  </datafield>
  <datafield tag="300" ind1=" " ind2=" ">
    <subfield code="a">127 pages ;</subfield>
    <subfield code="c">18 cm.</subfield>
  </datafield>
  <datafield tag="336" ind1=" " ind2=" ">
    <subfield code="a">text</subfield>
    <subfield code="b">txt</subfield>
    <subfield code="2">rdacontent</subfield>
  </datafield>
  <datafield tag="337" ind1=" " ind2=" ">
    <subfield code="a">unmediated</subfield>
    <subfield code="b">n</subfield>
    <subfield code="2">rdamedia</subfield>
  </datafield>
  <datafield tag="338" ind1=" " ind2=" ">
    <subfield code="a">volume</subfield>
    <subfield code="b">nc</subfield>
    <subfield code="2">rdacarrier</subfield>
  </datafield>
  <datafield tag="490" ind1="0" ind2=" ">
    <subfield code="a">Que sais-je? ;</subfield>
    <subfield code="v">363</subfield>
  </datafield>
  <datafield tag="504" ind1=" " ind2=" ">
    <subfield code="a">Includes bibliographical references (page 126).</subfield>
  </datafield>
  <datafield tag="650" ind1=" " ind2="0">
    <subfield code="a">Dialectic.</subfield>
  </datafield>
  <datafield tag="650" ind1=" " ind2="6">
    <subfield code="a">Dialectique.</subfield>
  </datafield>
  <datafield tag="650" ind1=" " ind2="7">
    <subfield code="a">Dialectic.</subfield>
    <subfield code="2">fast</subfield>
    <subfield code="0">(OCoLC)fst00892462</subfield>
  </datafield>
  <datafield tag="650" ind1="1" ind2="7">
    <subfield code="a">Dialectiek.</subfield>
    <subfield code="2">gtt</subfield>
  </datafield>
  <datafield tag="650" ind1="0" ind2="7">
    <subfield code="a">Dialektik.</subfield>
    <subfield code="2">swd</subfield>
  </datafield>
  <datafield tag="650" ind1=" " ind2="4">
    <subfield code="a">Dialectique.</subfield>
  </datafield>
  <datafield tag="650" ind1="0" ind2="7">
    <subfield code="a">Dialektik.</subfield>
    <subfield code="0">(DE-588)4012058-2</subfield>
    <subfield code="2">gnd</subfield>
  </datafield>
  <datafield tag="776" ind1="0" ind2="8">
    <subfield code="i">Online version:</subfield>
    <subfield code="a">Bruaire, Claude, 1932-1986.</subfield>
    <subfield code="t">Dialectique.</subfield>
    <subfield code="b">1ère éd.</subfield>
    <subfield code="d">Paris : Presses Universitaires de France, 1985</subfield>
    <subfield code="w">(OCoLC)761132654</subfield>
  </datafield>
  
  
  
  
  
  
</record>