<record xmlns="http://www.loc.gov/MARC21/slim" xmlns:zs="http://docs.oasis-open.org/ns/search-ws/sruResponse">
  <leader>03212cam a2200565Ia 4500</leader>
  <controlfield tag="001">ocm52793603 </controlfield>
  <controlfield tag="003">OCoLC</controlfield>
  <controlfield tag="005">20160311222657.0</controlfield>
  <controlfield tag="008">030714s2003    enk      b    001 0 eng d</controlfield>
  <datafield tag="040" ind1=" " ind2=" ">
    <subfield code="a">EQO</subfield>
    <subfield code="b">eng</subfield>
    <subfield code="c">EQO</subfield>
    <subfield code="d">UKM</subfield>
    <subfield code="d">CUS</subfield>
    <subfield code="d">ZCU</subfield>
    <subfield code="d">BAKER</subfield>
    <subfield code="d">NLGGC</subfield>
    <subfield code="d">YDXCP</subfield>
    <subfield code="d">DRB</subfield>
    <subfield code="d">DEBSZ</subfield>
    <subfield code="d">EUM</subfield>
    <subfield code="d">CNUKC</subfield>
    <subfield code="d">OCLCQ</subfield>
    <subfield code="d">OCLCO</subfield>
  </datafield>
  <datafield tag="015" ind1=" " ind2=" ">
    <subfield code="a">GBA360090</subfield>
    <subfield code="2">bnb</subfield>
  </datafield>
  <datafield tag="020" ind1=" " ind2=" ">
    <subfield code="a">1900755807</subfield>
  </datafield>
  <datafield tag="020" ind1=" " ind2=" ">
    <subfield code="a">9781900755801</subfield>
  </datafield>
  <datafield tag="035" ind1=" " ind2=" ">
    <subfield code="a">(OCoLC)52793603</subfield>
  </datafield>
  <datafield tag="043" ind1=" " ind2=" ">
    <subfield code="a">e-fr---</subfield>
    <subfield code="a">e-gw---</subfield>
  </datafield>
  <datafield tag="050" ind1=" " ind2="4">
    <subfield code="a">D805.G3</subfield>
    <subfield code="b">A7533 2003</subfield>
  </datafield>
  <datafield tag="082" ind1="0" ind2="4">
    <subfield code="a">848.91409</subfield>
    <subfield code="2">21</subfield>
  </datafield>
  <datafield tag="084" ind1=" " ind2=" ">
    <subfield code="a">18.25</subfield>
    <subfield code="2">bcl</subfield>
  </datafield>
  <datafield tag="100" ind1="1" ind2=" ">
    <subfield code="a">Crowley, Martin.</subfield>
  </datafield>
  <datafield tag="245" ind1="1" ind2="0">
    <subfield code="a">Robert Antelme :</subfield>
    <subfield code="b">humanity, community, testimony /</subfield>
    <subfield code="c">Martin Crowley.</subfield>
  </datafield>
  <datafield tag="260" ind1=" " ind2=" ">
    <subfield code="a">Oxford :</subfield>
    <subfield code="b">Legenda,</subfield>
    <subfield code="c">2003.</subfield>
  </datafield>
  <datafield tag="300" ind1=" " ind2=" ">
    <subfield code="a">xi, 111 pages ;</subfield>
    <subfield code="c">22 cm.</subfield>
  </datafield>
  <datafield tag="336" ind1=" " ind2=" ">
    <subfield code="a">text</subfield>
    <subfield code="b">txt</subfield>
    <subfield code="2">rdacontent</subfield>
  </datafield>
  <datafield tag="337" ind1=" " ind2=" ">
    <subfield code="a">unmediated</subfield>
    <subfield code="b">n</subfield>
    <subfield code="2">rdamedia</subfield>
  </datafield>
  <datafield tag="338" ind1=" " ind2=" ">
    <subfield code="a">volume</subfield>
    <subfield code="b">nc</subfield>
    <subfield code="2">rdacarrier</subfield>
  </datafield>
  <datafield tag="490" ind1="1" ind2=" ">
    <subfield code="a">Research monographs in French studies ;</subfield>
    <subfield code="v">15</subfield>
  </datafield>
  <datafield tag="504" ind1=" " ind2=" ">
    <subfield code="a">Includes bibliographical references (pages 101-107) and index.</subfield>
  </datafield>
  <datafield tag="520" ind1=" " ind2=" ">
    <subfield code="a">"Best known for his 1947 memoir L'Espece humaine, Robert Antelme (1917-1990) is a central figure in the history of the European response to the Nazi concentration camps. In this first study in any language to be devoted to Antelme's work, Martin Crowley reveals the author's vital yet insufficiently recognized influence on recent thought in France and elsewhere about such questions as the nature of community and the indivisibility of humanity. He explores the conclusions Antelme drew from his deportation and his involvement with the post-war French left, and provides the first detailed textual criticism of L'Espece humaine. Examining the responses to the author's writings by such figures as Blanchot, Perec, Agamben, Nancy and Derrida, Crowley demonstrates Antelme's key contribution to the development of modern European thought."--Jacket.</subfield>
  </datafield>
  <datafield tag="600" ind1="1" ind2="0">
    <subfield code="a">Antelme, Robert.</subfield>
    <subfield code="t">Espèce humaine</subfield>
    <subfield code="x">Criticism, Textual.</subfield>
  </datafield>
  <datafield tag="600" ind1="1" ind2="0">
    <subfield code="a">Antelme, Robert</subfield>
    <subfield code="x">Criticism and interpretation.</subfield>
  </datafield>
  <datafield tag="650" ind1=" " ind2="0">
    <subfield code="a">Humanity.</subfield>
  </datafield>
  <datafield tag="650" ind1=" " ind2="0">
    <subfield code="a">World War, 1939-1945</subfield>
    <subfield code="v">Personal narratives, French.</subfield>
  </datafield>
  <datafield tag="650" ind1=" " ind2="0">
    <subfield code="a">World War, 1939-1945</subfield>
    <subfield code="x">Prisoners and prisons, German.</subfield>
  </datafield>
  <datafield tag="600" ind1="1" ind2="4">
    <subfield code="a">Antelme, Robert.</subfield>
    <subfield code="t">Espèce humaine.</subfield>
  </datafield>
  <datafield tag="776" ind1="0" ind2="8">
    <subfield code="i">Online version:</subfield>
    <subfield code="a">Crowley, Martin.</subfield>
    <subfield code="t">Robert Antelme.</subfield>
    <subfield code="d">Oxford : Legenda, 2003</subfield>
    <subfield code="w">(OCoLC)606997928</subfield>
  </datafield>
  <datafield tag="830" ind1=" " ind2="0">
    <subfield code="a">Research monographs in French studies ;</subfield>
    <subfield code="v">15.</subfield>
  </datafield>
  
  
  
  
  
  
  
  
  
  
  
  
  
  
</record>