<record xmlns="http://www.loc.gov/MARC21/slim" xmlns:zs="http://docs.oasis-open.org/ns/search-ws/sruResponse">
  <leader>01887cam a2200457Ia 4500</leader>
  <controlfield tag="001">ocm64336987 </controlfield>
  <controlfield tag="003">OCoLC</controlfield>
  <controlfield tag="005">20160311225613.0</controlfield>
  <controlfield tag="008">060225s1992    fr a     c    000 0 fre d</controlfield>
  <datafield tag="040" ind1=" " ind2=" ">
    <subfield code="a">ZVT</subfield>
    <subfield code="b">eng</subfield>
    <subfield code="c">ZVT</subfield>
    <subfield code="d">OCLCG</subfield>
    <subfield code="d">CUY</subfield>
    <subfield code="d">OCLCF</subfield>
    <subfield code="d">OCLCQ</subfield>
  </datafield>
  <datafield tag="020" ind1=" " ind2=" ">
    <subfield code="a">2907908146</subfield>
  </datafield>
  <datafield tag="020" ind1=" " ind2=" ">
    <subfield code="a">9782907908146</subfield>
  </datafield>
  <datafield tag="035" ind1=" " ind2=" ">
    <subfield code="a">(OCoLC)64336987</subfield>
  </datafield>
  <datafield tag="043" ind1=" " ind2=" ">
    <subfield code="a">e-it---</subfield>
  </datafield>
  <datafield tag="050" ind1=" " ind2="4">
    <subfield code="a">TR647</subfield>
    <subfield code="b">.B746 1992</subfield>
  </datafield>
  <datafield tag="100" ind1="1" ind2=" ">
    <subfield code="a">Brenner, Frédéric,</subfield>
    <subfield code="d">1959-</subfield>
  </datafield>
  <datafield tag="245" ind1="1" ind2="0">
    <subfield code="a">Romanus Judaeus :</subfield>
    <subfield code="b">une memoire de Rome /</subfield>
    <subfield code="c">Frederic Brenner.</subfield>
  </datafield>
  <datafield tag="246" ind1="3" ind2=" ">
    <subfield code="a">Memoire de Rome</subfield>
  </datafield>
  <datafield tag="260" ind1=" " ind2=" ">
    <subfield code="a">Saint-Herblain :</subfield>
    <subfield code="b">Le Govic S.A.,</subfield>
    <subfield code="c">1992.</subfield>
  </datafield>
  <datafield tag="300" ind1=" " ind2=" ">
    <subfield code="a">31 unnumbered pages :</subfield>
    <subfield code="b">illustrations ;</subfield>
    <subfield code="c">30 cm</subfield>
  </datafield>
  <datafield tag="336" ind1=" " ind2=" ">
    <subfield code="a">text</subfield>
    <subfield code="b">txt</subfield>
    <subfield code="2">rdacontent</subfield>
  </datafield>
  <datafield tag="337" ind1=" " ind2=" ">
    <subfield code="a">unmediated</subfield>
    <subfield code="b">n</subfield>
    <subfield code="2">rdamedia</subfield>
  </datafield>
  <datafield tag="338" ind1=" " ind2=" ">
    <subfield code="a">volume</subfield>
    <subfield code="b">nc</subfield>
    <subfield code="2">rdacarrier</subfield>
  </datafield>
  <datafield tag="500" ind1=" " ind2=" ">
    <subfield code="a">"Villa Medicis - September 1992."</subfield>
  </datafield>
  <datafield tag="500" ind1=" " ind2=" ">
    <subfield code="a">"Tiré à part du catalogue de l'exposition Villa(s) 3 coproduite par l'Académie de France à Rome et le Départment de Loire-Atlantique"--Colophon.</subfield>
  </datafield>
  <datafield tag="600" ind1="1" ind2="0">
    <subfield code="a">Brenner, Frédéric,</subfield>
    <subfield code="d">1959-</subfield>
    <subfield code="v">Exhibitions.</subfield>
  </datafield>
  <datafield tag="650" ind1=" " ind2="0">
    <subfield code="a">Jews</subfield>
    <subfield code="z">Italy</subfield>
    <subfield code="z">Rome</subfield>
    <subfield code="v">Pictorial works.</subfield>
  </datafield>
  <datafield tag="650" ind1=" " ind2="0">
    <subfield code="a">Documentary photography</subfield>
    <subfield code="v">Exhibitions.</subfield>
  </datafield>
  <datafield tag="600" ind1="1" ind2="7">
    <subfield code="a">Brenner, Frédéric,</subfield>
    <subfield code="d">1959-</subfield>
    <subfield code="2">fast</subfield>
    <subfield code="0">(OCoLC)fst00139688</subfield>
  </datafield>
  <datafield tag="650" ind1=" " ind2="7">
    <subfield code="a">Documentary photography.</subfield>
    <subfield code="2">fast</subfield>
    <subfield code="0">(OCoLC)fst00896093</subfield>
  </datafield>
  <datafield tag="650" ind1=" " ind2="7">
    <subfield code="a">Jews.</subfield>
    <subfield code="2">fast</subfield>
    <subfield code="0">(OCoLC)fst00983135</subfield>
  </datafield>
  <datafield tag="651" ind1=" " ind2="7">
    <subfield code="a">Italy</subfield>
    <subfield code="z">Rome.</subfield>
    <subfield code="2">fast</subfield>
    <subfield code="0">(OCoLC)fst01204500</subfield>
  </datafield>
  <datafield tag="655" ind1=" " ind2="7">
    <subfield code="a">Exhibition catalogs.</subfield>
    <subfield code="2">fast</subfield>
    <subfield code="0">(OCoLC)fst01424028</subfield>
  </datafield>
  <datafield tag="655" ind1=" " ind2="7">
    <subfield code="a">Pictorial works.</subfield>
    <subfield code="2">fast</subfield>
    <subfield code="0">(OCoLC)fst01423874</subfield>
  </datafield>
  <datafield tag="710" ind1="2" ind2=" ">
    <subfield code="a">Accademia di Francia (Rome, Italy)</subfield>
  </datafield>
  <datafield tag="710" ind1="2" ind2=" ">
    <subfield code="a">Conseil général de Loire-Atlantique.</subfield>
  </datafield>
  
  
  
  
  
</record>