<record xmlns="http://www.loc.gov/MARC21/slim" xmlns:zs="http://docs.oasis-open.org/ns/search-ws/sruResponse">
  <leader>01978cam a2200457 a 4500</leader>
  <controlfield tag="001">ocm35672503 </controlfield>
  <controlfield tag="003">OCoLC</controlfield>
  <controlfield tag="005">20160311225803.0</controlfield>
  <controlfield tag="008">970916s1995    cc       b    000 0 chi  </controlfield>
  <datafield tag="010" ind1=" " ind2=" ">
    <subfield code="a">   97462346 </subfield>
  </datafield>
  <datafield tag="040" ind1=" " ind2=" ">
    <subfield code="a">DLC-R</subfield>
    <subfield code="b">eng</subfield>
    <subfield code="c">DLC</subfield>
    <subfield code="d">OCLCG</subfield>
    <subfield code="d">CALIS</subfield>
    <subfield code="d">CFT</subfield>
    <subfield code="d">OCLCF</subfield>
    <subfield code="d">OCLCQ</subfield>
  </datafield>
  <datafield tag="066" ind1=" " ind2=" ">
    <subfield code="c">$1</subfield>
  </datafield>
  <datafield tag="020" ind1=" " ind2=" ">
    <subfield code="a">7010021384</subfield>
  </datafield>
  <datafield tag="020" ind1=" " ind2=" ">
    <subfield code="a">9787010021386</subfield>
  </datafield>
  <datafield tag="035" ind1=" " ind2=" ">
    <subfield code="a">(OCoLC)35672503</subfield>
  </datafield>
  <datafield tag="050" ind1="0" ind2="0">
    <subfield code="a">B4377</subfield>
    <subfield code="b">.Y36 1995</subfield>
  </datafield>
  <datafield tag="100" ind1="1" ind2=" ">
    <subfield code="6">880-01</subfield>
    <subfield code="a">Yang, Dachun.</subfield>
  </datafield>
  <datafield tag="245" ind1="1" ind2="0">
    <subfield code="6">880-02</subfield>
    <subfield code="a">Chen lun yu zheng jiu :</subfield>
    <subfield code="b">Ke'erkaige'er de jing shen zhe xue yan jiu /</subfield>
    <subfield code="c">Yang Dachun zhu.</subfield>
  </datafield>
  <datafield tag="246" ind1="3" ind2="0">
    <subfield code="6">880-03</subfield>
    <subfield code="a">Ke'erkaige'er de jing shen zhe xue yan jiu</subfield>
  </datafield>
  <datafield tag="246" ind1="1" ind2=" ">
    <subfield code="i">Colophon title also in pinyin:</subfield>
    <subfield code="a">Chenlun yu zhengjiu : Keeerkaigeer de jingshen zhexue yan jiu</subfield>
  </datafield>
  <datafield tag="250" ind1=" " ind2=" ">
    <subfield code="6">880-04</subfield>
    <subfield code="a">Di 1 ban.</subfield>
  </datafield>
  <datafield tag="260" ind1=" " ind2=" ">
    <subfield code="6">880-05</subfield>
    <subfield code="a">Beijing :</subfield>
    <subfield code="b">Ren min chu ban she :</subfield>
    <subfield code="b">Xin hua shu dian jing xiao,</subfield>
    <subfield code="c">1995.</subfield>
  </datafield>
  <datafield tag="300" ind1=" " ind2=" ">
    <subfield code="a">2, 4, 259 pages ;</subfield>
    <subfield code="c">21 cm</subfield>
  </datafield>
  <datafield tag="336" ind1=" " ind2=" ">
    <subfield code="a">text</subfield>
    <subfield code="b">txt</subfield>
    <subfield code="2">rdacontent</subfield>
  </datafield>
  <datafield tag="337" ind1=" " ind2=" ">
    <subfield code="a">unmediated</subfield>
    <subfield code="b">n</subfield>
    <subfield code="2">rdamedia</subfield>
  </datafield>
  <datafield tag="338" ind1=" " ind2=" ">
    <subfield code="a">volume</subfield>
    <subfield code="b">nc</subfield>
    <subfield code="2">rdacarrier</subfield>
  </datafield>
  <datafield tag="504" ind1=" " ind2=" ">
    <subfield code="a">Includes bibliographical references.</subfield>
  </datafield>
  <datafield tag="600" ind1="1" ind2="0">
    <subfield code="a">Kierkegaard, Søren,</subfield>
    <subfield code="d">1813-1855.</subfield>
  </datafield>
  <datafield tag="600" ind1="1" ind2="7">
    <subfield code="a">Kierkegaard, Søren,</subfield>
    <subfield code="d">1813-1855</subfield>
    <subfield code="2">fast</subfield>
    <subfield code="0">(OCoLC)fst00037558</subfield>
  </datafield>
  <datafield tag="880" ind1="1" ind2=" ">
    <subfield code="6">100-01/$1</subfield>
    <subfield code="a">杨大春.</subfield>
  </datafield>
  <datafield tag="880" ind1="1" ind2="0">
    <subfield code="6">245-02/$1</subfield>
    <subfield code="a">沉沦与拯救 :</subfield>
    <subfield code="b">克尔凯戈尔的精神哲学研究 /</subfield>
    <subfield code="c">杨大春著.</subfield>
  </datafield>
  <datafield tag="880" ind1="3" ind2="0">
    <subfield code="6">246-03/$1</subfield>
    <subfield code="a">克尔凯戈尔的精神哲学研究</subfield>
  </datafield>
  <datafield tag="880" ind1=" " ind2=" ">
    <subfield code="6">250-04/$1</subfield>
    <subfield code="a">第1版.</subfield>
  </datafield>
  <datafield tag="880" ind1=" " ind2=" ">
    <subfield code="6">260-05/$1</subfield>
    <subfield code="a">北京 :</subfield>
    <subfield code="b">人民出版社 :</subfield>
    <subfield code="b">新华书店经销,</subfield>
    <subfield code="c">1995.</subfield>
  </datafield>
  
  
  
  
  
  
  
</record>