<record xmlns="http://www.loc.gov/MARC21/slim" xmlns:zs="http://docs.oasis-open.org/ns/search-ws/sruResponse">
  <leader>02013cam a2200469Ma 4500</leader>
  <controlfield tag="001">ocm70394300 </controlfield>
  <controlfield tag="003">OCoLC</controlfield>
  <controlfield tag="005">20160311224820.0</controlfield>
  <controlfield tag="008">810716s1981    ilu           001 0aeng d</controlfield>
  <datafield tag="010" ind1=" " ind2=" ">
    <subfield code="a">   63011920 </subfield>
  </datafield>
  <datafield tag="040" ind1=" " ind2=" ">
    <subfield code="a">COCUF</subfield>
    <subfield code="b">eng</subfield>
    <subfield code="c">COCUF</subfield>
    <subfield code="d">OCLCG</subfield>
    <subfield code="d">OCLCF</subfield>
    <subfield code="d">OCLCO</subfield>
    <subfield code="d">OCLCQ</subfield>
    <subfield code="d">RCT</subfield>
  </datafield>
  <datafield tag="020" ind1=" " ind2=" ">
    <subfield code="a">0451624742</subfield>
    <subfield code="q">(pbk.)</subfield>
  </datafield>
  <datafield tag="020" ind1=" " ind2=" ">
    <subfield code="a">9780451624741</subfield>
    <subfield code="q">(pbk.)</subfield>
  </datafield>
  <datafield tag="035" ind1=" " ind2=" ">
    <subfield code="a">(OCoLC)70394300</subfield>
  </datafield>
  <datafield tag="041" ind1="1" ind2=" ">
    <subfield code="a">eng</subfield>
    <subfield code="h">lat</subfield>
  </datafield>
  <datafield tag="043" ind1=" " ind2=" ">
    <subfield code="a">f-ae---</subfield>
  </datafield>
  <datafield tag="050" ind1="1" ind2="4">
    <subfield code="a">BR65.A6</subfield>
    <subfield code="b">E5 1963</subfield>
  </datafield>
  <datafield tag="082" ind1="0" ind2=" ">
    <subfield code="a">242</subfield>
    <subfield code="2">19</subfield>
  </datafield>
  <datafield tag="100" ind1="0" ind2=" ">
    <subfield code="a">Augustine,</subfield>
    <subfield code="c">Saint, Bishop of Hippo.</subfield>
  </datafield>
  <datafield tag="245" ind1="1" ind2="4">
    <subfield code="a">The Confessions of St. Augustine /</subfield>
    <subfield code="c">a new translation by Rex Warner.</subfield>
  </datafield>
  <datafield tag="260" ind1=" " ind2=" ">
    <subfield code="a">New York :</subfield>
    <subfield code="b">Penguin Group,</subfield>
    <subfield code="c">©1963.</subfield>
  </datafield>
  <datafield tag="300" ind1=" " ind2=" ">
    <subfield code="a">xv, 351 pages ;</subfield>
    <subfield code="c">19 cm</subfield>
  </datafield>
  <datafield tag="336" ind1=" " ind2=" ">
    <subfield code="a">text</subfield>
    <subfield code="b">txt</subfield>
    <subfield code="2">rdacontent</subfield>
  </datafield>
  <datafield tag="337" ind1=" " ind2=" ">
    <subfield code="a">unmediated</subfield>
    <subfield code="b">n</subfield>
    <subfield code="2">rdamedia</subfield>
  </datafield>
  <datafield tag="338" ind1=" " ind2=" ">
    <subfield code="a">volume</subfield>
    <subfield code="b">nc</subfield>
    <subfield code="2">rdacarrier</subfield>
  </datafield>
  <datafield tag="490" ind1="1" ind2=" ">
    <subfield code="a">A Mentor/Omega Book ;</subfield>
    <subfield code="v">MT490.</subfield>
  </datafield>
  <datafield tag="504" ind1=" " ind2=" ">
    <subfield code="a">Includes bibliographical references (page 351).</subfield>
  </datafield>
  <datafield tag="520" ind1=" " ind2=" ">
    <subfield code="a">Acknowledged as one of mankind's great literary treasures. Into this tapestry of a great soul are woven the strands of all man's great concerns: the psychic impulses that snare us in selfishness, the ethical conflict between good and evil, the religious quest for God's radiant love.</subfield>
  </datafield>
  <datafield tag="600" ind1="0" ind2="0">
    <subfield code="a">Augustine,</subfield>
    <subfield code="c">Saint, Bishop of Hippo.</subfield>
  </datafield>
  <datafield tag="650" ind1=" " ind2="0">
    <subfield code="a">Christian saints</subfield>
    <subfield code="z">Algeria</subfield>
    <subfield code="v">Biography.</subfield>
  </datafield>
  <datafield tag="600" ind1="0" ind2="7">
    <subfield code="a">Augustine,</subfield>
    <subfield code="c">Saint, Bishop of Hippo.</subfield>
    <subfield code="2">fast</subfield>
    <subfield code="0">(OCoLC)fst00061554</subfield>
  </datafield>
  <datafield tag="650" ind1=" " ind2="7">
    <subfield code="a">Christian saints.</subfield>
    <subfield code="2">fast</subfield>
    <subfield code="0">(OCoLC)fst00859491</subfield>
  </datafield>
  <datafield tag="651" ind1=" " ind2="7">
    <subfield code="a">Algeria.</subfield>
    <subfield code="2">fast</subfield>
    <subfield code="0">(OCoLC)fst01205459</subfield>
  </datafield>
  <datafield tag="655" ind1=" " ind2="7">
    <subfield code="a">Biography.</subfield>
    <subfield code="2">fast</subfield>
    <subfield code="0">(OCoLC)fst01423686</subfield>
  </datafield>
  <datafield tag="700" ind1="1" ind2=" ">
    <subfield code="a">Warner, Rex.</subfield>
  </datafield>
  <datafield tag="830" ind1=" " ind2="0">
    <subfield code="a">Mentor-Omega book ;</subfield>
    <subfield code="v">MT490.</subfield>
  </datafield>
  
  
  
  
  
  
</record>