<record xmlns="http://www.loc.gov/MARC21/slim" xmlns:zs="http://docs.oasis-open.org/ns/search-ws/sruResponse">
  <leader>00638cam a2200229Ma 4500</leader>
  <controlfield tag="001">ocn802863838</controlfield>
  <controlfield tag="003">OCoLC</controlfield>
  <controlfield tag="005">20160311225646.0</controlfield>
  <controlfield tag="008">931231s1979    fr            000 p fre d</controlfield>
  <datafield tag="040" ind1=" " ind2=" ">
    <subfield code="a">Es-BaCBU</subfield>
    <subfield code="b">cat</subfield>
    <subfield code="c">ESCBC</subfield>
  </datafield>
  <datafield tag="020" ind1=" " ind2=" ">
    <subfield code="a">2010059115</subfield>
  </datafield>
  <datafield tag="020" ind1=" " ind2=" ">
    <subfield code="a">9782010059117</subfield>
  </datafield>
  <datafield tag="035" ind1=" " ind2=" ">
    <subfield code="a">(OCoLC)802863838</subfield>
  </datafield>
  <datafield tag="050" ind1="1" ind2="4">
    <subfield code="a">PQ2664.U26</subfield>
    <subfield code="b">I53 1979</subfield>
  </datafield>
  <datafield tag="100" ind1="1" ind2=" ">
    <subfield code="a">Du Bouchet, André.</subfield>
  </datafield>
  <datafield tag="245" ind1="1" ind2="2">
    <subfield code="a">L'Incohérence /</subfield>
    <subfield code="c">André du Bouchet.</subfield>
  </datafield>
  <datafield tag="260" ind1=" " ind2=" ">
    <subfield code="a">[Paris] :</subfield>
    <subfield code="b">Hachette,</subfield>
    <subfield code="c">cop. 1979.</subfield>
  </datafield>
  <datafield tag="300" ind1=" " ind2=" ">
    <subfield code="a">[242] p.;</subfield>
    <subfield code="c">24 cm.</subfield>
  </datafield>
  <datafield tag="830" ind1=" " ind2="0">
    <subfield code="a">Hachette littérature.</subfield>
  </datafield>
  
  
  
</record>