<record xmlns="http://www.loc.gov/MARC21/slim" xmlns:zs="http://docs.oasis-open.org/ns/search-ws/sruResponse">
  <leader>01227cam a2200349Ii 4500</leader>
  <controlfield tag="001">ocn871262924</controlfield>
  <controlfield tag="003">OCoLC</controlfield>
  <controlfield tag="005">20160311225600.0</controlfield>
  <controlfield tag="008">140303t20061992fr a          000 1 fre d</controlfield>
  <datafield tag="040" ind1=" " ind2=" ">
    <subfield code="a">IYU</subfield>
    <subfield code="b">eng</subfield>
    <subfield code="e">rda</subfield>
    <subfield code="c">IYU</subfield>
    <subfield code="d">OCLCF</subfield>
  </datafield>
  <datafield tag="020" ind1=" " ind2=" ">
    <subfield code="a">2905964561</subfield>
  </datafield>
  <datafield tag="020" ind1=" " ind2=" ">
    <subfield code="a">9782905964564</subfield>
  </datafield>
  <datafield tag="035" ind1=" " ind2=" ">
    <subfield code="a">(OCoLC)871262924</subfield>
  </datafield>
  <datafield tag="050" ind1=" " ind2="4">
    <subfield code="a">PR5820</subfield>
    <subfield code="b">.S2 2006</subfield>
  </datafield>
  <datafield tag="100" ind1="1" ind2=" ">
    <subfield code="a">Wilde, Oscar,</subfield>
    <subfield code="d">1854-1900,</subfield>
    <subfield code="e">author.</subfield>
  </datafield>
  <datafield tag="245" ind1="1" ind2="0">
    <subfield code="a">Salomé :</subfield>
    <subfield code="b">drame en un acte /</subfield>
    <subfield code="c">Oscar Wilde ; illustré par Aubrey Beardsley.</subfield>
  </datafield>
  <datafield tag="264" ind1=" " ind2="1">
    <subfield code="a">Toulouse :</subfield>
    <subfield code="b">Éditions Ombres,</subfield>
    <subfield code="c">[2006?]</subfield>
  </datafield>
  <datafield tag="264" ind1=" " ind2="4">
    <subfield code="c">©1992</subfield>
  </datafield>
  <datafield tag="300" ind1=" " ind2=" ">
    <subfield code="a">94 pages, 1 unnumbered page :</subfield>
    <subfield code="b">illustrations ;</subfield>
    <subfield code="c">17 cm.</subfield>
  </datafield>
  <datafield tag="336" ind1=" " ind2=" ">
    <subfield code="a">text</subfield>
    <subfield code="b">txt</subfield>
    <subfield code="2">rdacontent</subfield>
  </datafield>
  <datafield tag="337" ind1=" " ind2=" ">
    <subfield code="a">unmediated</subfield>
    <subfield code="b">n</subfield>
    <subfield code="2">rdamedia</subfield>
  </datafield>
  <datafield tag="338" ind1=" " ind2=" ">
    <subfield code="a">volume</subfield>
    <subfield code="b">nc</subfield>
    <subfield code="2">rdacarrier</subfield>
  </datafield>
  <datafield tag="490" ind1="0" ind2=" ">
    <subfield code="a">Petite bibliothèque Ombres ;</subfield>
    <subfield code="v">4</subfield>
  </datafield>
  <datafield tag="504" ind1=" " ind2=" ">
    <subfield code="a">Includes bibliographical references (page 95).</subfield>
  </datafield>
  <datafield tag="600" ind1="0" ind2="0">
    <subfield code="a">Salome</subfield>
    <subfield code="c">(Biblical figure)</subfield>
    <subfield code="v">Drama.</subfield>
  </datafield>
  <datafield tag="600" ind1="0" ind2="7">
    <subfield code="a">Salome</subfield>
    <subfield code="c">(Biblical figure)</subfield>
    <subfield code="2">fast</subfield>
    <subfield code="0">(OCoLC)fst00095091</subfield>
  </datafield>
  <datafield tag="655" ind1=" " ind2="7">
    <subfield code="a">Tragedies.</subfield>
    <subfield code="2">gsafd</subfield>
  </datafield>
  <datafield tag="655" ind1=" " ind2="7">
    <subfield code="a">Drama.</subfield>
    <subfield code="2">fast</subfield>
    <subfield code="0">(OCoLC)fst01423879</subfield>
  </datafield>
  <datafield tag="700" ind1="1" ind2=" ">
    <subfield code="a">Beardsley, Aubrey,</subfield>
    <subfield code="d">1872-1898,</subfield>
    <subfield code="e">illustrator.</subfield>
  </datafield>
  <datafield tag="830" ind1=" " ind2="0">
    <subfield code="a">Petite bibliothèque Ombres ;</subfield>
    <subfield code="v">4.</subfield>
  </datafield>
  
  
</record>