<record xmlns="http://www.loc.gov/MARC21/slim" xmlns:zs="http://docs.oasis-open.org/ns/search-ws/sruResponse">
  <leader>01195cam a2200313Ka 4500</leader>
  <controlfield tag="001">ocm34879271 </controlfield>
  <controlfield tag="003">OCoLC</controlfield>
  <controlfield tag="005">20160311225624.0</controlfield>
  <controlfield tag="008">960606s1995    fr a          000 0 fre d</controlfield>
  <datafield tag="040" ind1=" " ind2=" ">
    <subfield code="a">FIA</subfield>
    <subfield code="b">fre</subfield>
    <subfield code="c">FIA</subfield>
    <subfield code="d">ZWZ</subfield>
    <subfield code="d">BMA</subfield>
    <subfield code="d">OCLCQ</subfield>
    <subfield code="d">OCLCF</subfield>
    <subfield code="d">OCLCO</subfield>
    <subfield code="d">OCLCQ</subfield>
    <subfield code="d">OCLCO</subfield>
  </datafield>
  <datafield tag="020" ind1=" " ind2=" ">
    <subfield code="a">2904772340</subfield>
  </datafield>
  <datafield tag="020" ind1=" " ind2=" ">
    <subfield code="a">9782904772344</subfield>
  </datafield>
  <datafield tag="035" ind1=" " ind2=" ">
    <subfield code="a">(OCoLC)34879271</subfield>
  </datafield>
  <datafield tag="050" ind1=" " ind2="4">
    <subfield code="a">NE2050.5.K54</subfield>
    <subfield code="b">B47 1995</subfield>
  </datafield>
  <datafield tag="245" ind1="0" ind2="0">
    <subfield code="a">Max Klinger :</subfield>
    <subfield code="b">planches gravées ; épreuves avant édition, albums.</subfield>
  </datafield>
  <datafield tag="260" ind1=" " ind2=" ">
    <subfield code="a">Paris :</subfield>
    <subfield code="b">Berggruen &amp; Cie,</subfield>
    <subfield code="c">1995.</subfield>
  </datafield>
  <datafield tag="300" ind1=" " ind2=" ">
    <subfield code="a">[48] p. :</subfield>
    <subfield code="b">ill. ;</subfield>
    <subfield code="c">22 cm.</subfield>
  </datafield>
  <datafield tag="490" ind1="1" ind2=" ">
    <subfield code="a">Collection Berggruen ;</subfield>
    <subfield code="v">106</subfield>
  </datafield>
  <datafield tag="500" ind1=" " ind2=" ">
    <subfield code="a">Plaquette éditée à l'occasion de l'exposition des gravures de Max Klinger, du 6 juin au 13 juillet 1995.</subfield>
  </datafield>
  <datafield tag="600" ind1="1" ind2="0">
    <subfield code="a">Klinger, Max,</subfield>
    <subfield code="d">1857-1920</subfield>
    <subfield code="v">Exhibitions.</subfield>
  </datafield>
  <datafield tag="600" ind1="1" ind2="7">
    <subfield code="a">Klinger, Max,</subfield>
    <subfield code="d">1857-1920</subfield>
    <subfield code="2">fast</subfield>
    <subfield code="0">(OCoLC)fst00040158</subfield>
  </datafield>
  <datafield tag="600" ind1="1" ind2="7">
    <subfield code="a">Klinger, Max,</subfield>
    <subfield code="d">1857-1920</subfield>
    <subfield code="x">Oeuvres</subfield>
    <subfield code="x">Gravure</subfield>
    <subfield code="x">Expositions.</subfield>
    <subfield code="2">ram</subfield>
  </datafield>
  <datafield tag="650" ind1=" " ind2="7">
    <subfield code="a">Paris</subfield>
    <subfield code="x">Expositions</subfield>
    <subfield code="y">1995.</subfield>
    <subfield code="2">ram</subfield>
  </datafield>
  <datafield tag="655" ind1=" " ind2="7">
    <subfield code="a">Exhibition catalogs.</subfield>
    <subfield code="2">fast</subfield>
    <subfield code="0">(OCoLC)fst01424028</subfield>
  </datafield>
  <datafield tag="710" ind1="2" ind2=" ">
    <subfield code="a">Berggruen &amp; Cie.</subfield>
  </datafield>
  <datafield tag="830" ind1=" " ind2="0">
    <subfield code="a">Collection Berggruen ;</subfield>
    <subfield code="v">106.</subfield>
  </datafield>
  
  
  
</record>