<record xmlns="http://www.loc.gov/MARC21/slim" xmlns:zs="http://docs.oasis-open.org/ns/search-ws/sruResponse">
  <leader>01615cam a2200397La 4500</leader>
  <controlfield tag="001">ocn507639073</controlfield>
  <controlfield tag="003">OCoLC</controlfield>
  <controlfield tag="005">20160311224825.0</controlfield>
  <controlfield tag="008">890808s1988    sz       b    000 0bfre d</controlfield>
  <datafield tag="040" ind1=" " ind2=" ">
    <subfield code="a">ZCU</subfield>
    <subfield code="b">eng</subfield>
    <subfield code="c">ZCU</subfield>
    <subfield code="d">OCLCF</subfield>
    <subfield code="d">OCLCO</subfield>
    <subfield code="d">OCLCQ</subfield>
  </datafield>
  <datafield tag="020" ind1=" " ind2=" ">
    <subfield code="a">282710377X</subfield>
    <subfield code="q">(Universitaires)</subfield>
  </datafield>
  <datafield tag="020" ind1=" " ind2=" ">
    <subfield code="a">9782827103775</subfield>
    <subfield code="q">(Universitaires)</subfield>
  </datafield>
  <datafield tag="020" ind1=" " ind2=" ">
    <subfield code="a">2204029947</subfield>
    <subfield code="q">(Cerf)</subfield>
  </datafield>
  <datafield tag="020" ind1=" " ind2=" ">
    <subfield code="a">9782204029940</subfield>
    <subfield code="q">(Cerf)</subfield>
  </datafield>
  <datafield tag="035" ind1=" " ind2=" ">
    <subfield code="a">(OCoLC)507639073</subfield>
  </datafield>
  <datafield tag="041" ind1="1" ind2=" ">
    <subfield code="a">fre</subfield>
    <subfield code="h">eng</subfield>
  </datafield>
  <datafield tag="050" ind1="1" ind2="4">
    <subfield code="a">BR1720.A9</subfield>
    <subfield code="b">O53 1988g</subfield>
  </datafield>
  <datafield tag="100" ind1="1" ind2=" ">
    <subfield code="a">O'Meara, John Joseph.</subfield>
  </datafield>
  <datafield tag="240" ind1="1" ind2="0">
    <subfield code="a">Young Augustine.</subfield>
    <subfield code="l">French</subfield>
  </datafield>
  <datafield tag="245" ind1="1" ind2="3">
    <subfield code="a">La Jeunesse de Saint Augustin :</subfield>
    <subfield code="b">introduction a la lecture des Confessions /</subfield>
    <subfield code="c">John J. O'Meara ; traduit de l'anglais par Jeanne Henri Marrou.</subfield>
  </datafield>
  <datafield tag="260" ind1=" " ind2=" ">
    <subfield code="a">Fribourg :</subfield>
    <subfield code="b">Editions Universitaires ;</subfield>
    <subfield code="a">Paris :</subfield>
    <subfield code="b">Cerf,</subfield>
    <subfield code="c">©1988.</subfield>
  </datafield>
  <datafield tag="300" ind1=" " ind2=" ">
    <subfield code="a">x, 279 pages ;</subfield>
    <subfield code="c">19 cm.</subfield>
  </datafield>
  <datafield tag="336" ind1=" " ind2=" ">
    <subfield code="a">text</subfield>
    <subfield code="b">txt</subfield>
    <subfield code="2">rdacontent</subfield>
  </datafield>
  <datafield tag="337" ind1=" " ind2=" ">
    <subfield code="a">unmediated</subfield>
    <subfield code="b">n</subfield>
    <subfield code="2">rdamedia</subfield>
  </datafield>
  <datafield tag="338" ind1=" " ind2=" ">
    <subfield code="a">volume</subfield>
    <subfield code="b">nc</subfield>
    <subfield code="2">rdacarrier</subfield>
  </datafield>
  <datafield tag="490" ind1="1" ind2=" ">
    <subfield code="a">Vestigia ;</subfield>
    <subfield code="v">3</subfield>
  </datafield>
  <datafield tag="500" ind1=" " ind2=" ">
    <subfield code="a">"Reimpression, augmentée d'une presentation et d'une bibliographie nouvelle de la traduction francaise publiée chez Plon, Paris, 1958"--Page [iv].</subfield>
  </datafield>
  <datafield tag="500" ind1=" " ind2=" ">
    <subfield code="a">Translation of: The Young Augustine.</subfield>
  </datafield>
  <datafield tag="504" ind1=" " ind2=" ">
    <subfield code="a">Includes bibliographical references (pages 275-276).</subfield>
  </datafield>
  <datafield tag="600" ind1="0" ind2="0">
    <subfield code="a">Augustine,</subfield>
    <subfield code="c">Saint, Bishop of Hippo.</subfield>
  </datafield>
  <datafield tag="600" ind1="0" ind2="7">
    <subfield code="a">Augustine,</subfield>
    <subfield code="c">Saint, Bishop of Hippo.</subfield>
    <subfield code="2">fast</subfield>
    <subfield code="0">(OCoLC)fst00061554</subfield>
  </datafield>
  <datafield tag="830" ind1=" " ind2="0">
    <subfield code="a">Vestigia ;</subfield>
    <subfield code="v">Bd. 3.</subfield>
  </datafield>
  
  
  
  
</record>