<record xmlns="http://www.loc.gov/MARC21/slim" xmlns:zs="http://docs.oasis-open.org/ns/search-ws/sruResponse">
  <leader>01642cam a2200409Li 4500</leader>
  <controlfield tag="001">ocn463777099</controlfield>
  <controlfield tag="003">OCoLC</controlfield>
  <controlfield tag="005">20160311223547.0</controlfield>
  <controlfield tag="008">940520s1992    fr a          000 j fre d</controlfield>
  <datafield tag="040" ind1=" " ind2=" ">
    <subfield code="a">BDF</subfield>
    <subfield code="e">ncafnor</subfield>
    <subfield code="b">fre</subfield>
    <subfield code="c">BDF</subfield>
    <subfield code="d">UQ1</subfield>
  </datafield>
  <datafield tag="015" ind1=" " ind2=" ">
    <subfield code="a">09508538</subfield>
    <subfield code="2">bnf</subfield>
  </datafield>
  <datafield tag="016" ind1="7" ind2=" ">
    <subfield code="a">FRBNF356914910000002</subfield>
    <subfield code="2">FrPBN</subfield>
  </datafield>
  <datafield tag="020" ind1=" " ind2=" ">
    <subfield code="a">2851940554 (br)</subfield>
  </datafield>
  <datafield tag="020" ind1=" " ind2=" ">
    <subfield code="a">9782851940551 (br)</subfield>
  </datafield>
  <datafield tag="035" ind1=" " ind2=" ">
    <subfield code="a">(OCoLC)463777099</subfield>
  </datafield>
  <datafield tag="050" ind1="1" ind2="4">
    <subfield code="a">PQ2344E66</subfield>
    <subfield code="b">1992</subfield>
  </datafield>
  <datafield tag="082" ind1="1" ind2="4">
    <subfield code="a">841.8</subfield>
    <subfield code="2">22</subfield>
  </datafield>
  <datafield tag="100" ind1="1" ind2=" ">
    <subfield code="a">Mallarmé, Stéphane,</subfield>
    <subfield code="d">1842-1898.</subfield>
    <subfield code="4">aut</subfield>
    <subfield code="0">(FrPBN)11914131</subfield>
  </datafield>
  <datafield tag="245" ind1="1" ind2="0">
    <subfield code="a">Épouser la notion /</subfield>
    <subfield code="c">par Stéphane Mallarmé ; présenté par Jean-Pierre Richard ; dessins de François Rouan.</subfield>
  </datafield>
  <datafield tag="260" ind1=" " ind2=" ">
    <subfield code="a">[Montpellier] :</subfield>
    <subfield code="b">Fata Morgana,</subfield>
    <subfield code="c">1992.</subfield>
  </datafield>
  <datafield tag="300" ind1=" " ind2=" ">
    <subfield code="a">67 p. :</subfield>
    <subfield code="b">ill., couv. ill. ;</subfield>
    <subfield code="c">23 cm.</subfield>
  </datafield>
  <datafield tag="490" ind1="0" ind2=" ">
    <subfield code="a">Bibliothèque artistique et littéraire</subfield>
  </datafield>
  <datafield tag="600" ind1="1" ind2="7">
    <subfield code="a">Mallarmé, Stéphane,</subfield>
    <subfield code="d">1842-1898.</subfield>
    <subfield code="t">Épouser la notion.</subfield>
    <subfield code="2">rasuqam</subfield>
  </datafield>
  <datafield tag="700" ind1="1" ind2=" ">
    <subfield code="a">Richard, Jean-Pierre,</subfield>
    <subfield code="d">1922-....</subfield>
    <subfield code="4">edt</subfield>
    <subfield code="0">(FrPBN)11921854</subfield>
  </datafield>
  <datafield tag="700" ind1="1" ind2=" ">
    <subfield code="a">Rouan, François,</subfield>
    <subfield code="d">1943-....</subfield>
    <subfield code="4">ill</subfield>
    <subfield code="0">(FrPBN)12041680</subfield>
  </datafield>
  <datafield tag="760" ind1="0" ind2=" ">
    <subfield code="t">Bibliothèque artistique et littéraire.,</subfield>
    <subfield code="d">1992</subfield>
    <subfield code="x">0248-0263</subfield>
    <subfield code="w">(FrPBN)34228481</subfield>
  </datafield>
  <datafield tag="856" ind1="4" ind2="2">
    <subfield code="3">Notice et cote du catalogue de la Bibliothèque nationale de France</subfield>
    <subfield code="u">http://catalogue.bnf.fr/ark:/12148/cb35691491f</subfield>
  </datafield>
  <datafield tag="886" ind1="1" ind2=" ">
    <subfield code="2">intermrc</subfield>
    <subfield code="a">009</subfield>
    <subfield code="b">ax-f-z-----a-------</subfield>
  </datafield>
  <datafield tag="886" ind1="2" ind2=" ">
    <subfield code="2">intermrc</subfield>
    <subfield code="a">680</subfield>
    <subfield code="b">0-</subfield>
    <subfield code="a">821</subfield>
  </datafield>
  <datafield tag="886" ind1="2" ind2=" ">
    <subfield code="2">intermrc</subfield>
    <subfield code="a">917</subfield>
    <subfield code="b">--</subfield>
    <subfield code="o">OPL</subfield>
    <subfield code="a">017480237</subfield>
  </datafield>
  <datafield tag="886" ind1="2" ind2=" ">
    <subfield code="2">intermrc</subfield>
    <subfield code="a">998</subfield>
    <subfield code="b">--</subfield>
    <subfield code="o">GEA</subfield>
    <subfield code="a">001072180</subfield>
  </datafield>
  
  
  
  
  
  
</record>