<record xmlns="http://www.loc.gov/MARC21/slim" xmlns:zs="http://docs.oasis-open.org/ns/search-ws/sruResponse">
  <leader>02096cam a2200577Ia 4500</leader>
  <controlfield tag="001">ocm27158141 </controlfield>
  <controlfield tag="003">OCoLC</controlfield>
  <controlfield tag="005">20160311224421.0</controlfield>
  <controlfield tag="008">921222s1992    fr       b    001 0 fre d</controlfield>
  <datafield tag="040" ind1=" " ind2=" ">
    <subfield code="a">GZQ</subfield>
    <subfield code="b">eng</subfield>
    <subfield code="c">GZQ</subfield>
    <subfield code="d">NLGGC</subfield>
    <subfield code="d">LVB</subfield>
    <subfield code="d">OCLCG</subfield>
    <subfield code="d">GEBAY</subfield>
    <subfield code="d">ZWZ</subfield>
    <subfield code="d">GBVCP</subfield>
    <subfield code="d">OCLCQ</subfield>
    <subfield code="d">OCLCO</subfield>
    <subfield code="d">OCLCF</subfield>
    <subfield code="d">OCLCQ</subfield>
    <subfield code="d">DEBBG</subfield>
  </datafield>
  <datafield tag="020" ind1=" " ind2=" ">
    <subfield code="a">2905614676</subfield>
  </datafield>
  <datafield tag="020" ind1=" " ind2=" ">
    <subfield code="a">9782905614674</subfield>
  </datafield>
  <datafield tag="035" ind1=" " ind2=" ">
    <subfield code="a">(OCoLC)27158141</subfield>
  </datafield>
  <datafield tag="050" ind1=" " ind2="4">
    <subfield code="a">B4805.P374</subfield>
    <subfield code="b">J36 1992</subfield>
  </datafield>
  <datafield tag="084" ind1=" " ind2=" ">
    <subfield code="a">08.25</subfield>
    <subfield code="2">bcl</subfield>
  </datafield>
  <datafield tag="084" ind1=" " ind2=" ">
    <subfield code="a">3,6</subfield>
    <subfield code="2">ssgn</subfield>
  </datafield>
  <datafield tag="084" ind1=" " ind2=" ">
    <subfield code="a">5,1</subfield>
    <subfield code="2">ssgn</subfield>
  </datafield>
  <datafield tag="084" ind1=" " ind2=" ">
    <subfield code="a">CI 7360</subfield>
    <subfield code="2">rvk</subfield>
  </datafield>
  <datafield tag="084" ind1=" " ind2=" ">
    <subfield code="a">CI 7417</subfield>
    <subfield code="2">rvk</subfield>
  </datafield>
  <datafield tag="245" ind1="0" ind2="0">
    <subfield code="a">Ján Patoc̆ka :</subfield>
    <subfield code="b">philosophie, phénoménologie, politique /</subfield>
    <subfield code="c">textes réunis par Marc Richir et Etienne Tassin.</subfield>
  </datafield>
  <datafield tag="260" ind1=" " ind2=" ">
    <subfield code="a">Grenoble :</subfield>
    <subfield code="b">J. Millon,</subfield>
    <subfield code="c">©1992.</subfield>
  </datafield>
  <datafield tag="300" ind1=" " ind2=" ">
    <subfield code="a">254 pages ;</subfield>
    <subfield code="c">22 cm.</subfield>
  </datafield>
  <datafield tag="336" ind1=" " ind2=" ">
    <subfield code="a">text</subfield>
    <subfield code="b">txt</subfield>
    <subfield code="2">rdacontent</subfield>
  </datafield>
  <datafield tag="337" ind1=" " ind2=" ">
    <subfield code="a">unmediated</subfield>
    <subfield code="b">n</subfield>
    <subfield code="2">rdamedia</subfield>
  </datafield>
  <datafield tag="338" ind1=" " ind2=" ">
    <subfield code="a">volume</subfield>
    <subfield code="b">nc</subfield>
    <subfield code="2">rdacarrier</subfield>
  </datafield>
  <datafield tag="490" ind1="1" ind2=" ">
    <subfield code="a">Collection Krisis</subfield>
  </datafield>
  <datafield tag="504" ind1=" " ind2=" ">
    <subfield code="a">Includes bibliographical references and index.</subfield>
  </datafield>
  <datafield tag="600" ind1="1" ind2="0">
    <subfield code="a">Patočka, Jan,</subfield>
    <subfield code="d">1907-1977.</subfield>
  </datafield>
  <datafield tag="650" ind1=" " ind2="0">
    <subfield code="a">Phenomenology.</subfield>
  </datafield>
  <datafield tag="600" ind1="1" ind2="6">
    <subfield code="a">Patočka, Jan,</subfield>
    <subfield code="d">1907-1977</subfield>
    <subfield code="v">Congrès.</subfield>
  </datafield>
  <datafield tag="600" ind1="1" ind2="7">
    <subfield code="a">Patočka, Jan,</subfield>
    <subfield code="d">1907-1977</subfield>
    <subfield code="2">fast</subfield>
    <subfield code="0">(OCoLC)fst00074523</subfield>
  </datafield>
  <datafield tag="650" ind1=" " ind2="7">
    <subfield code="a">Phenomenology.</subfield>
    <subfield code="2">fast</subfield>
    <subfield code="0">(OCoLC)fst01060522</subfield>
  </datafield>
  <datafield tag="600" ind1="1" ind2="7">
    <subfield code="a">Patočka, Jan,</subfield>
    <subfield code="d">(1907-1977)</subfield>
    <subfield code="x">Critique et interprétation</subfield>
    <subfield code="x">Congrès.</subfield>
    <subfield code="2">ram</subfield>
  </datafield>
  <datafield tag="600" ind1="1" ind2="7">
    <subfield code="a">Patočka, Jan.</subfield>
    <subfield code="2">swd</subfield>
  </datafield>
  <datafield tag="650" ind1="0" ind2="7">
    <subfield code="a">Kongress.</subfield>
    <subfield code="2">swd</subfield>
  </datafield>
  <datafield tag="600" ind1="1" ind2="4">
    <subfield code="a">Patočka, Jan &lt;1907-1977&gt; - Congrès.</subfield>
  </datafield>
  <datafield tag="600" ind1="1" ind2="7">
    <subfield code="a">Patočka, Jan,</subfield>
    <subfield code="d">1907-1977.</subfield>
    <subfield code="0">(DE-588)118591983</subfield>
    <subfield code="2">gnd</subfield>
  </datafield>
  <datafield tag="655" ind1=" " ind2="4">
    <subfield code="a">Kongreß</subfield>
    <subfield code="z">Paris</subfield>
    <subfield code="y">1990.</subfield>
  </datafield>
  <datafield tag="700" ind1="1" ind2=" ">
    <subfield code="a">Richir, Marc.</subfield>
  </datafield>
  <datafield tag="700" ind1="1" ind2=" ">
    <subfield code="a">Tassin, Etienne.</subfield>
  </datafield>
  <datafield tag="830" ind1=" " ind2="0">
    <subfield code="a">Collection Krisis.</subfield>
  </datafield>
  
  
  
  
  
  
  
  
  
  
</record>