<record xmlns="http://www.loc.gov/MARC21/slim" xmlns:zs="http://docs.oasis-open.org/ns/search-ws/sruResponse">
  <leader>02101cam a2200589 a 4500</leader>
  <controlfield tag="001">ocm10823793 </controlfield>
  <controlfield tag="003">OCoLC</controlfield>
  <controlfield tag="005">20160311224404.0</controlfield>
  <controlfield tag="008">840516s1982    fr       b    001 0bfre  </controlfield>
  <datafield tag="010" ind1=" " ind2=" ">
    <subfield code="a">   82241889 </subfield>
  </datafield>
  <datafield tag="040" ind1=" " ind2=" ">
    <subfield code="a">DLC</subfield>
    <subfield code="b">eng</subfield>
    <subfield code="c">DLC</subfield>
    <subfield code="d">OCL</subfield>
    <subfield code="d">MUQ</subfield>
    <subfield code="d">OCLCQ</subfield>
    <subfield code="d">NLM</subfield>
    <subfield code="d">OCLCG</subfield>
    <subfield code="d">CLU</subfield>
    <subfield code="d">GEBAY</subfield>
    <subfield code="d">OCLCO</subfield>
    <subfield code="d">OCLCF</subfield>
    <subfield code="d">OCLCO</subfield>
    <subfield code="d">OCLCQ</subfield>
    <subfield code="d">OCLCO</subfield>
  </datafield>
  <datafield tag="016" ind1="7" ind2=" ">
    <subfield code="a">8704261</subfield>
    <subfield code="2">DNLM</subfield>
  </datafield>
  <datafield tag="020" ind1=" " ind2=" ">
    <subfield code="a">2714415105</subfield>
  </datafield>
  <datafield tag="020" ind1=" " ind2=" ">
    <subfield code="a">9782714415103</subfield>
  </datafield>
  <datafield tag="035" ind1=" " ind2=" ">
    <subfield code="a">(OCoLC)10823793</subfield>
  </datafield>
  <datafield tag="043" ind1=" " ind2=" ">
    <subfield code="a">e-au---</subfield>
  </datafield>
  <datafield tag="050" ind1="0" ind2="4">
    <subfield code="a">BF173.F85</subfield>
    <subfield code="b">D24 1982</subfield>
  </datafield>
  <datafield tag="060" ind1="0" ind2="0">
    <subfield code="a">DD4475</subfield>
  </datafield>
  <datafield tag="082" ind1="0" ind2="4">
    <subfield code="a">150.19/52</subfield>
    <subfield code="a">B</subfield>
    <subfield code="2">19</subfield>
  </datafield>
  <datafield tag="100" ind1="1" ind2=" ">
    <subfield code="a">Dadoun, Roger.</subfield>
  </datafield>
  <datafield tag="245" ind1="1" ind2="0">
    <subfield code="a">Freud /</subfield>
    <subfield code="c">Roger Dadoun.</subfield>
  </datafield>
  <datafield tag="260" ind1=" " ind2=" ">
    <subfield code="a">Paris :</subfield>
    <subfield code="b">P. Belfond,</subfield>
    <subfield code="c">©1982.</subfield>
  </datafield>
  <datafield tag="300" ind1=" " ind2=" ">
    <subfield code="a">369 pages ;</subfield>
    <subfield code="c">24 cm.</subfield>
  </datafield>
  <datafield tag="336" ind1=" " ind2=" ">
    <subfield code="a">text</subfield>
    <subfield code="b">txt</subfield>
    <subfield code="2">rdacontent</subfield>
  </datafield>
  <datafield tag="337" ind1=" " ind2=" ">
    <subfield code="a">unmediated</subfield>
    <subfield code="b">n</subfield>
    <subfield code="2">rdamedia</subfield>
  </datafield>
  <datafield tag="338" ind1=" " ind2=" ">
    <subfield code="a">volume</subfield>
    <subfield code="b">nc</subfield>
    <subfield code="2">rdacarrier</subfield>
  </datafield>
  <datafield tag="490" ind1="0" ind2=" ">
    <subfield code="a">Les Dossiers Belfond</subfield>
  </datafield>
  <datafield tag="504" ind1=" " ind2=" ">
    <subfield code="a">Includes bibliographical references (pages 357-364) and index.</subfield>
  </datafield>
  <datafield tag="600" ind1="1" ind2="0">
    <subfield code="a">Freud, Sigmund,</subfield>
    <subfield code="d">1856-1939.</subfield>
  </datafield>
  <datafield tag="650" ind1=" " ind2="0">
    <subfield code="a">Psychoanalysts</subfield>
    <subfield code="z">Austria</subfield>
    <subfield code="v">Biography.</subfield>
  </datafield>
  <datafield tag="650" ind1=" " ind2="0">
    <subfield code="a">Psychoanalysis.</subfield>
  </datafield>
  <datafield tag="600" ind1="1" ind2="2">
    <subfield code="a">Freud, Sigmund,</subfield>
    <subfield code="d">1856-1939.</subfield>
  </datafield>
  <datafield tag="650" ind1=" " ind2="2">
    <subfield code="a">Psychoanalysis</subfield>
    <subfield code="x">history.</subfield>
  </datafield>
  <datafield tag="600" ind1="1" ind2="6">
    <subfield code="a">Freud, Sigmund,</subfield>
    <subfield code="d">1856-1939.</subfield>
  </datafield>
  <datafield tag="600" ind1="1" ind2="7">
    <subfield code="a">Freud, Sigmund,</subfield>
    <subfield code="d">1856-1939</subfield>
    <subfield code="2">fast</subfield>
    <subfield code="0">(OCoLC)fst00034252</subfield>
  </datafield>
  <datafield tag="650" ind1=" " ind2="7">
    <subfield code="a">Psychoanalysis.</subfield>
    <subfield code="2">fast</subfield>
    <subfield code="0">(OCoLC)fst01081235</subfield>
  </datafield>
  <datafield tag="650" ind1=" " ind2="7">
    <subfield code="a">Psychoanalysts.</subfield>
    <subfield code="2">fast</subfield>
    <subfield code="0">(OCoLC)fst01081287</subfield>
  </datafield>
  <datafield tag="651" ind1=" " ind2="7">
    <subfield code="a">Austria.</subfield>
    <subfield code="2">fast</subfield>
    <subfield code="0">(OCoLC)fst01204901</subfield>
  </datafield>
  <datafield tag="600" ind1="1" ind2="7">
    <subfield code="a">Freud, Sigmund.</subfield>
    <subfield code="2">swd</subfield>
  </datafield>
  <datafield tag="650" ind1="0" ind2="7">
    <subfield code="a">Psychoanalyse.</subfield>
    <subfield code="2">swd</subfield>
  </datafield>
  <datafield tag="655" ind1=" " ind2="7">
    <subfield code="a">Biography.</subfield>
    <subfield code="2">fast</subfield>
    <subfield code="0">(OCoLC)fst01423686</subfield>
  </datafield>
  
  
  
  
  
  
  
  
  
  
  
</record>