<record xmlns="http://www.loc.gov/MARC21/slim" xmlns:zs="http://docs.oasis-open.org/ns/search-ws/sruResponse">
  <leader>01474cam a2200385Mi 4500</leader>
  <controlfield tag="001">ocn842360015</controlfield>
  <controlfield tag="003">OCoLC</controlfield>
  <controlfield tag="005">20160311224317.0</controlfield>
  <controlfield tag="008">970911s1989    fr a     b    000 0afre d</controlfield>
  <datafield tag="040" ind1=" " ind2=" ">
    <subfield code="a">COO</subfield>
    <subfield code="b">eng</subfield>
    <subfield code="e">rda</subfield>
    <subfield code="c">COO</subfield>
    <subfield code="d">OCLCO</subfield>
    <subfield code="d">OCLCQ</subfield>
    <subfield code="d">OCLCF</subfield>
    <subfield code="d">OCLCO</subfield>
  </datafield>
  <datafield tag="020" ind1=" " ind2=" ">
    <subfield code="a">2869302827</subfield>
  </datafield>
  <datafield tag="020" ind1=" " ind2=" ">
    <subfield code="a">9782869302822</subfield>
  </datafield>
  <datafield tag="035" ind1=" " ind2=" ">
    <subfield code="a">(OCoLC)842360015</subfield>
  </datafield>
  <datafield tag="041" ind1="1" ind2=" ">
    <subfield code="a">fre</subfield>
    <subfield code="h">ger</subfield>
  </datafield>
  <datafield tag="043" ind1=" " ind2=" ">
    <subfield code="a">e-gx---</subfield>
  </datafield>
  <datafield tag="050" ind1=" " ind2="4">
    <subfield code="a">B3316</subfield>
    <subfield code="b">.A4 1989</subfield>
  </datafield>
  <datafield tag="100" ind1="1" ind2=" ">
    <subfield code="a">Nietzsche, Friedrich Wilhelm,</subfield>
    <subfield code="d">1844-1900,</subfield>
    <subfield code="e">author.</subfield>
  </datafield>
  <datafield tag="240" ind1="1" ind2="0">
    <subfield code="a">Correspondence.</subfield>
    <subfield code="k">Selections.</subfield>
    <subfield code="l">French</subfield>
  </datafield>
  <datafield tag="245" ind1="1" ind2="0">
    <subfield code="a">Dernières lettres /</subfield>
    <subfield code="c">Friedrich Nietzsche ; préface de Jean-Michel Rey ; traduit de l'allemand par Catherine Perret.</subfield>
  </datafield>
  <datafield tag="264" ind1=" " ind2="1">
    <subfield code="a">Paris :</subfield>
    <subfield code="b">Éditions Rivages,</subfield>
    <subfield code="c">[1989]</subfield>
  </datafield>
  <datafield tag="300" ind1=" " ind2=" ">
    <subfield code="a">160 pages :</subfield>
    <subfield code="b">illustration ;</subfield>
    <subfield code="c">17 cm.</subfield>
  </datafield>
  <datafield tag="336" ind1=" " ind2=" ">
    <subfield code="a">text</subfield>
    <subfield code="b">txt</subfield>
    <subfield code="2">rdacontent</subfield>
  </datafield>
  <datafield tag="337" ind1=" " ind2=" ">
    <subfield code="a">unmediated</subfield>
    <subfield code="b">n</subfield>
    <subfield code="2">rdamedia</subfield>
  </datafield>
  <datafield tag="338" ind1=" " ind2=" ">
    <subfield code="a">volume</subfield>
    <subfield code="b">nc</subfield>
    <subfield code="2">rdacarrier</subfield>
  </datafield>
  <datafield tag="490" ind1="0" ind2=" ">
    <subfield code="a">Petite bibliothèque Rivages</subfield>
  </datafield>
  <datafield tag="504" ind1=" " ind2=" ">
    <subfield code="a">Includes bibliographical references.</subfield>
  </datafield>
  <datafield tag="600" ind1="1" ind2="0">
    <subfield code="a">Nietzsche, Friedrich Wilhelm,</subfield>
    <subfield code="d">1844-1900</subfield>
    <subfield code="v">Correspondence.</subfield>
  </datafield>
  <datafield tag="650" ind1=" " ind2="0">
    <subfield code="a">Philosophers</subfield>
    <subfield code="z">Germany</subfield>
    <subfield code="v">Correspondence.</subfield>
  </datafield>
  <datafield tag="600" ind1="1" ind2="7">
    <subfield code="a">Nietzsche, Friedrich Wilhelm,</subfield>
    <subfield code="d">1844-1900.</subfield>
    <subfield code="2">fast</subfield>
    <subfield code="0">(OCoLC)fst00031611</subfield>
  </datafield>
  <datafield tag="650" ind1=" " ind2="7">
    <subfield code="a">Philosophers.</subfield>
    <subfield code="2">fast</subfield>
    <subfield code="0">(OCoLC)fst01060746</subfield>
  </datafield>
  <datafield tag="651" ind1=" " ind2="7">
    <subfield code="a">Germany.</subfield>
    <subfield code="2">fast</subfield>
    <subfield code="0">(OCoLC)fst01210272</subfield>
  </datafield>
  <datafield tag="655" ind1=" " ind2="7">
    <subfield code="a">Records and correspondence.</subfield>
    <subfield code="2">fast</subfield>
    <subfield code="0">(OCoLC)fst01423917</subfield>
  </datafield>
  <datafield tag="700" ind1="1" ind2=" ">
    <subfield code="a">Perret, Catherine,</subfield>
    <subfield code="e">translator.</subfield>
  </datafield>
  
  
</record>