<record xmlns="http://www.loc.gov/MARC21/slim" xmlns:zs="http://docs.oasis-open.org/ns/search-ws/sruResponse">
  <leader>01683cam a2200457Ia 4500</leader>
  <controlfield tag="001">ocm78543267 </controlfield>
  <controlfield tag="003">OCoLC</controlfield>
  <controlfield tag="005">20160311225626.0</controlfield>
  <controlfield tag="008">980824s1996    au a     bc   000 0dger d</controlfield>
  <datafield tag="040" ind1=" " ind2=" ">
    <subfield code="a">CMalG</subfield>
    <subfield code="b">eng</subfield>
    <subfield code="c">HLS</subfield>
    <subfield code="d">OCLCQ</subfield>
    <subfield code="d">OCLCO</subfield>
    <subfield code="d">OCLCF</subfield>
    <subfield code="d">JPG</subfield>
    <subfield code="d">OCLCQ</subfield>
  </datafield>
  <datafield tag="020" ind1=" " ind2=" ">
    <subfield code="a">3853070108</subfield>
  </datafield>
  <datafield tag="020" ind1=" " ind2=" ">
    <subfield code="a">9783853070109</subfield>
  </datafield>
  <datafield tag="035" ind1=" " ind2=" ">
    <subfield code="a">(OCoLC)78543267</subfield>
  </datafield>
  <datafield tag="041" ind1="0" ind2=" ">
    <subfield code="a">ger</subfield>
    <subfield code="a">eng</subfield>
  </datafield>
  <datafield tag="050" ind1=" " ind2="4">
    <subfield code="a">N7153.B35</subfield>
    <subfield code="b">A4 1996</subfield>
  </datafield>
  <datafield tag="100" ind1="1" ind2=" ">
    <subfield code="a">Banz, Stefan.</subfield>
  </datafield>
  <datafield tag="245" ind1="1" ind2="0">
    <subfield code="a">Stefan Banz :</subfield>
    <subfield code="b">dive /</subfield>
    <subfield code="c">[Redaktion, Stefan Banz, Paolo Bianchi, Martin Sturm].</subfield>
  </datafield>
  <datafield tag="246" ind1="3" ind2="0">
    <subfield code="a">Dive</subfield>
  </datafield>
  <datafield tag="246" ind1="1" ind2="5">
    <subfield code="a">Give the people what they want</subfield>
  </datafield>
  <datafield tag="260" ind1=" " ind2=" ">
    <subfield code="a">Linz :</subfield>
    <subfield code="b">Offenes Kulturhaus Linz,</subfield>
    <subfield code="c">©1996.</subfield>
  </datafield>
  <datafield tag="300" ind1=" " ind2=" ">
    <subfield code="a">148 pages :</subfield>
    <subfield code="b">illustrations (some color) ;</subfield>
    <subfield code="c">20 cm.</subfield>
  </datafield>
  <datafield tag="336" ind1=" " ind2=" ">
    <subfield code="a">text</subfield>
    <subfield code="b">txt</subfield>
    <subfield code="2">rdacontent</subfield>
  </datafield>
  <datafield tag="337" ind1=" " ind2=" ">
    <subfield code="a">unmediated</subfield>
    <subfield code="b">n</subfield>
    <subfield code="2">rdamedia</subfield>
  </datafield>
  <datafield tag="338" ind1=" " ind2=" ">
    <subfield code="a">volume</subfield>
    <subfield code="b">nc</subfield>
    <subfield code="2">rdacarrier</subfield>
  </datafield>
  <datafield tag="490" ind1="1" ind2=" ">
    <subfield code="a">Schriftenreihe Offenes Kulturhaus ;</subfield>
    <subfield code="v">20</subfield>
  </datafield>
  <datafield tag="500" ind1=" " ind2=" ">
    <subfield code="a">Catalog of an exhibition held at the Offenes Kulturhaus, April 26-May 24, 1996.</subfield>
  </datafield>
  <datafield tag="546" ind1=" " ind2=" ">
    <subfield code="a">German and English.</subfield>
  </datafield>
  <datafield tag="500" ind1=" " ind2=" ">
    <subfield code="a">Texts by Christoph Doswald and five others.</subfield>
  </datafield>
  <datafield tag="504" ind1=" " ind2=" ">
    <subfield code="a">Includes bibliographical references.</subfield>
  </datafield>
  <datafield tag="600" ind1="1" ind2="0">
    <subfield code="a">Banz, Stefan</subfield>
    <subfield code="v">Exhibitions.</subfield>
  </datafield>
  <datafield tag="600" ind1="1" ind2="7">
    <subfield code="a">Banz, Stefan.</subfield>
    <subfield code="2">fast</subfield>
    <subfield code="0">(OCoLC)fst00415845</subfield>
  </datafield>
  <datafield tag="655" ind1=" " ind2="7">
    <subfield code="a">Exhibition catalogs.</subfield>
    <subfield code="2">fast</subfield>
    <subfield code="0">(OCoLC)fst01424028</subfield>
  </datafield>
  <datafield tag="700" ind1="1" ind2=" ">
    <subfield code="a">Bianchi, Paolo,</subfield>
    <subfield code="d">1960-</subfield>
  </datafield>
  <datafield tag="700" ind1="1" ind2=" ">
    <subfield code="a">Sturm, Martin,</subfield>
    <subfield code="d">1957-</subfield>
  </datafield>
  <datafield tag="700" ind1="1" ind2=" ">
    <subfield code="a">Doswald, Christoph.</subfield>
  </datafield>
  <datafield tag="710" ind1="2" ind2=" ">
    <subfield code="a">Offenes Kulturhaus.</subfield>
  </datafield>
  <datafield tag="830" ind1=" " ind2="0">
    <subfield code="a">Offenes Kulturhaus (Series) ;</subfield>
    <subfield code="v">20.</subfield>
  </datafield>
  
  
  
  
</record>