<record xmlns="http://www.loc.gov/MARC21/slim" xmlns:zs="http://docs.oasis-open.org/ns/search-ws/sruResponse">
  <leader>00924cam a2200241Mi 4500</leader>
  <controlfield tag="001">ocn405964426</controlfield>
  <controlfield tag="003">OCoLC</controlfield>
  <controlfield tag="005">20160311222544.0</controlfield>
  <controlfield tag="008">000626s1998    fr     g      000 1 fre d</controlfield>
  <datafield tag="040" ind1=" " ind2=" ">
    <subfield code="a">FRBML</subfield>
    <subfield code="b">fre</subfield>
    <subfield code="c">FRBML</subfield>
    <subfield code="d">OCLCQ</subfield>
    <subfield code="d">FRMCM</subfield>
    <subfield code="d">UQ1</subfield>
  </datafield>
  <datafield tag="020" ind1=" " ind2=" ">
    <subfield code="a">2867446198</subfield>
  </datafield>
  <datafield tag="020" ind1=" " ind2=" ">
    <subfield code="a">9782867446191</subfield>
  </datafield>
  <datafield tag="035" ind1=" " ind2=" ">
    <subfield code="a">(OCoLC)405964426</subfield>
  </datafield>
  <datafield tag="050" ind1="0" ind2="0">
    <subfield code="a">PQ2661.M463</subfield>
    <subfield code="b">E64 1998</subfield>
  </datafield>
  <datafield tag="082" ind1="1" ind2="4">
    <subfield code="a">840.914</subfield>
  </datafield>
  <datafield tag="100" ind1="1" ind2=" ">
    <subfield code="a">Amigorena, Santiago H.,</subfield>
    <subfield code="d">1962-</subfield>
  </datafield>
  <datafield tag="245" ind1="1" ind2="4">
    <subfield code="a">Une enfance laconique /</subfield>
    <subfield code="c">Santiago H. Amigorena.</subfield>
  </datafield>
  <datafield tag="260" ind1=" " ind2=" ">
    <subfield code="a">Paris :</subfield>
    <subfield code="b">P.O.L.,</subfield>
    <subfield code="c">1998.</subfield>
  </datafield>
  <datafield tag="520" ind1=" " ind2=" ">
    <subfield code="a">D'origine argentine, l'auteur habite Paris où il est scénariste. Dans son texte qui mêle psychanalyse, littérature, exil, nous ne savons jamais très bien où nous sommes : dans la vérité ou dans le mensonge ? dans la fiction ou dans le récit ?</subfield>
  </datafield>
  
  
  
  
</record>