<record xmlns="http://www.loc.gov/MARC21/slim" xmlns:zs="http://docs.oasis-open.org/ns/search-ws/sruResponse">
  <leader>02578cam a2200661Ia 4500</leader>
  <controlfield tag="001">ocm26647157 </controlfield>
  <controlfield tag="003">OCoLC</controlfield>
  <controlfield tag="005">20160311225525.0</controlfield>
  <controlfield tag="008">920922s1992    fr a     b    000 0 fre d</controlfield>
  <datafield tag="040" ind1=" " ind2=" ">
    <subfield code="a">YSM</subfield>
    <subfield code="b">eng</subfield>
    <subfield code="c">YSM</subfield>
    <subfield code="d">LVB</subfield>
    <subfield code="d">OCLCG</subfield>
    <subfield code="d">DEBBG</subfield>
    <subfield code="d">OCLCA</subfield>
    <subfield code="d">OCLCQ</subfield>
    <subfield code="d">OCLCO</subfield>
    <subfield code="d">OCLCF</subfield>
    <subfield code="d">OCLCO</subfield>
    <subfield code="d">OCLCQ</subfield>
  </datafield>
  <datafield tag="020" ind1=" " ind2=" ">
    <subfield code="a">2020177455</subfield>
    <subfield code="q">(pbk.)</subfield>
  </datafield>
  <datafield tag="020" ind1=" " ind2=" ">
    <subfield code="a">9782020177450</subfield>
    <subfield code="q">(pbk.)</subfield>
  </datafield>
  <datafield tag="035" ind1=" " ind2=" ">
    <subfield code="a">(OCoLC)26647157</subfield>
  </datafield>
  <datafield tag="043" ind1=" " ind2=" ">
    <subfield code="a">e-fr---</subfield>
  </datafield>
  <datafield tag="050" ind1=" " ind2="4">
    <subfield code="a">D15.C45</subfield>
    <subfield code="b">A35 1992</subfield>
  </datafield>
  <datafield tag="082" ind1="0" ind2="4">
    <subfield code="a">121.3</subfield>
  </datafield>
  <datafield tag="100" ind1="1" ind2=" ">
    <subfield code="a">Châtelet, François,</subfield>
    <subfield code="d">1925-1985.</subfield>
  </datafield>
  <datafield tag="245" ind1="1" ind2="4">
    <subfield code="a">Une histoire de la raison :</subfield>
    <subfield code="b">entretiens avec Emile Noël /</subfield>
    <subfield code="c">François Châtelet ; préface de Jean-Toussaint Desanti.</subfield>
  </datafield>
  <datafield tag="260" ind1=" " ind2=" ">
    <subfield code="a">Paris :</subfield>
    <subfield code="b">Seuil,</subfield>
    <subfield code="c">©1992.</subfield>
  </datafield>
  <datafield tag="300" ind1=" " ind2=" ">
    <subfield code="a">228 pages :</subfield>
    <subfield code="b">1 illustration ;</subfield>
    <subfield code="c">18 cm.</subfield>
  </datafield>
  <datafield tag="336" ind1=" " ind2=" ">
    <subfield code="a">text</subfield>
    <subfield code="b">txt</subfield>
    <subfield code="2">rdacontent</subfield>
  </datafield>
  <datafield tag="337" ind1=" " ind2=" ">
    <subfield code="a">unmediated</subfield>
    <subfield code="b">n</subfield>
    <subfield code="2">rdamedia</subfield>
  </datafield>
  <datafield tag="338" ind1=" " ind2=" ">
    <subfield code="a">volume</subfield>
    <subfield code="b">nc</subfield>
    <subfield code="2">rdacarrier</subfield>
  </datafield>
  <datafield tag="490" ind1="0" ind2=" ">
    <subfield code="a">Collection Points. Série Sciences ;</subfield>
    <subfield code="v">S81</subfield>
  </datafield>
  <datafield tag="504" ind1=" " ind2=" ">
    <subfield code="a">Includes bibliographical references (pages 227-229).</subfield>
  </datafield>
  <datafield tag="600" ind1="1" ind2="0">
    <subfield code="a">Châtelet, François,</subfield>
    <subfield code="d">1925-1985.</subfield>
  </datafield>
  <datafield tag="650" ind1=" " ind2="0">
    <subfield code="a">Historians</subfield>
    <subfield code="z">France</subfield>
    <subfield code="v">Interviews.</subfield>
  </datafield>
  <datafield tag="650" ind1=" " ind2="0">
    <subfield code="a">History</subfield>
    <subfield code="x">Philosophy.</subfield>
  </datafield>
  <datafield tag="650" ind1=" " ind2="6">
    <subfield code="a">Raison.</subfield>
  </datafield>
  <datafield tag="650" ind1=" " ind2="6">
    <subfield code="a">Philosophie</subfield>
    <subfield code="x">Histoire.</subfield>
  </datafield>
  <datafield tag="650" ind1=" " ind2="6">
    <subfield code="a">Rationalisme</subfield>
    <subfield code="x">Histoire.</subfield>
  </datafield>
  <datafield tag="600" ind1="1" ind2="7">
    <subfield code="a">Châtelet, François,</subfield>
    <subfield code="d">1925-1985</subfield>
    <subfield code="2">fast</subfield>
    <subfield code="0">(OCoLC)fst01756865</subfield>
  </datafield>
  <datafield tag="650" ind1=" " ind2="7">
    <subfield code="a">Historians.</subfield>
    <subfield code="2">fast</subfield>
    <subfield code="0">(OCoLC)fst00957686</subfield>
  </datafield>
  <datafield tag="650" ind1=" " ind2="7">
    <subfield code="a">History</subfield>
    <subfield code="x">Philosophy.</subfield>
    <subfield code="2">fast</subfield>
    <subfield code="0">(OCoLC)fst00958266</subfield>
  </datafield>
  <datafield tag="651" ind1=" " ind2="7">
    <subfield code="a">France.</subfield>
    <subfield code="2">fast</subfield>
    <subfield code="0">(OCoLC)fst01204289</subfield>
  </datafield>
  <datafield tag="650" ind1="0" ind2="7">
    <subfield code="a">Geschichte.</subfield>
    <subfield code="2">swd</subfield>
  </datafield>
  <datafield tag="650" ind1="0" ind2="7">
    <subfield code="a">Philosophie.</subfield>
    <subfield code="2">swd</subfield>
  </datafield>
  <datafield tag="650" ind1="0" ind2="7">
    <subfield code="a">Rationalität.</subfield>
    <subfield code="2">swd</subfield>
  </datafield>
  <datafield tag="650" ind1="0" ind2="7">
    <subfield code="a">Vernunft.</subfield>
    <subfield code="2">swd</subfield>
  </datafield>
  <datafield tag="650" ind1=" " ind2="4">
    <subfield code="a">Philosophie - Histoire.</subfield>
  </datafield>
  <datafield tag="650" ind1=" " ind2="4">
    <subfield code="a">Raison.</subfield>
  </datafield>
  <datafield tag="650" ind1=" " ind2="4">
    <subfield code="a">Rationalisme - Histoire.</subfield>
  </datafield>
  <datafield tag="650" ind1="0" ind2="7">
    <subfield code="a">Geschichte.</subfield>
    <subfield code="0">(DE-588)4020517-4</subfield>
    <subfield code="2">gnd</subfield>
  </datafield>
  <datafield tag="650" ind1="0" ind2="7">
    <subfield code="a">Philosophie.</subfield>
    <subfield code="0">(DE-588)4045791-6</subfield>
    <subfield code="2">gnd</subfield>
  </datafield>
  <datafield tag="650" ind1="0" ind2="7">
    <subfield code="a">Rationalität.</subfield>
    <subfield code="0">(DE-588)4048507-9</subfield>
    <subfield code="2">gnd</subfield>
  </datafield>
  <datafield tag="650" ind1="0" ind2="7">
    <subfield code="a">Vernunft.</subfield>
    <subfield code="0">(DE-588)4063106-0</subfield>
    <subfield code="2">gnd</subfield>
  </datafield>
  <datafield tag="655" ind1=" " ind2="7">
    <subfield code="a">Interviews.</subfield>
    <subfield code="2">fast</subfield>
    <subfield code="0">(OCoLC)fst01423832</subfield>
  </datafield>
  <datafield tag="700" ind1="1" ind2=" ">
    <subfield code="a">Noël, Emile.</subfield>
  </datafield>
  <datafield tag="776" ind1="0" ind2="8">
    <subfield code="i">Online version:</subfield>
    <subfield code="a">Châtelet, François, 1925-1985.</subfield>
    <subfield code="t">Histoire de la raison.</subfield>
    <subfield code="d">Paris : Seuil, ©1992</subfield>
    <subfield code="w">(OCoLC)768297658</subfield>
  </datafield>
  
  
  
  
  
  
  
  
  
</record>