<record xmlns="http://www.loc.gov/MARC21/slim" xmlns:zs="http://docs.oasis-open.org/ns/search-ws/sruResponse">
  <leader>01685cam a2200421Ma 4500</leader>
  <controlfield tag="001">ocn639699888</controlfield>
  <controlfield tag="003">OCoLC</controlfield>
  <controlfield tag="005">20160311224845.0</controlfield>
  <controlfield tag="008">910607s1989    fr a     b    001 idfre d</controlfield>
  <datafield tag="040" ind1=" " ind2=" ">
    <subfield code="a">UWW</subfield>
    <subfield code="b">eng</subfield>
    <subfield code="c">UWW</subfield>
    <subfield code="d">ORC</subfield>
    <subfield code="d">OCLCA</subfield>
    <subfield code="d">OCLCF</subfield>
    <subfield code="d">OCLCQ</subfield>
  </datafield>
  <datafield tag="020" ind1=" " ind2=" ">
    <subfield code="a">208070513X</subfield>
    <subfield code="q">(pbk.)</subfield>
  </datafield>
  <datafield tag="020" ind1=" " ind2=" ">
    <subfield code="a">9782080705136</subfield>
    <subfield code="q">(pbk.)</subfield>
  </datafield>
  <datafield tag="035" ind1=" " ind2=" ">
    <subfield code="a">(OCoLC)639699888</subfield>
  </datafield>
  <datafield tag="043" ind1=" " ind2=" ">
    <subfield code="a">e-fr---</subfield>
  </datafield>
  <datafield tag="050" ind1=" " ind2="4">
    <subfield code="a">B1873</subfield>
    <subfield code="b">.A4 1989</subfield>
  </datafield>
  <datafield tag="100" ind1="1" ind2=" ">
    <subfield code="a">Descartes, René,</subfield>
    <subfield code="d">1596-1650.</subfield>
  </datafield>
  <datafield tag="245" ind1="1" ind2="0">
    <subfield code="a">Correspondance avec Élisabeth et autres lettres /</subfield>
    <subfield code="c">René Descartes ; introduction, bibliographie et chronologie de Jean-Marie Beyssade et Michelle Beyssade.</subfield>
  </datafield>
  <datafield tag="260" ind1=" " ind2=" ">
    <subfield code="a">Paris :</subfield>
    <subfield code="b">Flammarion,</subfield>
    <subfield code="c">1989.</subfield>
  </datafield>
  <datafield tag="300" ind1=" " ind2=" ">
    <subfield code="a">314 pages :</subfield>
    <subfield code="b">illustrations ;</subfield>
    <subfield code="c">18 cm.</subfield>
  </datafield>
  <datafield tag="336" ind1=" " ind2=" ">
    <subfield code="a">text</subfield>
    <subfield code="b">txt</subfield>
    <subfield code="2">rdacontent</subfield>
  </datafield>
  <datafield tag="337" ind1=" " ind2=" ">
    <subfield code="a">unmediated</subfield>
    <subfield code="b">n</subfield>
    <subfield code="2">rdamedia</subfield>
  </datafield>
  <datafield tag="338" ind1=" " ind2=" ">
    <subfield code="a">volume</subfield>
    <subfield code="b">nc</subfield>
    <subfield code="2">rdacarrier</subfield>
  </datafield>
  <datafield tag="490" ind1="0" ind2=" ">
    <subfield code="a">GF. Texte intégral ;</subfield>
    <subfield code="v">513</subfield>
  </datafield>
  <datafield tag="504" ind1=" " ind2=" ">
    <subfield code="a">Includes bibliographical references (pages 301-302) and index.</subfield>
  </datafield>
  <datafield tag="600" ind1="0" ind2="0">
    <subfield code="a">Elisabeth,</subfield>
    <subfield code="c">Countess Palatine,</subfield>
    <subfield code="d">1618-1680.</subfield>
  </datafield>
  <datafield tag="600" ind1="1" ind2="0">
    <subfield code="a">Descartes, René,</subfield>
    <subfield code="d">1596-1650.</subfield>
  </datafield>
  <datafield tag="650" ind1=" " ind2="0">
    <subfield code="a">Philosophers</subfield>
    <subfield code="z">France</subfield>
    <subfield code="x">Correspondence.</subfield>
  </datafield>
  <datafield tag="650" ind1=" " ind2="0">
    <subfield code="a">Body and soul in literature.</subfield>
  </datafield>
  <datafield tag="650" ind1=" " ind2="0">
    <subfield code="a">Morale.</subfield>
  </datafield>
  <datafield tag="600" ind1="1" ind2="7">
    <subfield code="a">Descartes, René,</subfield>
    <subfield code="d">1596-1650.</subfield>
    <subfield code="2">fast</subfield>
    <subfield code="0">(OCoLC)fst00036818</subfield>
  </datafield>
  <datafield tag="600" ind1="0" ind2="7">
    <subfield code="a">Elisabeth,</subfield>
    <subfield code="c">Countess Palatine,</subfield>
    <subfield code="d">1618-1680.</subfield>
    <subfield code="2">fast</subfield>
    <subfield code="0">(OCoLC)fst00423809</subfield>
  </datafield>
  <datafield tag="650" ind1=" " ind2="7">
    <subfield code="a">Body and soul in literature.</subfield>
    <subfield code="2">fast</subfield>
    <subfield code="0">(OCoLC)fst01896037</subfield>
  </datafield>
  <datafield tag="650" ind1=" " ind2="7">
    <subfield code="a">Morale.</subfield>
    <subfield code="2">fast</subfield>
    <subfield code="0">(OCoLC)fst01026093</subfield>
  </datafield>
  <datafield tag="650" ind1=" " ind2="7">
    <subfield code="a">Philosophers.</subfield>
    <subfield code="2">fast</subfield>
    <subfield code="0">(OCoLC)fst01060746</subfield>
  </datafield>
  <datafield tag="651" ind1=" " ind2="7">
    <subfield code="a">France.</subfield>
    <subfield code="2">fast</subfield>
    <subfield code="0">(OCoLC)fst01204289</subfield>
  </datafield>
  <datafield tag="655" ind1=" " ind2="7">
    <subfield code="a">Records and correspondence.</subfield>
    <subfield code="2">fast</subfield>
    <subfield code="0">(OCoLC)fst01423917</subfield>
  </datafield>
  
  
</record>