<record xmlns="http://www.loc.gov/MARC21/slim" xmlns:zs="http://docs.oasis-open.org/ns/search-ws/sruResponse">
  <leader>01183cam a2200349Ma 4500</leader>
  <controlfield tag="001">ocn715559611</controlfield>
  <controlfield tag="003">OCoLC</controlfield>
  <controlfield tag="005">20160311223024.0</controlfield>
  <controlfield tag="008">940223s1993    fr            000 0 fre d</controlfield>
  <datafield tag="040" ind1=" " ind2=" ">
    <subfield code="a">RERO labcur</subfield>
    <subfield code="b">fre</subfield>
    <subfield code="c">CHRRO</subfield>
    <subfield code="d">CUY</subfield>
    <subfield code="d">OCLCF</subfield>
    <subfield code="d">OCLCO</subfield>
  </datafield>
  <datafield tag="020" ind1=" " ind2=" ">
    <subfield code="a">2711829421</subfield>
  </datafield>
  <datafield tag="020" ind1=" " ind2=" ">
    <subfield code="a">9782711829422</subfield>
  </datafield>
  <datafield tag="035" ind1=" " ind2=" ">
    <subfield code="a">(OCoLC)715559611</subfield>
  </datafield>
  <datafield tag="050" ind1="1" ind2="4">
    <subfield code="a">N2030</subfield>
    <subfield code="b">.G35 1993</subfield>
  </datafield>
  <datafield tag="072" ind1=" " ind2="7">
    <subfield code="a">s1ba</subfield>
    <subfield code="2">rero</subfield>
  </datafield>
  <datafield tag="072" ind1=" " ind2="7">
    <subfield code="a">s2fr</subfield>
    <subfield code="2">rero</subfield>
  </datafield>
  <datafield tag="245" ind1="0" ind2="0">
    <subfield code="a">Visiteurs du Louvre :</subfield>
    <subfield code="b">un florilège /</subfield>
    <subfield code="c">composé par Jean Galard ; avec la collab. d'Anne-Laure Charrier.</subfield>
  </datafield>
  <datafield tag="260" ind1=" " ind2=" ">
    <subfield code="a">Paris :</subfield>
    <subfield code="b">Réunion des musées nationaux,</subfield>
    <subfield code="c">1993.</subfield>
  </datafield>
  <datafield tag="300" ind1=" " ind2=" ">
    <subfield code="a">202 p. :</subfield>
    <subfield code="b">ill. ;</subfield>
    <subfield code="c">22 cm.</subfield>
  </datafield>
  <datafield tag="490" ind1="1" ind2=" ">
    <subfield code="a">Textes RMN</subfield>
  </datafield>
  <datafield tag="650" ind1=" " ind2="7">
    <subfield code="a">visiteur</subfield>
    <subfield code="x">Musée du Louvre (Paris)</subfield>
    <subfield code="v">[document]</subfield>
    <subfield code="2">rero</subfield>
  </datafield>
  <datafield tag="610" ind1="2" ind2="0">
    <subfield code="a">Musée du Louvre.</subfield>
  </datafield>
  <datafield tag="650" ind1=" " ind2="0">
    <subfield code="a">Museum attendance</subfield>
    <subfield code="z">France</subfield>
    <subfield code="z">Paris.</subfield>
  </datafield>
  <datafield tag="610" ind1="2" ind2="7">
    <subfield code="a">Musée du Louvre.</subfield>
    <subfield code="2">fast</subfield>
    <subfield code="0">(OCoLC)fst00541467</subfield>
  </datafield>
  <datafield tag="650" ind1=" " ind2="7">
    <subfield code="a">Museum attendance.</subfield>
    <subfield code="2">fast</subfield>
    <subfield code="0">(OCoLC)fst01030053</subfield>
  </datafield>
  <datafield tag="651" ind1=" " ind2="7">
    <subfield code="a">France</subfield>
    <subfield code="z">Paris.</subfield>
    <subfield code="2">fast</subfield>
    <subfield code="0">(OCoLC)fst01205283</subfield>
  </datafield>
  <datafield tag="700" ind1="1" ind2=" ">
    <subfield code="a">Galard, Jean,</subfield>
    <subfield code="d">1937-</subfield>
  </datafield>
  <datafield tag="700" ind1="1" ind2=" ">
    <subfield code="a">Charrier, Anne-Laure.</subfield>
  </datafield>
  <datafield tag="830" ind1=" " ind2="0">
    <subfield code="a">Textes RMN</subfield>
  </datafield>
  
  
  
</record>