<record xmlns="http://www.loc.gov/MARC21/slim" xmlns:zs="http://docs.oasis-open.org/ns/search-ws/sruResponse">
  <leader>01601cam a2200421Mi 4500</leader>
  <controlfield tag="001">ocm79104583 </controlfield>
  <controlfield tag="003">OCoLC</controlfield>
  <controlfield tag="005">20160311225602.0</controlfield>
  <controlfield tag="008">960905s1988    ru a          000 0 fre d</controlfield>
  <datafield tag="040" ind1=" " ind2=" ">
    <subfield code="a">CNCCA</subfield>
    <subfield code="b">eng</subfield>
    <subfield code="c">CNCCA</subfield>
    <subfield code="d">UA@</subfield>
    <subfield code="d">OCLCF</subfield>
    <subfield code="d">OCLCO</subfield>
    <subfield code="d">OCLCQ</subfield>
    <subfield code="d">OCLCO</subfield>
  </datafield>
  <datafield tag="020" ind1=" " ind2=" ">
    <subfield code="a">5730001460</subfield>
  </datafield>
  <datafield tag="020" ind1=" " ind2=" ">
    <subfield code="a">9785730001466</subfield>
  </datafield>
  <datafield tag="035" ind1=" " ind2=" ">
    <subfield code="a">(OCoLC)79104583</subfield>
  </datafield>
  <datafield tag="041" ind1="1" ind2=" ">
    <subfield code="a">eng</subfield>
    <subfield code="a">rus</subfield>
  </datafield>
  <datafield tag="043" ind1=" " ind2=" ">
    <subfield code="a">e-ru---</subfield>
  </datafield>
  <datafield tag="050" ind1="1" ind2="4">
    <subfield code="a">DK18.5</subfield>
    <subfield code="b">.K68 1988</subfield>
  </datafield>
  <datafield tag="100" ind1="1" ind2=" ">
    <subfield code="a">Kudri͡avt͡sev, Fedor.</subfield>
  </datafield>
  <datafield tag="240" ind1="1" ind2="0">
    <subfield code="a">Zolotoe kolʹt͡so.</subfield>
    <subfield code="l">French</subfield>
  </datafield>
  <datafield tag="245" ind1="1" ind2="2">
    <subfield code="a">L'anneau d'or /</subfield>
    <subfield code="c">[texte de Fiodor Koudriavtsev ; traduit du russe par Marie-Hélène Corréard ; photographes, Irena Stine and Anatole Firsov].</subfield>
  </datafield>
  <datafield tag="250" ind1=" " ind2=" ">
    <subfield code="a">Izd. 3oe.</subfield>
  </datafield>
  <datafield tag="260" ind1=" " ind2=" ">
    <subfield code="a">Leningrad :</subfield>
    <subfield code="b">Aurora Art Publishers,</subfield>
    <subfield code="c">©1988.</subfield>
  </datafield>
  <datafield tag="300" ind1=" " ind2=" ">
    <subfield code="a">254, [2] pages :</subfield>
    <subfield code="b">chiefly illustrations (some color) ;</subfield>
    <subfield code="c">16 cm</subfield>
  </datafield>
  <datafield tag="336" ind1=" " ind2=" ">
    <subfield code="a">text</subfield>
    <subfield code="b">txt</subfield>
    <subfield code="2">rdacontent</subfield>
  </datafield>
  <datafield tag="337" ind1=" " ind2=" ">
    <subfield code="a">unmediated</subfield>
    <subfield code="b">n</subfield>
    <subfield code="2">rdamedia</subfield>
  </datafield>
  <datafield tag="338" ind1=" " ind2=" ">
    <subfield code="a">volume</subfield>
    <subfield code="b">nc</subfield>
    <subfield code="2">rdacarrier</subfield>
  </datafield>
  <datafield tag="500" ind1=" " ind2=" ">
    <subfield code="a">Translation of: Zolotoe kolʹt͡so.</subfield>
  </datafield>
  <datafield tag="650" ind1=" " ind2="0">
    <subfield code="a">Church architecture</subfield>
    <subfield code="z">Russia (Federation)</subfield>
    <subfield code="v">Guidebooks.</subfield>
  </datafield>
  <datafield tag="651" ind1=" " ind2="0">
    <subfield code="a">Russia (Federation)</subfield>
    <subfield code="v">Guidebooks.</subfield>
  </datafield>
  <datafield tag="650" ind1=" " ind2="7">
    <subfield code="a">Church architecture.</subfield>
    <subfield code="2">fast</subfield>
    <subfield code="0">(OCoLC)fst00860550</subfield>
  </datafield>
  <datafield tag="651" ind1=" " ind2="7">
    <subfield code="a">Russia (Federation)</subfield>
    <subfield code="2">fast</subfield>
    <subfield code="0">(OCoLC)fst01262050</subfield>
  </datafield>
  <datafield tag="655" ind1=" " ind2="7">
    <subfield code="a">Guidebooks.</subfield>
    <subfield code="2">fast</subfield>
    <subfield code="0">(OCoLC)fst01423871</subfield>
  </datafield>
  <datafield tag="700" ind1="1" ind2=" ">
    <subfield code="a">Corréard, Marie-Hélène.</subfield>
  </datafield>
  <datafield tag="700" ind1="1" ind2=" ">
    <subfield code="a">Stin, Irina.</subfield>
  </datafield>
  <datafield tag="700" ind1="1" ind2=" ">
    <subfield code="a">Firsov, Anatoliĭ.</subfield>
  </datafield>
  
  
  
  
</record>