<record xmlns="http://www.loc.gov/MARC21/slim" xmlns:zs="http://docs.oasis-open.org/ns/search-ws/sruResponse">
  <leader>01238cam a2200325Ma 4500</leader>
  <controlfield tag="001">ocn231858357</controlfield>
  <controlfield tag="003">OCoLC</controlfield>
  <controlfield tag="005">20160311222957.0</controlfield>
  <controlfield tag="008">950711s1990    fr      bb    000 0 fre d</controlfield>
  <datafield tag="010" ind1=" " ind2=" ">
    <subfield code="a">   91130271 </subfield>
  </datafield>
  <datafield tag="040" ind1=" " ind2=" ">
    <subfield code="a">OONG</subfield>
    <subfield code="b">eng</subfield>
    <subfield code="c">CNNGC</subfield>
    <subfield code="d">OCLCQ</subfield>
    <subfield code="d">OCLCF</subfield>
    <subfield code="d">OCLCO</subfield>
  </datafield>
  <datafield tag="020" ind1=" " ind2=" ">
    <subfield code="a">2246430518</subfield>
  </datafield>
  <datafield tag="020" ind1=" " ind2=" ">
    <subfield code="a">9782246430513</subfield>
  </datafield>
  <datafield tag="035" ind1=" " ind2=" ">
    <subfield code="a">(OCoLC)231858357</subfield>
  </datafield>
  <datafield tag="050" ind1="0" ind2="0">
    <subfield code="a">HQ1190</subfield>
    <subfield code="b">.I75 1990</subfield>
  </datafield>
  <datafield tag="100" ind1="1" ind2=" ">
    <subfield code="a">Irigaray, Luce.</subfield>
  </datafield>
  <datafield tag="245" ind1="1" ind2="0">
    <subfield code="a">Je, tu, nous</subfield>
    <subfield code="h">[microform] :</subfield>
    <subfield code="b">pour une culture de la différence /</subfield>
    <subfield code="c">Luce Irigaray.</subfield>
  </datafield>
  <datafield tag="246" ind1="3" ind2=" ">
    <subfield code="a">Je, tu nous : toward a culture of difference</subfield>
  </datafield>
  <datafield tag="260" ind1=" " ind2=" ">
    <subfield code="a">Paris :</subfield>
    <subfield code="b">B. Grasset,</subfield>
    <subfield code="c">c1990.</subfield>
  </datafield>
  <datafield tag="300" ind1=" " ind2=" ">
    <subfield code="a">161 p. ;</subfield>
    <subfield code="c">21 cm.</subfield>
  </datafield>
  <datafield tag="500" ind1=" " ind2=" ">
    <subfield code="a">"Une premier̀e version de la plupart de ces textes a été publiée en italien dans le cadre de la rubrique 'L'Ordre sexuel du discours, ' Rinascita, en 1987 et 1988"--T.p. verso.</subfield>
  </datafield>
  <datafield tag="504" ind1=" " ind2=" ">
    <subfield code="a">Includes bibliographical references.</subfield>
  </datafield>
  <datafield tag="650" ind1=" " ind2="0">
    <subfield code="a">Feminist theory.</subfield>
  </datafield>
  <datafield tag="650" ind1=" " ind2="0">
    <subfield code="a">Women</subfield>
    <subfield code="x">Social conditions.</subfield>
  </datafield>
  <datafield tag="650" ind1=" " ind2="8">
    <subfield code="a">Théorie féministe.</subfield>
  </datafield>
  <datafield tag="650" ind1=" " ind2="8">
    <subfield code="a">Femmes</subfield>
    <subfield code="x">Conditions sociales.</subfield>
  </datafield>
  <datafield tag="650" ind1=" " ind2="7">
    <subfield code="a">Feminist theory.</subfield>
    <subfield code="2">fast</subfield>
    <subfield code="0">(OCoLC)fst00922816</subfield>
  </datafield>
  <datafield tag="650" ind1=" " ind2="7">
    <subfield code="a">Women</subfield>
    <subfield code="x">Social conditions.</subfield>
    <subfield code="2">fast</subfield>
    <subfield code="0">(OCoLC)fst01176947</subfield>
  </datafield>
  
  
</record>