<record xmlns="http://www.loc.gov/MARC21/slim" xmlns:zs="http://docs.oasis-open.org/ns/search-ws/sruResponse">
  <leader>01967cam a2200505Ka 4500</leader>
  <controlfield tag="001">ocn656784228</controlfield>
  <controlfield tag="003">OCoLC</controlfield>
  <controlfield tag="005">20160311225720.0</controlfield>
  <controlfield tag="008">100818s1991    fr a    oc    000 0dfre d</controlfield>
  <controlfield tag="006">m     o  d        </controlfield>
  <controlfield tag="007">cr un||a|a||||</controlfield>
  <datafield tag="040" ind1=" " ind2=" ">
    <subfield code="a">OCLCE</subfield>
    <subfield code="b">eng</subfield>
    <subfield code="e">pn</subfield>
    <subfield code="c">OCLCE</subfield>
    <subfield code="d">OCLCQ</subfield>
    <subfield code="d">OCLCF</subfield>
    <subfield code="d">OCLCO</subfield>
    <subfield code="d">OCLCA</subfield>
    <subfield code="d">OCL</subfield>
  </datafield>
  <datafield tag="020" ind1=" " ind2=" ">
    <subfield code="z">2907643460</subfield>
  </datafield>
  <datafield tag="020" ind1=" " ind2=" ">
    <subfield code="z">9782907643467</subfield>
  </datafield>
  <datafield tag="035" ind1=" " ind2=" ">
    <subfield code="a">(OCoLC)656784228</subfield>
  </datafield>
  <datafield tag="041" ind1="0" ind2=" ">
    <subfield code="a">fre</subfield>
    <subfield code="b">spaeng</subfield>
  </datafield>
  <datafield tag="043" ind1=" " ind2=" ">
    <subfield code="a">s-ag---</subfield>
  </datafield>
  <datafield tag="050" ind1=" " ind2="4">
    <subfield code="a">N6635</subfield>
    <subfield code="b">.A74 1991</subfield>
  </datafield>
  <datafield tag="245" ind1="0" ind2="2">
    <subfield code="a">L'atelier de Buenos Aires</subfield>
    <subfield code="h">[electronic resource] /</subfield>
    <subfield code="c">préface de Philippe Cyroulnik, texte de Jorge Glusberg.</subfield>
  </datafield>
  <datafield tag="260" ind1=" " ind2=" ">
    <subfield code="a">[Paris?] :</subfield>
    <subfield code="b">CREDAC/AFAA,</subfield>
    <subfield code="c">1991.</subfield>
  </datafield>
  <datafield tag="300" ind1=" " ind2=" ">
    <subfield code="a">1 online resource (47 pages) :</subfield>
    <subfield code="b">illustrations (some color)</subfield>
  </datafield>
  <datafield tag="336" ind1=" " ind2=" ">
    <subfield code="a">text</subfield>
    <subfield code="b">txt</subfield>
    <subfield code="2">rdacontent</subfield>
  </datafield>
  <datafield tag="337" ind1=" " ind2=" ">
    <subfield code="a">computer</subfield>
    <subfield code="b">c</subfield>
    <subfield code="2">rdamedia</subfield>
  </datafield>
  <datafield tag="338" ind1=" " ind2=" ">
    <subfield code="a">online resource</subfield>
    <subfield code="b">cr</subfield>
    <subfield code="2">rdacarrier</subfield>
  </datafield>
  <datafield tag="500" ind1=" " ind2=" ">
    <subfield code="a">Exhibition of works by Roberto Horacio Elia, Jorge Macchi, Martin Reyna and Pablo Suarez.</subfield>
  </datafield>
  <datafield tag="546" ind1=" " ind2=" ">
    <subfield code="a">Text in French with biograpphical summaries in Spanish and English.</subfield>
  </datafield>
  <datafield tag="588" ind1=" " ind2=" ">
    <subfield code="a">Description based on print version record.</subfield>
  </datafield>
  <datafield tag="650" ind1=" " ind2="0">
    <subfield code="a">Art, Modern</subfield>
    <subfield code="y">20th century</subfield>
    <subfield code="v">Exhibitions.</subfield>
  </datafield>
  <datafield tag="650" ind1=" " ind2="0">
    <subfield code="a">Art, Argentine</subfield>
    <subfield code="v">Exhibitions.</subfield>
  </datafield>
  <datafield tag="650" ind1=" " ind2="7">
    <subfield code="a">Art, Argentine.</subfield>
    <subfield code="2">fast</subfield>
    <subfield code="0">(OCoLC)fst00815940</subfield>
  </datafield>
  <datafield tag="650" ind1=" " ind2="7">
    <subfield code="a">Art, Modern.</subfield>
    <subfield code="2">fast</subfield>
    <subfield code="0">(OCoLC)fst00816615</subfield>
  </datafield>
  <datafield tag="648" ind1=" " ind2="7">
    <subfield code="a">1900 - 1999</subfield>
    <subfield code="2">fast</subfield>
  </datafield>
  <datafield tag="655" ind1=" " ind2="7">
    <subfield code="a">Exhibition catalogs.</subfield>
    <subfield code="2">fast</subfield>
    <subfield code="0">(OCoLC)fst01424028</subfield>
  </datafield>
  <datafield tag="700" ind1="1" ind2=" ">
    <subfield code="a">Elia, Roberto Horacio,</subfield>
    <subfield code="d">1950-</subfield>
  </datafield>
  <datafield tag="700" ind1="1" ind2=" ">
    <subfield code="a">Macchi, Jorge,</subfield>
    <subfield code="d">1963-</subfield>
  </datafield>
  <datafield tag="700" ind1="1" ind2=" ">
    <subfield code="a">Reyna, Martin,</subfield>
    <subfield code="d">1964-</subfield>
  </datafield>
  <datafield tag="700" ind1="1" ind2=" ">
    <subfield code="a">Suárez, Pablo,</subfield>
    <subfield code="d">1937-</subfield>
  </datafield>
  <datafield tag="700" ind1="1" ind2=" ">
    <subfield code="a">Cyroulnik, Philippe.</subfield>
  </datafield>
  <datafield tag="700" ind1="1" ind2=" ">
    <subfield code="a">Glusberg, Jorge.</subfield>
  </datafield>
  <datafield tag="710" ind1="2" ind2=" ">
    <subfield code="a">Association française d'action artistique.</subfield>
  </datafield>
  <datafield tag="710" ind1="2" ind2=" ">
    <subfield code="a">Centre d'art d'Ivry.</subfield>
  </datafield>
  <datafield tag="776" ind1="0" ind2="8">
    <subfield code="i">Print version:</subfield>
    <subfield code="t">Atelier de Buenos Aires.</subfield>
    <subfield code="d">[Paris?] : CREDAC/AFAA, 1991</subfield>
    <subfield code="w">(OCoLC)34707448</subfield>
  </datafield>
  <datafield tag="856" ind1="4" ind2="0">
    <subfield code="3">Google</subfield>
    <subfield code="u">http://books.google.com/books?id=jEFdAAAAMAAJ</subfield>
  </datafield>
  
  
</record>