<record xmlns="http://www.loc.gov/MARC21/slim" xmlns:zs="http://docs.oasis-open.org/ns/search-ws/sruResponse">
  <leader>01648cam a2200457   4500</leader>
  <controlfield tag="001">ocm00481159 </controlfield>
  <controlfield tag="003">OCoLC</controlfield>
  <controlfield tag="005">20160311224530.0</controlfield>
  <controlfield tag="008">720717s1971    enkac    b    000 0 eng  </controlfield>
  <datafield tag="010" ind1=" " ind2=" ">
    <subfield code="a">   71131893 </subfield>
  </datafield>
  <datafield tag="040" ind1=" " ind2=" ">
    <subfield code="a">DLC</subfield>
    <subfield code="b">eng</subfield>
    <subfield code="c">DLC</subfield>
    <subfield code="d">OCL</subfield>
    <subfield code="d">OCLCQ</subfield>
    <subfield code="d">BTCTA</subfield>
    <subfield code="d">OCLCG</subfield>
    <subfield code="d">GBVCP</subfield>
    <subfield code="d">OCLCO</subfield>
    <subfield code="d">OCLCQ</subfield>
  </datafield>
  <datafield tag="015" ind1=" " ind2=" ">
    <subfield code="a">GB7128035</subfield>
    <subfield code="2">bnb</subfield>
  </datafield>
  <datafield tag="016" ind1="7" ind2=" ">
    <subfield code="a">030-56202</subfield>
    <subfield code="2">uk</subfield>
  </datafield>
  <datafield tag="020" ind1=" " ind2=" ">
    <subfield code="a">0305620274</subfield>
  </datafield>
  <datafield tag="020" ind1=" " ind2=" ">
    <subfield code="a">9780305620271</subfield>
  </datafield>
  <datafield tag="020" ind1=" " ind2=" ">
    <subfield code="a">0670639559</subfield>
    <subfield code="q">(U.S.)</subfield>
  </datafield>
  <datafield tag="020" ind1=" " ind2=" ">
    <subfield code="a">9780670639557</subfield>
    <subfield code="q">(U.S.)</subfield>
  </datafield>
  <datafield tag="035" ind1=" " ind2=" ">
    <subfield code="a">(OCoLC)481159</subfield>
  </datafield>
  <datafield tag="050" ind1="0" ind2="0">
    <subfield code="a">PR5435.Z9</subfield>
    <subfield code="b">R6</subfield>
  </datafield>
  <datafield tag="082" ind1="0" ind2="0">
    <subfield code="a">821/.7</subfield>
  </datafield>
  <datafield tag="088" ind1=" " ind2=" ">
    <subfield code="a">71131893</subfield>
  </datafield>
  <datafield tag="100" ind1="1" ind2=" ">
    <subfield code="a">Robertson, Graham,</subfield>
    <subfield code="e">compiler.</subfield>
  </datafield>
  <datafield tag="245" ind1="1" ind2="0">
    <subfield code="a">Shelley.</subfield>
  </datafield>
  <datafield tag="260" ind1=" " ind2=" ">
    <subfield code="a">London,</subfield>
    <subfield code="b">Jackdaw Publications;</subfield>
    <subfield code="a">New York,</subfield>
    <subfield code="b">Grossman</subfield>
    <subfield code="c">[1971]</subfield>
  </datafield>
  <datafield tag="300" ind1=" " ind2=" ">
    <subfield code="a">1 portfolio.</subfield>
    <subfield code="b">illustrations, portraits</subfield>
    <subfield code="c">23 x 35 cm.</subfield>
  </datafield>
  <datafield tag="336" ind1=" " ind2=" ">
    <subfield code="a">text</subfield>
    <subfield code="b">txt</subfield>
    <subfield code="2">rdacontent</subfield>
  </datafield>
  <datafield tag="337" ind1=" " ind2=" ">
    <subfield code="a">unmediated</subfield>
    <subfield code="b">n</subfield>
    <subfield code="2">rdamedia</subfield>
  </datafield>
  <datafield tag="490" ind1="1" ind2=" ">
    <subfield code="a">Jackdaw</subfield>
    <subfield code="v">no. 112</subfield>
  </datafield>
  <datafield tag="500" ind1=" " ind2=" ">
    <subfield code="a">Introductory folder ([4] p.), 6 sheets containing 12 reproductions of contemporary documents, chronological table and 4 explanatory broadsheets in portfolio.</subfield>
  </datafield>
  <datafield tag="504" ind1=" " ind2=" ">
    <subfield code="a">Includes bibliographical references (page 4 (folder)).</subfield>
  </datafield>
  <datafield tag="600" ind1="1" ind2="0">
    <subfield code="a">Shelley, Percy Bysshe,</subfield>
    <subfield code="d">1792-1822.</subfield>
  </datafield>
  <datafield tag="650" ind1=" " ind2="0">
    <subfield code="a">Poets, English</subfield>
    <subfield code="y">19th century</subfield>
    <subfield code="x">Biography</subfield>
    <subfield code="x">Sources</subfield>
    <subfield code="v">Facsimiles.</subfield>
  </datafield>
  <datafield tag="653" ind1=" " ind2="0">
    <subfield code="a">Poets, English</subfield>
    <subfield code="a">19th century</subfield>
    <subfield code="a">Biography</subfield>
    <subfield code="a">Sources</subfield>
    <subfield code="a">Facsimiles</subfield>
  </datafield>
  <datafield tag="653" ind1=" " ind2="0">
    <subfield code="a">Shelley, Percy Bysshe</subfield>
    <subfield code="a">1792-1822</subfield>
  </datafield>
  <datafield tag="830" ind1=" " ind2="0">
    <subfield code="a">Jackdaw ;</subfield>
    <subfield code="v">no. 112.</subfield>
  </datafield>
  
  
  
  
  
  
</record>