<record xmlns="http://www.loc.gov/MARC21/slim" xmlns:zs="http://docs.oasis-open.org/ns/search-ws/sruResponse">
  <leader>01854cam a2200505Ka 4500</leader>
  <controlfield tag="001">ocm27781174 </controlfield>
  <controlfield tag="003">OCoLC</controlfield>
  <controlfield tag="005">20160311225149.0</controlfield>
  <controlfield tag="008">930323s1992    fr            000 0 fre d</controlfield>
  <datafield tag="040" ind1=" " ind2=" ">
    <subfield code="a">FPU</subfield>
    <subfield code="b">fre</subfield>
    <subfield code="c">FPU</subfield>
    <subfield code="d">ZWZ</subfield>
    <subfield code="d">VA@</subfield>
    <subfield code="d">OCLCF</subfield>
    <subfield code="d">OCLCQ</subfield>
    <subfield code="d">OCLCO</subfield>
  </datafield>
  <datafield tag="020" ind1=" " ind2=" ">
    <subfield code="a">2909728064</subfield>
    <subfield code="q">(v. 1)</subfield>
  </datafield>
  <datafield tag="020" ind1=" " ind2=" ">
    <subfield code="a">9782909728063</subfield>
    <subfield code="q">(v. 1)</subfield>
  </datafield>
  <datafield tag="020" ind1=" " ind2=" ">
    <subfield code="a">2909728072</subfield>
    <subfield code="q">(v. 2)</subfield>
  </datafield>
  <datafield tag="020" ind1=" " ind2=" ">
    <subfield code="a">9782909728070</subfield>
    <subfield code="q">(v. 2)</subfield>
  </datafield>
  <datafield tag="020" ind1=" " ind2=" ">
    <subfield code="a">2909728080</subfield>
    <subfield code="q">(v. 3)</subfield>
  </datafield>
  <datafield tag="020" ind1=" " ind2=" ">
    <subfield code="a">9782909728087</subfield>
    <subfield code="q">(v. 3)</subfield>
  </datafield>
  <datafield tag="035" ind1=" " ind2=" ">
    <subfield code="a">(OCoLC)27781174</subfield>
  </datafield>
  <datafield tag="050" ind1="1" ind2="4">
    <subfield code="a">RM316</subfield>
    <subfield code="b">.P46 1992</subfield>
  </datafield>
  <datafield tag="092" ind1=" " ind2=" ">
    <subfield code="a">363.45</subfield>
    <subfield code="f">PEN</subfield>
  </datafield>
  <datafield tag="245" ind1="0" ind2="0">
    <subfield code="a">Penser la drogue, penser les drogues.</subfield>
  </datafield>
  <datafield tag="260" ind1=" " ind2=" ">
    <subfield code="a">Paris :</subfield>
    <subfield code="b">Editions Descartes,</subfield>
    <subfield code="c">©1992.</subfield>
  </datafield>
  <datafield tag="300" ind1=" " ind2=" ">
    <subfield code="a">213 p. ;</subfield>
    <subfield code="c">21 cm.</subfield>
  </datafield>
  <datafield tag="490" ind1="0" ind2=" ">
    <subfield code="a">Collection Sciences humaines.</subfield>
  </datafield>
  <datafield tag="505" ind1="0" ind2=" ">
    <subfield code="a">1. Etat des lieux / Textes réunis par Alain Ehrenberg -- 2. Les marchés interdits de la drogue : évaluation européenne des connaissances / sous la dir. de Michel Schiray -- 3. Bibliographies / Textes réunis par Alain Ehrenberg.</subfield>
  </datafield>
  <datafield tag="650" ind1=" " ind2="0">
    <subfield code="a">Drugs of abuse.</subfield>
  </datafield>
  <datafield tag="650" ind1=" " ind2="0">
    <subfield code="a">Alcohol.</subfield>
  </datafield>
  <datafield tag="650" ind1=" " ind2="0">
    <subfield code="a">Drug traffic.</subfield>
  </datafield>
  <datafield tag="650" ind1=" " ind2="0">
    <subfield code="a">Psychotropic drugs.</subfield>
  </datafield>
  <datafield tag="650" ind1=" " ind2="7">
    <subfield code="a">Troubles liés à une substance.</subfield>
    <subfield code="2">fmesh</subfield>
  </datafield>
  <datafield tag="650" ind1=" " ind2="7">
    <subfield code="a">Politique sanitaire.</subfield>
    <subfield code="2">fmesh</subfield>
  </datafield>
  <datafield tag="650" ind1=" " ind2="7">
    <subfield code="a">Drogues fabriquées clandestinement.</subfield>
    <subfield code="2">fmesh</subfield>
  </datafield>
  <datafield tag="650" ind1=" " ind2="7">
    <subfield code="a">Alcohol.</subfield>
    <subfield code="2">fast</subfield>
    <subfield code="0">(OCoLC)fst00804264</subfield>
  </datafield>
  <datafield tag="650" ind1=" " ind2="7">
    <subfield code="a">Drug traffic.</subfield>
    <subfield code="2">fast</subfield>
    <subfield code="0">(OCoLC)fst00898722</subfield>
  </datafield>
  <datafield tag="650" ind1=" " ind2="7">
    <subfield code="a">Drugs of abuse.</subfield>
    <subfield code="2">fast</subfield>
    <subfield code="0">(OCoLC)fst00898981</subfield>
  </datafield>
  <datafield tag="650" ind1=" " ind2="7">
    <subfield code="a">Psychotropic drugs.</subfield>
    <subfield code="2">fast</subfield>
    <subfield code="0">(OCoLC)fst01081826</subfield>
  </datafield>
  <datafield tag="650" ind1=" " ind2="7">
    <subfield code="a">Drogues</subfield>
    <subfield code="x">Droit.</subfield>
    <subfield code="2">ram</subfield>
  </datafield>
  <datafield tag="650" ind1=" " ind2="7">
    <subfield code="a">Drogues</subfield>
    <subfield code="x">Trafic.</subfield>
    <subfield code="2">ram</subfield>
  </datafield>
  <datafield tag="650" ind1=" " ind2="7">
    <subfield code="a">Alcool</subfield>
    <subfield code="x">Toxicologie.</subfield>
    <subfield code="2">ram</subfield>
  </datafield>
  <datafield tag="650" ind1=" " ind2="7">
    <subfield code="a">Toxicomanie.</subfield>
    <subfield code="2">ram</subfield>
  </datafield>
  <datafield tag="650" ind1=" " ind2="7">
    <subfield code="a">Trafiquants de drogues.</subfield>
    <subfield code="2">ram</subfield>
  </datafield>
  <datafield tag="700" ind1="1" ind2=" ">
    <subfield code="a">Ehrenberg, Alain,</subfield>
    <subfield code="e">dir.</subfield>
  </datafield>
  <datafield tag="700" ind1="1" ind2=" ">
    <subfield code="a">Schiray, Michel,</subfield>
    <subfield code="e">dir.</subfield>
  </datafield>
  
  
  
</record>