<record xmlns="http://www.loc.gov/MARC21/slim" xmlns:zs="http://docs.oasis-open.org/ns/search-ws/sruResponse">
  <leader>02401cam a2200421Ia 4500</leader>
  <controlfield tag="001">ocm49329486 </controlfield>
  <controlfield tag="003">OCoLC</controlfield>
  <controlfield tag="005">20160311225233.0</controlfield>
  <controlfield tag="008">020204s2002    fr c     b    000 0 fre d</controlfield>
  <datafield tag="040" ind1=" " ind2=" ">
    <subfield code="a">EQO</subfield>
    <subfield code="b">eng</subfield>
    <subfield code="c">EQO</subfield>
    <subfield code="d">XLM</subfield>
    <subfield code="d">OCLCQ</subfield>
    <subfield code="d">LVB</subfield>
    <subfield code="d">OCLCF</subfield>
    <subfield code="d">OCLCQ</subfield>
    <subfield code="d">OCLCO</subfield>
  </datafield>
  <datafield tag="020" ind1=" " ind2=" ">
    <subfield code="a">2707317802</subfield>
  </datafield>
  <datafield tag="020" ind1=" " ind2=" ">
    <subfield code="a">9782707317803</subfield>
  </datafield>
  <datafield tag="035" ind1=" " ind2=" ">
    <subfield code="a">(OCoLC)49329486</subfield>
  </datafield>
  <datafield tag="043" ind1=" " ind2=" ">
    <subfield code="a">e-fr---</subfield>
  </datafield>
  <datafield tag="050" ind1=" " ind2="4">
    <subfield code="a">PQ2637.A783</subfield>
    <subfield code="b">Z77 2002</subfield>
  </datafield>
  <datafield tag="082" ind1=" " ind2="4">
    <subfield code="a">843.91</subfield>
  </datafield>
  <datafield tag="245" ind1="0" ind2="0">
    <subfield code="a">Nathalie Sarraute :</subfield>
    <subfield code="b">ou l'usage de l'écriture /</subfield>
    <subfield code="c">[rédaction, Isabelle Chave].</subfield>
  </datafield>
  <datafield tag="260" ind1=" " ind2=" ">
    <subfield code="a">Paris :</subfield>
    <subfield code="b">Critique :</subfield>
    <subfield code="b">Diffusion Les Éditions de Minuit,</subfield>
    <subfield code="c">2002.</subfield>
  </datafield>
  <datafield tag="300" ind1=" " ind2=" ">
    <subfield code="a">141 pages :</subfield>
    <subfield code="b">portrait ;</subfield>
    <subfield code="c">22 cm</subfield>
  </datafield>
  <datafield tag="336" ind1=" " ind2=" ">
    <subfield code="a">text</subfield>
    <subfield code="b">txt</subfield>
    <subfield code="2">rdacontent</subfield>
  </datafield>
  <datafield tag="337" ind1=" " ind2=" ">
    <subfield code="a">unmediated</subfield>
    <subfield code="b">n</subfield>
    <subfield code="2">rdamedia</subfield>
  </datafield>
  <datafield tag="338" ind1=" " ind2=" ">
    <subfield code="a">volume</subfield>
    <subfield code="b">nc</subfield>
    <subfield code="2">rdacarrier</subfield>
  </datafield>
  <datafield tag="500" ind1=" " ind2=" ">
    <subfield code="a">Published as the janvier-février 2002 issue of Critique, t. 58, no 656-657.</subfield>
  </datafield>
  <datafield tag="504" ind1=" " ind2=" ">
    <subfield code="a">Includes bibliographical references.</subfield>
  </datafield>
  <datafield tag="505" ind1="0" ind2=" ">
    <subfield code="a">L'Usage de l'écriture / Antoine Compagnon et Philippe Roger -- C'est fini? / Jacques Lassalle -- Une lecture paranoïaque de l'œuvre de Nathalie Sarraute / Sabine Raffy -- Nathalie Sarraute et la recherche de la vérité / Monique Gosselin-Noat -- Enfance, généalogie d'une écriture / Pascale Foutrier -- Le présent de la parole / Dominique Rabaté -- Le roman est-il un art du langage? / Thomas Pavel -- Critique et poétique : Valéry ou Pascal / Philippe Sellier -- Le stéréoscope de Nathalie Sarraute / Christian Doumet -- Le petit pan du mur rose / Arnaud Rykner -- Nathalie Sarraute et lécriture de la mort / Ann Jefferson -- Danger de mort : la mort et ses avatars dans l'œuvre de Nathalie Sarraute / Valerie Minogue -- Nathalie Sarraute et l'Angleterre / Barbara Wright -- Six règles pour un chef-d'œuvre / Jean-Yves Tadié.</subfield>
  </datafield>
  <datafield tag="600" ind1="1" ind2="0">
    <subfield code="a">Sarraute, Nathalie</subfield>
    <subfield code="x">Criticism and interpretation.</subfield>
  </datafield>
  <datafield tag="650" ind1=" " ind2="0">
    <subfield code="a">Authors, French</subfield>
    <subfield code="y">20th century</subfield>
    <subfield code="x">History and criticism.</subfield>
  </datafield>
  <datafield tag="600" ind1="1" ind2="6">
    <subfield code="a">Sarraute, Nathalie,</subfield>
    <subfield code="d">1900-1999</subfield>
    <subfield code="x">Critique et interprétation.</subfield>
  </datafield>
  <datafield tag="600" ind1="1" ind2="7">
    <subfield code="a">Sarraute, Nathalie.</subfield>
    <subfield code="2">fast</subfield>
    <subfield code="0">(OCoLC)fst00004867</subfield>
  </datafield>
  <datafield tag="650" ind1=" " ind2="7">
    <subfield code="a">Authors, French.</subfield>
    <subfield code="2">fast</subfield>
    <subfield code="0">(OCoLC)fst00822016</subfield>
  </datafield>
  <datafield tag="648" ind1=" " ind2="7">
    <subfield code="a">1900 - 1999</subfield>
    <subfield code="2">fast</subfield>
  </datafield>
  <datafield tag="655" ind1=" " ind2="7">
    <subfield code="a">Criticism, interpretation, etc.</subfield>
    <subfield code="2">fast</subfield>
    <subfield code="0">(OCoLC)fst01411635</subfield>
  </datafield>
  <datafield tag="700" ind1="1" ind2=" ">
    <subfield code="a">Chave, Isabelle.</subfield>
  </datafield>
  <datafield tag="730" ind1="0" ind2=" ">
    <subfield code="a">Critique (Paris, France : 1946)</subfield>
  </datafield>
  
  
  
  
</record>