<record xmlns="http://www.loc.gov/MARC21/slim" xmlns:zs="http://docs.oasis-open.org/ns/search-ws/sruResponse">
  <leader>01642cam a2200409Ia 4500</leader>
  <controlfield tag="001">ocm28460532 </controlfield>
  <controlfield tag="003">OCoLC</controlfield>
  <controlfield tag="005">20160311224735.0</controlfield>
  <controlfield tag="008">930716s1979    nyu      b    000 1 eng d</controlfield>
  <datafield tag="040" ind1=" " ind2=" ">
    <subfield code="a">UND</subfield>
    <subfield code="b">eng</subfield>
    <subfield code="c">UND</subfield>
    <subfield code="d">BAKER</subfield>
    <subfield code="d">OCLCG</subfield>
    <subfield code="d">YDXCP</subfield>
    <subfield code="d">SXC</subfield>
    <subfield code="d">OCLCQ</subfield>
    <subfield code="d">OCLCO</subfield>
    <subfield code="d">OCLCF</subfield>
  </datafield>
  <datafield tag="020" ind1=" " ind2=" ">
    <subfield code="a">0451524462</subfield>
  </datafield>
  <datafield tag="020" ind1=" " ind2=" ">
    <subfield code="a">9780451524461</subfield>
  </datafield>
  <datafield tag="035" ind1=" " ind2=" ">
    <subfield code="a">(OCoLC)28460532</subfield>
  </datafield>
  <datafield tag="050" ind1=" " ind2="4">
    <subfield code="a">PS2384</subfield>
    <subfield code="b">.B55 1979</subfield>
  </datafield>
  <datafield tag="082" ind1="0" ind2="4">
    <subfield code="a">813</subfield>
  </datafield>
  <datafield tag="100" ind1="1" ind2=" ">
    <subfield code="a">Melville, Herman,</subfield>
    <subfield code="d">1819-1891.</subfield>
  </datafield>
  <datafield tag="245" ind1="1" ind2="0">
    <subfield code="a">Billy Budd, and other tales /</subfield>
    <subfield code="c">by Herman Melville ; with an afterword by Willard Thorp.</subfield>
  </datafield>
  <datafield tag="260" ind1=" " ind2=" ">
    <subfield code="a">New York :</subfield>
    <subfield code="b">New American Library,</subfield>
    <subfield code="c">1979.</subfield>
  </datafield>
  <datafield tag="300" ind1=" " ind2=" ">
    <subfield code="a">334, [2] pages ;</subfield>
    <subfield code="c">18 cm.</subfield>
  </datafield>
  <datafield tag="336" ind1=" " ind2=" ">
    <subfield code="a">text</subfield>
    <subfield code="b">txt</subfield>
    <subfield code="2">rdacontent</subfield>
  </datafield>
  <datafield tag="337" ind1=" " ind2=" ">
    <subfield code="a">unmediated</subfield>
    <subfield code="b">n</subfield>
    <subfield code="2">rdamedia</subfield>
  </datafield>
  <datafield tag="338" ind1=" " ind2=" ">
    <subfield code="a">volume</subfield>
    <subfield code="b">nc</subfield>
    <subfield code="2">rdacarrier</subfield>
  </datafield>
  <datafield tag="490" ind1="1" ind2=" ">
    <subfield code="a">A Signet classic ;</subfield>
    <subfield code="v">CE2446</subfield>
  </datafield>
  <datafield tag="500" ind1=" " ind2=" ">
    <subfield code="a">"Revised and updated bibliography."</subfield>
  </datafield>
  <datafield tag="505" ind1="0" ind2=" ">
    <subfield code="a">Billy Budd -- The piazza -- Bartleby -- Benito Cereno -- The lightning-rod man -- The Encantadas -- The Bell-Tower -- The Town-Ho's story.</subfield>
  </datafield>
  <datafield tag="650" ind1=" " ind2="0">
    <subfield code="a">Sea stories.</subfield>
  </datafield>
  <datafield tag="650" ind1=" " ind2="0">
    <subfield code="a">Adventure stories.</subfield>
  </datafield>
  <datafield tag="650" ind1=" " ind2="7">
    <subfield code="a">Adventure stories.</subfield>
    <subfield code="2">fast</subfield>
    <subfield code="0">(OCoLC)fst00797462</subfield>
  </datafield>
  <datafield tag="650" ind1=" " ind2="7">
    <subfield code="a">Sea stories.</subfield>
    <subfield code="2">fast</subfield>
    <subfield code="0">(OCoLC)fst01110122</subfield>
  </datafield>
  <datafield tag="830" ind1=" " ind2="0">
    <subfield code="a">Signet classic ;</subfield>
    <subfield code="v">CE2446.</subfield>
  </datafield>
  
  
  
  
  
  
  
</record>