<record xmlns="http://www.loc.gov/MARC21/slim" xmlns:zs="http://docs.oasis-open.org/ns/search-ws/sruResponse">
  <leader>02393cam a2200457Ia 4500</leader>
  <controlfield tag="001">ocm28757773 </controlfield>
  <controlfield tag="003">OCoLC</controlfield>
  <controlfield tag="005">20160311225812.0</controlfield>
  <controlfield tag="008">930907s1992    ru            000 0drus d</controlfield>
  <datafield tag="040" ind1=" " ind2=" ">
    <subfield code="a">CGL</subfield>
    <subfield code="b">eng</subfield>
    <subfield code="c">CGL</subfield>
    <subfield code="d">KUK</subfield>
    <subfield code="d">OCLCQ</subfield>
    <subfield code="d">OCLCG</subfield>
    <subfield code="d">OCLCQ</subfield>
    <subfield code="d">OCLCO</subfield>
    <subfield code="d">OCLCF</subfield>
    <subfield code="d">OCLCQ</subfield>
  </datafield>
  <datafield tag="020" ind1=" " ind2=" ">
    <subfield code="a">5833400066</subfield>
  </datafield>
  <datafield tag="020" ind1=" " ind2=" ">
    <subfield code="a">9785833400067</subfield>
  </datafield>
  <datafield tag="035" ind1=" " ind2=" ">
    <subfield code="a">(OCoLC)28757773</subfield>
  </datafield>
  <datafield tag="041" ind1="1" ind2=" ">
    <subfield code="a">rus</subfield>
    <subfield code="h">fre</subfield>
  </datafield>
  <datafield tag="050" ind1=" " ind2="4">
    <subfield code="a">PQ2063.S3</subfield>
    <subfield code="b">M37 1992</subfield>
  </datafield>
  <datafield tag="082" ind1="0" ind2="4">
    <subfield code="a">843.6</subfield>
    <subfield code="2">20</subfield>
  </datafield>
  <datafield tag="245" ind1="0" ind2="0">
    <subfield code="a">Markiz de Sad i XX vek /</subfield>
    <subfield code="c">[sostavlenie, sverka perevodov i kommentarii M.K. Riklina ; redaktor, A.T. Ivanov ; khudozhestvennoe oformlenie kollekt͡sii I͡U. A. Markova.</subfield>
  </datafield>
  <datafield tag="246" ind1="3" ind2=" ">
    <subfield code="a">Ad marginem: markiz de Sad i XX vek</subfield>
  </datafield>
  <datafield tag="260" ind1=" " ind2=" ">
    <subfield code="a">Moskva :</subfield>
    <subfield code="b">RIK "Kulʹtura,</subfield>
    <subfield code="c">1992.</subfield>
  </datafield>
  <datafield tag="300" ind1=" " ind2=" ">
    <subfield code="a">254 pages ;</subfield>
    <subfield code="c">20 cm.</subfield>
  </datafield>
  <datafield tag="336" ind1=" " ind2=" ">
    <subfield code="a">text</subfield>
    <subfield code="b">txt</subfield>
    <subfield code="2">rdacontent</subfield>
  </datafield>
  <datafield tag="337" ind1=" " ind2=" ">
    <subfield code="a">unmediated</subfield>
    <subfield code="b">n</subfield>
    <subfield code="2">rdamedia</subfield>
  </datafield>
  <datafield tag="338" ind1=" " ind2=" ">
    <subfield code="a">volume</subfield>
    <subfield code="b">nc</subfield>
    <subfield code="2">rdacarrier</subfield>
  </datafield>
  <datafield tag="490" ind1="1" ind2=" ">
    <subfield code="a">Ad Marginem</subfield>
  </datafield>
  <datafield tag="490" ind1="1" ind2=" ">
    <subfield code="a">Filosofii͡a po krai͡am</subfield>
  </datafield>
  <datafield tag="500" ind1=" " ind2=" ">
    <subfield code="a">"Izdanie osushchestvleno pri finansovoĭ podderzhke ministerstva inostrannykh del frant͡suzskoĭ Respubliki i pri sodeĭstvii otdela kulʹtury, nauki i mekhniki posolʹstva Frant͡sii v Moskve."</subfield>
  </datafield>
  <datafield tag="500" ind1=" " ind2=" ">
    <subfield code="a">"Ad marginem"--Cover and spine.</subfield>
  </datafield>
  <datafield tag="505" ind1="0" ind2=" ">
    <subfield code="a">Nemki v zerkalakh / Mikhail Ryklin -- Sado-mazokhizm Sada / Zhilʹber Leli -- Sad i Revoli͡ut͡sii͡a / Pʹer Klossovski -- Sad / Moris Blansho -- Sad i obychnyĭ chelovek / Zhorzh Bataĭ -- Suverennyĭ chelovek Sada / Zhorzh Bataĭ -- Nuzhno li autodafe? / Simona de Bovuar -- Literator / Alʹber Kami͡u -- Sad-I / Rolan Bart.</subfield>
  </datafield>
  <datafield tag="520" ind1=" " ind2=" ">
    <subfield code="a">Articles and commentary on Marquis de Sade by M.K. Ryklin, Gilbert Lély, Pierre Klossowski, Maurice Blanchot, Georges Bataille, Simone de Beauvoir, Albert Camus and Roland Barthes, translated from the French.</subfield>
  </datafield>
  <datafield tag="600" ind1="1" ind2="0">
    <subfield code="a">Sade,</subfield>
    <subfield code="c">marquis de,</subfield>
    <subfield code="d">1740-1814</subfield>
    <subfield code="x">Criticism and interpretation.</subfield>
  </datafield>
  <datafield tag="600" ind1="1" ind2="7">
    <subfield code="a">Sade,</subfield>
    <subfield code="c">marquis de,</subfield>
    <subfield code="d">1740-1814</subfield>
    <subfield code="2">fast</subfield>
    <subfield code="0">(OCoLC)fst00048709</subfield>
  </datafield>
  <datafield tag="655" ind1=" " ind2="7">
    <subfield code="a">Criticism, interpretation, etc.</subfield>
    <subfield code="2">fast</subfield>
    <subfield code="0">(OCoLC)fst01411635</subfield>
  </datafield>
  <datafield tag="700" ind1="1" ind2=" ">
    <subfield code="a">Ryklin, M. K.</subfield>
  </datafield>
  <datafield tag="700" ind1="1" ind2=" ">
    <subfield code="a">Ivanov, A. T.</subfield>
  </datafield>
  <datafield tag="700" ind1="1" ind2=" ">
    <subfield code="a">Markov, I͡U. A.</subfield>
  </datafield>
  <datafield tag="830" ind1=" " ind2="0">
    <subfield code="a">Ad Marginem.</subfield>
  </datafield>
  <datafield tag="830" ind1=" " ind2="0">
    <subfield code="a">Filosofii͡a po krai͡am.</subfield>
  </datafield>
  
  
  
  
</record>