<record xmlns="http://www.loc.gov/MARC21/slim" xmlns:zs="http://docs.oasis-open.org/ns/search-ws/sruResponse">
  <leader>01594cam a2200349Mi 4500</leader>
  <controlfield tag="001">ocn858326015</controlfield>
  <controlfield tag="003">OCoLC</controlfield>
  <controlfield tag="005">20160311225322.0</controlfield>
  <controlfield tag="008">860508s1986    fr       b    000 0 fre d</controlfield>
  <datafield tag="040" ind1=" " ind2=" ">
    <subfield code="a">VT2</subfield>
    <subfield code="b">eng</subfield>
    <subfield code="c">VT2</subfield>
    <subfield code="d">OCLCO</subfield>
    <subfield code="d">OCLCF</subfield>
    <subfield code="d">OCLCO</subfield>
    <subfield code="d">OCLCQ</subfield>
  </datafield>
  <datafield tag="020" ind1=" " ind2=" ">
    <subfield code="z">2020091315</subfield>
  </datafield>
  <datafield tag="035" ind1=" " ind2=" ">
    <subfield code="a">(OCoLC)858326015</subfield>
  </datafield>
  <datafield tag="050" ind1=" " ind2="4">
    <subfield code="a">PN3</subfield>
    <subfield code="b">.P64 no.65</subfield>
  </datafield>
  <datafield tag="245" ind1="0" ind2="0">
    <subfield code="a">Raconter, représenter, décrire.</subfield>
  </datafield>
  <datafield tag="260" ind1=" " ind2=" ">
    <subfield code="a">Paris :</subfield>
    <subfield code="b">Seuil,</subfield>
    <subfield code="c">1986.</subfield>
  </datafield>
  <datafield tag="300" ind1=" " ind2=" ">
    <subfield code="a">124 pages ;</subfield>
    <subfield code="c">24 cm.</subfield>
  </datafield>
  <datafield tag="336" ind1=" " ind2=" ">
    <subfield code="a">text</subfield>
    <subfield code="b">txt</subfield>
    <subfield code="2">rdacontent</subfield>
  </datafield>
  <datafield tag="337" ind1=" " ind2=" ">
    <subfield code="a">unmediated</subfield>
    <subfield code="b">n</subfield>
    <subfield code="2">rdamedia</subfield>
  </datafield>
  <datafield tag="338" ind1=" " ind2=" ">
    <subfield code="a">volume</subfield>
    <subfield code="b">nc</subfield>
    <subfield code="2">rdacarrier</subfield>
  </datafield>
  <datafield tag="490" ind1="1" ind2=" ">
    <subfield code="a">Poétique ;</subfield>
    <subfield code="v">65 (1986)</subfield>
  </datafield>
  <datafield tag="500" ind1=" " ind2=" ">
    <subfield code="a">Cover title.</subfield>
  </datafield>
  <datafield tag="504" ind1=" " ind2=" ">
    <subfield code="a">Includes bibliographical references.</subfield>
  </datafield>
  <datafield tag="505" ind1="0" ind2=" ">
    <subfield code="a">Le tableau, description et peinture / Bernard Vouilloux -- La toile déchirée / Franc Schuerewegen -- Représentation d'Henri Beyle / Martine Reid -- Note sur l'énonciation narrative / Gérard Cordesse -- Récit historique et fonction testimoniale / Philippe Carrard -- Diderot et le "conatus" de la narration / Pierre Campion -- Système et jeu dans "Sylvie" / Bruno Tritsmans -- Discussions critiques : Frontières de la narratologie / Michel Mathieu-Colas -- Frontières de l'itératif / Danièle Chatelain.</subfield>
  </datafield>
  <datafield tag="650" ind1=" " ind2="0">
    <subfield code="a">Narration (Rhetoric)</subfield>
  </datafield>
  <datafield tag="650" ind1=" " ind2="0">
    <subfield code="a">French language</subfield>
    <subfield code="x">Style.</subfield>
  </datafield>
  <datafield tag="650" ind1=" " ind2="0">
    <subfield code="a">Poetics.</subfield>
  </datafield>
  <datafield tag="650" ind1=" " ind2="7">
    <subfield code="a">French language</subfield>
    <subfield code="x">Style.</subfield>
    <subfield code="2">fast</subfield>
    <subfield code="0">(OCoLC)fst00934630</subfield>
  </datafield>
  <datafield tag="650" ind1=" " ind2="7">
    <subfield code="a">Narration (Rhetoric)</subfield>
    <subfield code="2">fast</subfield>
    <subfield code="0">(OCoLC)fst01032927</subfield>
  </datafield>
  <datafield tag="650" ind1=" " ind2="7">
    <subfield code="a">Poetics.</subfield>
    <subfield code="2">fast</subfield>
    <subfield code="0">(OCoLC)fst01067682</subfield>
  </datafield>
  <datafield tag="830" ind1=" " ind2="0">
    <subfield code="a">Poétique (Seuil) ;</subfield>
    <subfield code="v">65.</subfield>
  </datafield>
  
  
</record>