<record xmlns="http://www.loc.gov/MARC21/slim" xmlns:zs="http://docs.oasis-open.org/ns/search-ws/sruResponse">
  <leader>01235cam a22003737a 4500</leader>
  <controlfield tag="001">ocn133138969</controlfield>
  <controlfield tag="003">OCoLC</controlfield>
  <controlfield tag="005">20160311224406.0</controlfield>
  <controlfield tag="008">980521s1995    fr       b    001 0 fre  </controlfield>
  <datafield tag="040" ind1=" " ind2=" ">
    <subfield code="a">DNLM</subfield>
    <subfield code="b">eng</subfield>
    <subfield code="c">NLM</subfield>
    <subfield code="d">CUY</subfield>
    <subfield code="d">OCLCO</subfield>
    <subfield code="d">OCLCQ</subfield>
    <subfield code="d">OCLCO</subfield>
  </datafield>
  <datafield tag="016" ind1="7" ind2=" ">
    <subfield code="a">9712739</subfield>
    <subfield code="2">DNLM</subfield>
  </datafield>
  <datafield tag="020" ind1=" " ind2=" ">
    <subfield code="a">9782213595009</subfield>
  </datafield>
  <datafield tag="020" ind1=" " ind2=" ">
    <subfield code="a">2213595003</subfield>
  </datafield>
  <datafield tag="035" ind1=" " ind2=" ">
    <subfield code="a">(OCoLC)133138969</subfield>
  </datafield>
  <datafield tag="050" ind1=" " ind2="4">
    <subfield code="a">RC438</subfield>
    <subfield code="b">.E637 1995</subfield>
  </datafield>
  <datafield tag="060" ind1="0" ind2="0">
    <subfield code="a">1997 H-361</subfield>
  </datafield>
  <datafield tag="060" ind1="1" ind2="0">
    <subfield code="a">WM 140</subfield>
  </datafield>
  <datafield tag="100" ind1="1" ind2=" ">
    <subfield code="a">Ellenberger, Henri F.</subfield>
    <subfield code="q">(Henri Frédéric),</subfield>
    <subfield code="d">1905-1993.</subfield>
  </datafield>
  <datafield tag="245" ind1="1" ind2="0">
    <subfield code="a">Médecines de l'âme :</subfield>
    <subfield code="b">essais d'histoire de la folie et des guérisons psychiques /</subfield>
    <subfield code="c">Henri F. Ellenberger.</subfield>
  </datafield>
  <datafield tag="260" ind1=" " ind2=" ">
    <subfield code="a">[France] :</subfield>
    <subfield code="b">Fayard,</subfield>
    <subfield code="c">[1995]</subfield>
  </datafield>
  <datafield tag="300" ind1=" " ind2=" ">
    <subfield code="a">550 pages</subfield>
  </datafield>
  <datafield tag="336" ind1=" " ind2=" ">
    <subfield code="a">text</subfield>
    <subfield code="b">txt</subfield>
    <subfield code="2">rdacontent</subfield>
  </datafield>
  <datafield tag="337" ind1=" " ind2=" ">
    <subfield code="a">unmediated</subfield>
    <subfield code="b">n</subfield>
    <subfield code="2">rdamedia</subfield>
  </datafield>
  <datafield tag="338" ind1=" " ind2=" ">
    <subfield code="a">volume</subfield>
    <subfield code="b">nc</subfield>
    <subfield code="2">rdacarrier</subfield>
  </datafield>
  <datafield tag="504" ind1=" " ind2=" ">
    <subfield code="a">Includes bibliographical references and index.</subfield>
  </datafield>
  <datafield tag="650" ind1=" " ind2="0">
    <subfield code="a">Mental illness</subfield>
    <subfield code="x">History.</subfield>
  </datafield>
  <datafield tag="650" ind1=" " ind2="0">
    <subfield code="a">Psychiatry</subfield>
    <subfield code="x">History.</subfield>
  </datafield>
  <datafield tag="650" ind1=" " ind2="0">
    <subfield code="a">Mental illness</subfield>
    <subfield code="v">Classification</subfield>
    <subfield code="x">History.</subfield>
  </datafield>
  <datafield tag="650" ind1=" " ind2="0">
    <subfield code="a">Mental health services</subfield>
    <subfield code="x">Social aspects.</subfield>
  </datafield>
  <datafield tag="650" ind1="1" ind2="2">
    <subfield code="a">Mental Disorders</subfield>
    <subfield code="x">therapy.</subfield>
  </datafield>
  <datafield tag="650" ind1="2" ind2="2">
    <subfield code="a">Psychiatry</subfield>
    <subfield code="x">history.</subfield>
  </datafield>
  
  
  
</record>