<record xmlns="http://www.loc.gov/MARC21/slim" xmlns:zs="http://docs.oasis-open.org/ns/search-ws/sruResponse">
  <leader>02301cam a2200565Ia 4500</leader>
  <controlfield tag="001">ocm23193619 </controlfield>
  <controlfield tag="003">OCoLC</controlfield>
  <controlfield tag="005">20160311224831.0</controlfield>
  <controlfield tag="008">910306s1990    fr       b    000 0afre d</controlfield>
  <datafield tag="040" ind1=" " ind2=" ">
    <subfield code="a">FLD</subfield>
    <subfield code="b">fre</subfield>
    <subfield code="c">FLD</subfield>
    <subfield code="d">PIT</subfield>
    <subfield code="d">OCL</subfield>
    <subfield code="d">MUQ</subfield>
    <subfield code="d">OCLCQ</subfield>
    <subfield code="d">NLGGC</subfield>
    <subfield code="d">FRBML</subfield>
    <subfield code="d">CHRRO</subfield>
    <subfield code="d">BDF</subfield>
    <subfield code="d">OCLCF</subfield>
    <subfield code="d">OCLCO</subfield>
    <subfield code="d">OCLCQ</subfield>
    <subfield code="d">OCLCO</subfield>
  </datafield>
  <datafield tag="016" ind1="7" ind2=" ">
    <subfield code="a">FRBNF350731470000003</subfield>
    <subfield code="2">FrPBN</subfield>
  </datafield>
  <datafield tag="020" ind1=" " ind2=" ">
    <subfield code="a">226700626X</subfield>
  </datafield>
  <datafield tag="020" ind1=" " ind2=" ">
    <subfield code="a">9782267006261</subfield>
  </datafield>
  <datafield tag="035" ind1=" " ind2=" ">
    <subfield code="a">(OCoLC)23193619</subfield>
  </datafield>
  <datafield tag="041" ind1="1" ind2=" ">
    <subfield code="a">fre</subfield>
    <subfield code="h">ger</subfield>
  </datafield>
  <datafield tag="050" ind1=" " ind2="4">
    <subfield code="a">PT2603.E455</subfield>
    <subfield code="b">Z465 1990</subfield>
  </datafield>
  <datafield tag="082" ind1="0" ind2="4">
    <subfield code="a">920.92089924</subfield>
    <subfield code="b">BEN</subfield>
  </datafield>
  <datafield tag="084" ind1=" " ind2=" ">
    <subfield code="a">01.39</subfield>
    <subfield code="2">bcl</subfield>
  </datafield>
  <datafield tag="100" ind1="1" ind2=" ">
    <subfield code="a">Benjamin, Walter,</subfield>
    <subfield code="d">1892-1940.</subfield>
  </datafield>
  <datafield tag="240" ind1="1" ind2="0">
    <subfield code="a">Gesammelte Schriften Band VI (Extraits) Autobiographische Schriften.</subfield>
    <subfield code="l">Français</subfield>
  </datafield>
  <datafield tag="245" ind1="1" ind2="0">
    <subfield code="a">Écrits autobiographiques /</subfield>
    <subfield code="c">Walter Benjamin ; texte français de Christophe Jouanlanne et Jean-François Poirier.</subfield>
  </datafield>
  <datafield tag="260" ind1=" " ind2=" ">
    <subfield code="a">[Paris] :</subfield>
    <subfield code="b">Christian Bourgois,</subfield>
    <subfield code="c">©1990.</subfield>
  </datafield>
  <datafield tag="300" ind1=" " ind2=" ">
    <subfield code="a">422 p. ;</subfield>
    <subfield code="c">20 cm.</subfield>
  </datafield>
  <datafield tag="490" ind1="1" ind2=" ">
    <subfield code="a">Collection "Détroits."</subfield>
  </datafield>
  <datafield tag="504" ind1=" " ind2=" ">
    <subfield code="a">Includes bibliographical references (p. 419-[420]).</subfield>
  </datafield>
  <datafield tag="600" ind1="1" ind2="0">
    <subfield code="a">Benjamin, Walter,</subfield>
    <subfield code="d">1892-1940.</subfield>
  </datafield>
  <datafield tag="600" ind1="1" ind2="0">
    <subfield code="a">Benjamin, Walter,</subfield>
    <subfield code="d">1892-1940</subfield>
    <subfield code="x">Diaries.</subfield>
  </datafield>
  <datafield tag="650" ind1=" " ind2="0">
    <subfield code="a">Authors, German</subfield>
    <subfield code="y">20th century</subfield>
    <subfield code="v">Biography.</subfield>
  </datafield>
  <datafield tag="600" ind1="1" ind2="4">
    <subfield code="a">Benjamin, Walter,</subfield>
    <subfield code="d">1892-1940</subfield>
    <subfield code="x">Journal intime.</subfield>
  </datafield>
  <datafield tag="650" ind1=" " ind2="6">
    <subfield code="a">Écrivains allemands</subfield>
    <subfield code="y">20e siècle</subfield>
    <subfield code="v">Biographies.</subfield>
  </datafield>
  <datafield tag="600" ind1="1" ind2="7">
    <subfield code="a">Benjamin, Walter,</subfield>
    <subfield code="d">1892-1940</subfield>
    <subfield code="2">fast</subfield>
    <subfield code="0">(OCoLC)fst00052359</subfield>
  </datafield>
  <datafield tag="650" ind1=" " ind2="7">
    <subfield code="a">Authors, German.</subfield>
    <subfield code="2">fast</subfield>
    <subfield code="0">(OCoLC)fst00822051</subfield>
  </datafield>
  <datafield tag="600" ind1="1" ind2="7">
    <subfield code="a">Benjamin, Walter,</subfield>
    <subfield code="d">1892-1940</subfield>
    <subfield code="x">Journal intime.</subfield>
    <subfield code="2">ram</subfield>
  </datafield>
  <datafield tag="600" ind1="1" ind2="7">
    <subfield code="a">Benjamin, Walter,</subfield>
    <subfield code="d">1892-1940</subfield>
    <subfield code="x">Biographie.</subfield>
    <subfield code="2">ram</subfield>
  </datafield>
  <datafield tag="650" ind1=" " ind2="7">
    <subfield code="a">Écrivains juifs</subfield>
    <subfield code="z">Allemagne</subfield>
    <subfield code="x">20e siècle</subfield>
    <subfield code="x">Biographies.</subfield>
    <subfield code="2">ram</subfield>
  </datafield>
  <datafield tag="600" ind1="1" ind2="7">
    <subfield code="a">Benjamin, Walter</subfield>
    <subfield code="v">biographie.</subfield>
    <subfield code="2">rero</subfield>
  </datafield>
  <datafield tag="648" ind1=" " ind2="7">
    <subfield code="a">1900 - 1999</subfield>
    <subfield code="2">fast</subfield>
  </datafield>
  <datafield tag="655" ind1=" " ind2="7">
    <subfield code="a">Biography.</subfield>
    <subfield code="2">fast</subfield>
    <subfield code="0">(OCoLC)fst01423686</subfield>
  </datafield>
  <datafield tag="655" ind1=" " ind2="7">
    <subfield code="a">Diaries.</subfield>
    <subfield code="2">fast</subfield>
    <subfield code="0">(OCoLC)fst01423794</subfield>
  </datafield>
  <datafield tag="700" ind1="1" ind2=" ">
    <subfield code="a">Jouanlanne, Christophe.</subfield>
  </datafield>
  <datafield tag="700" ind1="1" ind2=" ">
    <subfield code="a">Poirier, Jean-François.</subfield>
  </datafield>
  <datafield tag="830" ind1=" " ind2="0">
    <subfield code="a">Collection "Détroits."</subfield>
  </datafield>
  <datafield tag="856" ind1="4" ind2="2">
    <subfield code="3">Notice et cote du catalogue de la Bibliothèque nationale de France</subfield>
    <subfield code="u">http://catalogue.bnf.fr/ark:/12148/cb350731475</subfield>
  </datafield>
  
  
  
  
  
  
  
</record>