<record xmlns="http://www.loc.gov/MARC21/slim" xmlns:zs="http://docs.oasis-open.org/ns/search-ws/sruResponse">
  <leader>01608cam a2200457 a 4500</leader>
  <controlfield tag="001">ocm45842127 </controlfield>
  <controlfield tag="003">OCoLC</controlfield>
  <controlfield tag="005">20160311222635.0</controlfield>
  <controlfield tag="008">010104s2000    fr       b    000 0 fre  </controlfield>
  <datafield tag="010" ind1=" " ind2=" ">
    <subfield code="a">  2001366462</subfield>
  </datafield>
  <datafield tag="040" ind1=" " ind2=" ">
    <subfield code="a">DLC</subfield>
    <subfield code="b">eng</subfield>
    <subfield code="c">DLC</subfield>
    <subfield code="d">TZT</subfield>
    <subfield code="d">GZM</subfield>
    <subfield code="d">IXA</subfield>
    <subfield code="d">MDY</subfield>
    <subfield code="d">OCLCG</subfield>
    <subfield code="d">GEBAY</subfield>
    <subfield code="d">OCLCQ</subfield>
    <subfield code="d">OCLCF</subfield>
    <subfield code="d">OCLCQ</subfield>
  </datafield>
  <datafield tag="020" ind1=" " ind2=" ">
    <subfield code="a">2844900488</subfield>
  </datafield>
  <datafield tag="020" ind1=" " ind2=" ">
    <subfield code="a">9782844900487</subfield>
  </datafield>
  <datafield tag="035" ind1=" " ind2=" ">
    <subfield code="a">(OCoLC)45842127</subfield>
  </datafield>
  <datafield tag="050" ind1="0" ind2="0">
    <subfield code="a">PQ2671.O426</subfield>
    <subfield code="b">Z55 2000</subfield>
  </datafield>
  <datafield tag="072" ind1=" " ind2="7">
    <subfield code="a">PN</subfield>
    <subfield code="2">lcco</subfield>
  </datafield>
  <datafield tag="082" ind1="1" ind2="4">
    <subfield code="a">844</subfield>
    <subfield code="2">1</subfield>
  </datafield>
  <datafield tag="100" ind1="1" ind2=" ">
    <subfield code="a">Bident, Christophe,</subfield>
    <subfield code="d">1962-</subfield>
  </datafield>
  <datafield tag="245" ind1="1" ind2="0">
    <subfield code="a">Bernard-Marie Koltès, généalogies /</subfield>
    <subfield code="c">Christophe Bident.</subfield>
  </datafield>
  <datafield tag="260" ind1=" " ind2=" ">
    <subfield code="a">Tours :</subfield>
    <subfield code="b">Farrago,</subfield>
    <subfield code="c">2000.</subfield>
  </datafield>
  <datafield tag="300" ind1=" " ind2=" ">
    <subfield code="a">118 pages ;</subfield>
    <subfield code="c">19 cm</subfield>
  </datafield>
  <datafield tag="336" ind1=" " ind2=" ">
    <subfield code="a">text</subfield>
    <subfield code="b">txt</subfield>
    <subfield code="2">rdacontent</subfield>
  </datafield>
  <datafield tag="337" ind1=" " ind2=" ">
    <subfield code="a">unmediated</subfield>
    <subfield code="b">n</subfield>
    <subfield code="2">rdamedia</subfield>
  </datafield>
  <datafield tag="338" ind1=" " ind2=" ">
    <subfield code="a">volume</subfield>
    <subfield code="b">nc</subfield>
    <subfield code="2">rdacarrier</subfield>
  </datafield>
  <datafield tag="504" ind1=" " ind2=" ">
    <subfield code="a">Includes bibliographical references.</subfield>
  </datafield>
  <datafield tag="600" ind1="1" ind2="0">
    <subfield code="a">Koltès, Bernard-Marie.</subfield>
  </datafield>
  <datafield tag="600" ind1="1" ind2="7">
    <subfield code="a">Koltès, Bernard-Marie.</subfield>
    <subfield code="2">fast</subfield>
    <subfield code="0">(OCoLC)fst00126692</subfield>
  </datafield>
  <datafield tag="600" ind1="1" ind2="7">
    <subfield code="a">Koltès, Bernard-Marie.</subfield>
    <subfield code="2">swd</subfield>
  </datafield>
  <datafield tag="653" ind1=" " ind2=" ">
    <subfield code="a">Literature</subfield>
    <subfield code="a">Essay</subfield>
  </datafield>
  
  
  
  
  
  
  
  
  
  
  
  
</record>