<record xmlns="http://www.loc.gov/MARC21/slim" xmlns:zs="http://docs.oasis-open.org/ns/search-ws/sruResponse">
  <leader>04943cam a2200853Ma 4500</leader>
  <controlfield tag="001">ocm70770581 </controlfield>
  <controlfield tag="003">OCoLC</controlfield>
  <controlfield tag="005">20160311223110.0</controlfield>
  <controlfield tag="008">020419s2003    cau     ob    001 0 eng d</controlfield>
  <controlfield tag="006">m     o  u        </controlfield>
  <controlfield tag="007">cr cn|||||||||</controlfield>
  <datafield tag="040" ind1=" " ind2=" ">
    <subfield code="a">INU</subfield>
    <subfield code="b">eng</subfield>
    <subfield code="c">INU</subfield>
    <subfield code="d">OCLCG</subfield>
    <subfield code="d">CO3</subfield>
    <subfield code="d">OCLCQ</subfield>
    <subfield code="d">OCLCE</subfield>
    <subfield code="d">OCLCQ</subfield>
    <subfield code="d">DKDLA</subfield>
    <subfield code="d">ADU</subfield>
    <subfield code="d">E7B</subfield>
    <subfield code="d">HNW</subfield>
    <subfield code="d">OCLCQ</subfield>
    <subfield code="d">OCLCA</subfield>
    <subfield code="d">OCLCO</subfield>
    <subfield code="d">OCLCF</subfield>
  </datafield>
  <datafield tag="019" ind1=" " ind2=" ">
    <subfield code="a">488477545</subfield>
    <subfield code="a">606934014</subfield>
    <subfield code="a">614700783</subfield>
    <subfield code="a">646716783</subfield>
    <subfield code="a">649863617</subfield>
    <subfield code="a">713504695</subfield>
    <subfield code="a">722187945</subfield>
  </datafield>
  <datafield tag="020" ind1=" " ind2=" ">
    <subfield code="z">0804745102 (cloth : alk. paper)</subfield>
  </datafield>
  <datafield tag="020" ind1=" " ind2=" ">
    <subfield code="z">0804745110 (pbk. : alk. paper)</subfield>
  </datafield>
  <datafield tag="020" ind1=" " ind2=" ">
    <subfield code="z">9780804745109 (cloth : alk. paper)</subfield>
  </datafield>
  <datafield tag="020" ind1=" " ind2=" ">
    <subfield code="z">9780804745116 (pbk. : alk. paper)</subfield>
  </datafield>
  <datafield tag="035" ind1=" " ind2=" ">
    <subfield code="a">(OCoLC)70770581</subfield>
    <subfield code="z">(OCoLC)488477545</subfield>
    <subfield code="z">(OCoLC)606934014</subfield>
    <subfield code="z">(OCoLC)614700783</subfield>
    <subfield code="z">(OCoLC)646716783</subfield>
    <subfield code="z">(OCoLC)649863617</subfield>
    <subfield code="z">(OCoLC)713504695</subfield>
    <subfield code="z">(OCoLC)722187945</subfield>
  </datafield>
  <datafield tag="042" ind1=" " ind2=" ">
    <subfield code="a">dlr</subfield>
  </datafield>
  <datafield tag="050" ind1=" " ind2="4">
    <subfield code="a">B945.A694</subfield>
    <subfield code="b">G68 2003eb</subfield>
  </datafield>
  <datafield tag="082" ind1="0" ind2="4">
    <subfield code="a">179/.9</subfield>
    <subfield code="2">21</subfield>
  </datafield>
  <datafield tag="084" ind1=" " ind2=" ">
    <subfield code="a">17.93</subfield>
    <subfield code="2">bcl</subfield>
  </datafield>
  <datafield tag="100" ind1="1" ind2=" ">
    <subfield code="a">Gottlieb, Susannah Young-ah.</subfield>
  </datafield>
  <datafield tag="245" ind1="1" ind2="0">
    <subfield code="a">Regions of sorrow</subfield>
    <subfield code="h">[electronic resource] :</subfield>
    <subfield code="b">anxiety and messianism in Hannah Arendt and W.H. Auden /</subfield>
    <subfield code="c">Susannah Young-ah Gottlieb.</subfield>
  </datafield>
  <datafield tag="260" ind1=" " ind2=" ">
    <subfield code="a">Stanford, Calif. :</subfield>
    <subfield code="b">Stanford University Press,</subfield>
    <subfield code="c">c2003.</subfield>
  </datafield>
  <datafield tag="300" ind1=" " ind2=" ">
    <subfield code="a">1 online resource (xii, 301 p.)</subfield>
  </datafield>
  <datafield tag="336" ind1=" " ind2=" ">
    <subfield code="a">text</subfield>
    <subfield code="b">txt</subfield>
    <subfield code="2">rdacontent</subfield>
  </datafield>
  <datafield tag="337" ind1=" " ind2=" ">
    <subfield code="a">computer</subfield>
    <subfield code="b">c</subfield>
    <subfield code="2">rdamedia</subfield>
  </datafield>
  <datafield tag="338" ind1=" " ind2=" ">
    <subfield code="a">online resource</subfield>
    <subfield code="b">cr</subfield>
    <subfield code="2">rdacarrier</subfield>
  </datafield>
  <datafield tag="490" ind1="1" ind2=" ">
    <subfield code="a">Meridian</subfield>
  </datafield>
  <datafield tag="504" ind1=" " ind2=" ">
    <subfield code="a">Includes bibliographical references (p. 269-284) and index.</subfield>
  </datafield>
  <datafield tag="505" ind1="0" ind2=" ">
    <subfield code="a">Introduction : "the common life" -- Making distinctions, becoming friends -- Commensurability -- "Regions of sorrow" -- Overview of the argument -- What's missing -- -- 1. The spaces of anxiety : Arendt's "origins of totalitarianism" -- Displacement-declaration -- Fringe-sign language -- Expansion-decree -- Depth-"humbug" -- Layers-lying -- Movement-"murderous alphabet" -- Abyss-anxiety -- -- 2. "Time tormented" : Auden's "Age of anxiety" -- Order and odors : "prologue" -- Propaganda and paradise : toward Auden's poetology -- Omission and opposition : "The seven ages" -- Backward and backside : "The seven stages" -- Assimilation and simile : "The masque" -- Dumb for dead -- -- 3. Arendt's messianism : "the human condition" -- "Weak messianic force" -- Beginning and ends -- Beginning again -- -- 4. "Reflection on the right to will" : Auden's "Canzone" and Arendt's Notes on willing -- A season of melancholia -- A priceless gift -- Another will -- -- Conclusion : Going on.</subfield>
  </datafield>
  <datafield tag="588" ind1=" " ind2=" ">
    <subfield code="a">Description based on print version record.</subfield>
  </datafield>
  <datafield tag="506" ind1=" " ind2=" ">
    <subfield code="3">Use copy</subfield>
    <subfield code="f">Restrictions unspecified</subfield>
    <subfield code="2">star</subfield>
    <subfield code="5">MiAaHDL</subfield>
  </datafield>
  <datafield tag="533" ind1=" " ind2=" ">
    <subfield code="a">Electronic reproduction.</subfield>
    <subfield code="b">[S.l.] :</subfield>
    <subfield code="c">HathiTrust Digital Library,</subfield>
    <subfield code="d">2010.</subfield>
    <subfield code="5">MiAaHDL</subfield>
  </datafield>
  <datafield tag="538" ind1=" " ind2=" ">
    <subfield code="a">Master and use copy. Digital master created according to Benchmark for Faithful Digital Reproductions of Monographs and Serials, Version 1. Digital Library Federation, December 2002.</subfield>
    <subfield code="u">http://purl.oclc.org/DLF/benchrepro0212</subfield>
    <subfield code="5">MiAaHDL</subfield>
  </datafield>
  <datafield tag="583" ind1="1" ind2=" ">
    <subfield code="a">digitized</subfield>
    <subfield code="c">2010</subfield>
    <subfield code="h">HathiTrust Digital Library</subfield>
    <subfield code="l">committed to preserve</subfield>
    <subfield code="2">pda</subfield>
    <subfield code="5">MiAaHDL</subfield>
  </datafield>
  <datafield tag="600" ind1="1" ind2="0">
    <subfield code="a">Arendt, Hannah,</subfield>
    <subfield code="d">1906-1975.</subfield>
  </datafield>
  <datafield tag="600" ind1="1" ind2="0">
    <subfield code="a">Auden, W. H.</subfield>
    <subfield code="q">(Wystan Hugh),</subfield>
    <subfield code="d">1907-1973.</subfield>
  </datafield>
  <datafield tag="650" ind1=" " ind2="0">
    <subfield code="a">Anxiety</subfield>
    <subfield code="x">History</subfield>
    <subfield code="y">20th century.</subfield>
  </datafield>
  <datafield tag="650" ind1=" " ind2="0">
    <subfield code="a">Messianism</subfield>
    <subfield code="x">History</subfield>
    <subfield code="y">20th century.</subfield>
  </datafield>
  <datafield tag="650" ind1=" " ind2="0">
    <subfield code="a">Totalitarianism</subfield>
    <subfield code="x">History</subfield>
    <subfield code="y">20th century.</subfield>
  </datafield>
  <datafield tag="650" ind1=" " ind2="0">
    <subfield code="a">Anxiety in literature.</subfield>
  </datafield>
  <datafield tag="650" ind1=" " ind2="0">
    <subfield code="a">Messianism in literature.</subfield>
  </datafield>
  <datafield tag="650" ind1=" " ind2="0">
    <subfield code="a">Totalitarianism and literature.</subfield>
  </datafield>
  <datafield tag="650" ind1="1" ind2="7">
    <subfield code="a">Angst.</subfield>
    <subfield code="2">gtt</subfield>
  </datafield>
  <datafield tag="650" ind1="1" ind2="7">
    <subfield code="a">Messianisme.</subfield>
    <subfield code="2">gtt</subfield>
  </datafield>
  <datafield tag="600" ind1="1" ind2="7">
    <subfield code="a">Auden, Wystan H.</subfield>
    <subfield code="2">swd</subfield>
  </datafield>
  <datafield tag="600" ind1="1" ind2="7">
    <subfield code="a">Arendt, Hannah.</subfield>
    <subfield code="2">swd</subfield>
  </datafield>
  <datafield tag="650" ind1="0" ind2="7">
    <subfield code="a">Sorge.</subfield>
    <subfield code="2">swd</subfield>
  </datafield>
  <datafield tag="650" ind1="0" ind2="7">
    <subfield code="a">Messianismus.</subfield>
    <subfield code="2">swd</subfield>
  </datafield>
  <datafield tag="650" ind1="0" ind2="7">
    <subfield code="a">Angst.</subfield>
    <subfield code="2">swd</subfield>
  </datafield>
  <datafield tag="600" ind1="1" ind2="4">
    <subfield code="a">Arendt, Hannah.</subfield>
  </datafield>
  <datafield tag="600" ind1="1" ind2="4">
    <subfield code="a">Auden, W. H.,</subfield>
    <subfield code="d">1907-1973</subfield>
    <subfield code="q">Auden, Wystan Hugh.</subfield>
  </datafield>
  <datafield tag="600" ind1="1" ind2="7">
    <subfield code="a">Arendt, Hannah,</subfield>
    <subfield code="d">1906-1975.</subfield>
    <subfield code="2">fast</subfield>
    <subfield code="0">(OCoLC)fst01427224</subfield>
  </datafield>
  <datafield tag="600" ind1="1" ind2="7">
    <subfield code="a">Auden, W. H.</subfield>
    <subfield code="q">(Wystan Hugh),</subfield>
    <subfield code="d">1907-1973.</subfield>
    <subfield code="2">fast</subfield>
    <subfield code="0">(OCoLC)fst00035314</subfield>
  </datafield>
  <datafield tag="650" ind1=" " ind2="7">
    <subfield code="a">Anxiety.</subfield>
    <subfield code="2">fast</subfield>
    <subfield code="0">(OCoLC)fst00810950</subfield>
  </datafield>
  <datafield tag="650" ind1=" " ind2="7">
    <subfield code="a">Anxiety in literature.</subfield>
    <subfield code="2">fast</subfield>
    <subfield code="0">(OCoLC)fst00810987</subfield>
  </datafield>
  <datafield tag="650" ind1=" " ind2="7">
    <subfield code="a">Messianism.</subfield>
    <subfield code="2">fast</subfield>
    <subfield code="0">(OCoLC)fst01017438</subfield>
  </datafield>
  <datafield tag="650" ind1=" " ind2="7">
    <subfield code="a">Messianism in literature.</subfield>
    <subfield code="2">fast</subfield>
    <subfield code="0">(OCoLC)fst01017442</subfield>
  </datafield>
  <datafield tag="650" ind1=" " ind2="7">
    <subfield code="a">Totalitarianism.</subfield>
    <subfield code="2">fast</subfield>
    <subfield code="0">(OCoLC)fst01153040</subfield>
  </datafield>
  <datafield tag="650" ind1=" " ind2="7">
    <subfield code="a">Totalitarianism and literature.</subfield>
    <subfield code="2">fast</subfield>
    <subfield code="0">(OCoLC)fst01153051</subfield>
  </datafield>
  <datafield tag="648" ind1=" " ind2="7">
    <subfield code="a">1900 - 1999</subfield>
    <subfield code="2">fast</subfield>
  </datafield>
  <datafield tag="655" ind1=" " ind2="4">
    <subfield code="a">Electronic books.</subfield>
  </datafield>
  <datafield tag="655" ind1=" " ind2="7">
    <subfield code="a">History.</subfield>
    <subfield code="2">fast</subfield>
    <subfield code="0">(OCoLC)fst01411628</subfield>
  </datafield>
  <datafield tag="776" ind1="0" ind2="8">
    <subfield code="i">Print version:</subfield>
    <subfield code="a">Gottlieb, Susannah Young-ah.</subfield>
    <subfield code="t">Regions of sorrow.</subfield>
    <subfield code="d">Stanford, Calif. : Stanford University Press, c2003</subfield>
    <subfield code="w">(DLC)  2002005861</subfield>
  </datafield>
  <datafield tag="830" ind1=" " ind2="0">
    <subfield code="a">Meridian (Stanford, Calif.)</subfield>
  </datafield>
  <datafield tag="856" ind1="4" ind2="0">
    <subfield code="3">ebrary</subfield>
    <subfield code="u">http://site.ebrary.com/id/10042921</subfield>
  </datafield>
  <datafield tag="856" ind1="4" ind2="0">
    <subfield code="3">Google</subfield>
    <subfield code="u">http://books.google.com/books?id=KfbWAAAAMAAJ</subfield>
  </datafield>
  <datafield tag="856" ind1="4" ind2="0">
    <subfield code="3">HathiTrust Digital Library, Limited view (search only)</subfield>
    <subfield code="u">http://catalog.hathitrust.org/api/volumes/oclc/49699366.html</subfield>
  </datafield>
  
  
  
  
</record>