<record xmlns="http://www.loc.gov/MARC21/slim" xmlns:zs="http://docs.oasis-open.org/ns/search-ws/sruResponse">
  <leader>01896cam a2200433Ia 4500</leader>
  <controlfield tag="001">ocm17494775 </controlfield>
  <controlfield tag="003">OCoLC</controlfield>
  <controlfield tag="005">20160311225357.0</controlfield>
  <controlfield tag="008">880217s1987    wauac         000 1 eng d</controlfield>
  <datafield tag="040" ind1=" " ind2=" ">
    <subfield code="a">WAU</subfield>
    <subfield code="b">eng</subfield>
    <subfield code="c">WAU</subfield>
    <subfield code="d">HRH</subfield>
    <subfield code="d">OCLCO</subfield>
    <subfield code="d">OCLCQ</subfield>
    <subfield code="d">OCLCO</subfield>
    <subfield code="d">OCLCF</subfield>
    <subfield code="d">OCLCQ</subfield>
    <subfield code="d">OCLCO</subfield>
    <subfield code="d">OCLCQ</subfield>
  </datafield>
  <datafield tag="020" ind1=" " ind2=" ">
    <subfield code="a">0930257057</subfield>
    <subfield code="q">(pbk.)</subfield>
  </datafield>
  <datafield tag="020" ind1=" " ind2=" ">
    <subfield code="a">9780930257057</subfield>
    <subfield code="q">(pbk.)</subfield>
  </datafield>
  <datafield tag="035" ind1=" " ind2=" ">
    <subfield code="a">(OCoLC)17494775</subfield>
  </datafield>
  <datafield tag="043" ind1=" " ind2=" ">
    <subfield code="a">n-us-wa</subfield>
  </datafield>
  <datafield tag="050" ind1="1" ind2="4">
    <subfield code="a">F899.S445</subfield>
    <subfield code="b">I58 1987</subfield>
  </datafield>
  <datafield tag="050" ind1="1" ind2="4">
    <subfield code="a">PS3500.A6</subfield>
    <subfield code="b">I584 1987</subfield>
  </datafield>
  <datafield tag="245" ind1="0" ind2="4">
    <subfield code="a">The novel of Seattle, by Seattle /</subfield>
    <subfield code="c">Invisible Seattle.</subfield>
  </datafield>
  <datafield tag="246" ind1="3" ind2="0">
    <subfield code="a">Novel of Seattle</subfield>
  </datafield>
  <datafield tag="246" ind1="1" ind2=" ">
    <subfield code="i">At head of title:</subfield>
    <subfield code="a">Invisible Seattle</subfield>
  </datafield>
  <datafield tag="260" ind1=" " ind2=" ">
    <subfield code="a">[Seattle] :</subfield>
    <subfield code="b">[Function Industries Press],</subfield>
    <subfield code="c">©1987.</subfield>
  </datafield>
  <datafield tag="300" ind1=" " ind2=" ">
    <subfield code="a">246 pages :</subfield>
    <subfield code="b">illustrations, portraits ;</subfield>
    <subfield code="c">22 cm</subfield>
  </datafield>
  <datafield tag="336" ind1=" " ind2=" ">
    <subfield code="a">text</subfield>
    <subfield code="b">txt</subfield>
    <subfield code="2">rdacontent</subfield>
  </datafield>
  <datafield tag="337" ind1=" " ind2=" ">
    <subfield code="a">unmediated</subfield>
    <subfield code="b">n</subfield>
    <subfield code="2">rdamedia</subfield>
  </datafield>
  <datafield tag="338" ind1=" " ind2=" ">
    <subfield code="a">volume</subfield>
    <subfield code="b">nc</subfield>
    <subfield code="2">rdacarrier</subfield>
  </datafield>
  <datafield tag="500" ind1=" " ind2=" ">
    <subfield code="a">"Arthur Ludwig, Tillie Alberich, Terry Lawson, Hiram Shey, Eman Ortega, Edith Damion, Naomi Illgalle, Doris Schwarts, Yolanda Adams, Oliver Prendergast, Unity Parker, Wendy Einstein, Ilona Antonelli, Leon Rees"--Page [15].</subfield>
  </datafield>
  <datafield tag="500" ind1=" " ind2=" ">
    <subfield code="a">"The true text of version 5.2, set from copies of the original disks."</subfield>
  </datafield>
  <datafield tag="500" ind1=" " ind2=" ">
    <subfield code="a">Place and date of publication from p. [4] of paper wrappers.</subfield>
  </datafield>
  <datafield tag="651" ind1=" " ind2="0">
    <subfield code="a">Seattle (Wash.)</subfield>
    <subfield code="v">Fiction.</subfield>
  </datafield>
  <datafield tag="651" ind1=" " ind2="0">
    <subfield code="a">Seattle (Wash.)</subfield>
    <subfield code="v">Humor.</subfield>
  </datafield>
  <datafield tag="651" ind1=" " ind2="7">
    <subfield code="a">Washington (State)</subfield>
    <subfield code="z">Seattle.</subfield>
    <subfield code="2">fast</subfield>
    <subfield code="0">(OCoLC)fst01204940</subfield>
  </datafield>
  <datafield tag="655" ind1=" " ind2="7">
    <subfield code="a">Fiction.</subfield>
    <subfield code="2">fast</subfield>
    <subfield code="0">(OCoLC)fst01423787</subfield>
  </datafield>
  <datafield tag="655" ind1=" " ind2="7">
    <subfield code="a">Humor.</subfield>
    <subfield code="2">fast</subfield>
    <subfield code="0">(OCoLC)fst01423696</subfield>
  </datafield>
  <datafield tag="655" ind1=" " ind2="7">
    <subfield code="a">Artists' books</subfield>
    <subfield code="z">United States.</subfield>
    <subfield code="2">rbgenr</subfield>
  </datafield>
  <datafield tag="710" ind1="2" ind2=" ">
    <subfield code="a">Invisible Seattle (Group : Wash.)</subfield>
  </datafield>
  
  
  
  
  
</record>