<record xmlns="http://www.loc.gov/MARC21/slim" xmlns:zs="http://docs.oasis-open.org/ns/search-ws/sruResponse">
  <leader>01570cam a2200397Ia 4500</leader>
  <controlfield tag="001">ocm49558509 </controlfield>
  <controlfield tag="003">OCoLC</controlfield>
  <controlfield tag="005">20160311225633.0</controlfield>
  <controlfield tag="008">020411s2000    fr       b    000 0 fre d</controlfield>
  <datafield tag="040" ind1=" " ind2=" ">
    <subfield code="a">YYP</subfield>
    <subfield code="b">eng</subfield>
    <subfield code="c">YYP</subfield>
    <subfield code="d">OCLCQ</subfield>
    <subfield code="d">BNM</subfield>
    <subfield code="d">OCLCF</subfield>
    <subfield code="d">OCLCQ</subfield>
    <subfield code="d">OCLCO</subfield>
  </datafield>
  <datafield tag="020" ind1=" " ind2=" ">
    <subfield code="a">2912636043</subfield>
  </datafield>
  <datafield tag="020" ind1=" " ind2=" ">
    <subfield code="a">9782912636041</subfield>
  </datafield>
  <datafield tag="035" ind1=" " ind2=" ">
    <subfield code="a">(OCoLC)49558509</subfield>
  </datafield>
  <datafield tag="043" ind1=" " ind2=" ">
    <subfield code="a">n-us-wa</subfield>
  </datafield>
  <datafield tag="050" ind1=" " ind2="4">
    <subfield code="a">DS135.S7</subfield>
    <subfield code="b">C67 2000</subfield>
  </datafield>
  <datafield tag="100" ind1="1" ind2=" ">
    <subfield code="a">Corman, Claude.</subfield>
  </datafield>
  <datafield tag="245" ind1="1" ind2="0">
    <subfield code="a">Sur la piste des Marranes :</subfield>
    <subfield code="b">de Sefarad à Seattle /</subfield>
    <subfield code="c">Claude Corman.</subfield>
  </datafield>
  <datafield tag="260" ind1=" " ind2=" ">
    <subfield code="a">[Bègles, France?] :</subfield>
    <subfield code="b">Éditions du Passant,</subfield>
    <subfield code="c">2000.</subfield>
  </datafield>
  <datafield tag="300" ind1=" " ind2=" ">
    <subfield code="a">115 pages ;</subfield>
    <subfield code="c">18 cm.</subfield>
  </datafield>
  <datafield tag="336" ind1=" " ind2=" ">
    <subfield code="a">text</subfield>
    <subfield code="b">txt</subfield>
    <subfield code="2">rdacontent</subfield>
  </datafield>
  <datafield tag="337" ind1=" " ind2=" ">
    <subfield code="a">unmediated</subfield>
    <subfield code="b">n</subfield>
    <subfield code="2">rdamedia</subfield>
  </datafield>
  <datafield tag="338" ind1=" " ind2=" ">
    <subfield code="a">volume</subfield>
    <subfield code="b">nc</subfield>
    <subfield code="2">rdacarrier</subfield>
  </datafield>
  <datafield tag="490" ind1="1" ind2=" ">
    <subfield code="a">Poches de résistance</subfield>
  </datafield>
  <datafield tag="504" ind1=" " ind2=" ">
    <subfield code="a">Includes bibliographical references (pages 105-113).</subfield>
  </datafield>
  <datafield tag="650" ind1=" " ind2="0">
    <subfield code="a">Marranos</subfield>
    <subfield code="z">Washington (State)</subfield>
    <subfield code="z">Seattle.</subfield>
  </datafield>
  <datafield tag="650" ind1=" " ind2="0">
    <subfield code="a">Marranos</subfield>
    <subfield code="x">History.</subfield>
  </datafield>
  <datafield tag="650" ind1=" " ind2="7">
    <subfield code="a">Judeoconversos</subfield>
    <subfield code="x">Identidad cultural</subfield>
    <subfield code="v">Historia.</subfield>
    <subfield code="2">embne</subfield>
  </datafield>
  <datafield tag="650" ind1=" " ind2="7">
    <subfield code="a">Marranos.</subfield>
    <subfield code="2">fast</subfield>
    <subfield code="0">(OCoLC)fst01010435</subfield>
  </datafield>
  <datafield tag="651" ind1=" " ind2="7">
    <subfield code="a">Washington (State)</subfield>
    <subfield code="z">Seattle.</subfield>
    <subfield code="2">fast</subfield>
    <subfield code="0">(OCoLC)fst01204940</subfield>
  </datafield>
  <datafield tag="655" ind1=" " ind2="7">
    <subfield code="a">History.</subfield>
    <subfield code="2">fast</subfield>
    <subfield code="0">(OCoLC)fst01411628</subfield>
  </datafield>
  <datafield tag="776" ind1="0" ind2="8">
    <subfield code="i">Online version:</subfield>
    <subfield code="a">Corman, Claude.</subfield>
    <subfield code="t">Sur la piste des Marranes.</subfield>
    <subfield code="d">[Bègles, France?] : Éditions du Passant, 2000</subfield>
    <subfield code="w">(OCoLC)609402896</subfield>
  </datafield>
  <datafield tag="830" ind1=" " ind2="0">
    <subfield code="a">Collection Poches de résistance.</subfield>
  </datafield>
  
  
  
  
</record>