<record xmlns="http://www.loc.gov/MARC21/slim" xmlns:zs="http://docs.oasis-open.org/ns/search-ws/sruResponse">
  <leader>03291cam a2200853Ia 4500</leader>
  <controlfield tag="001">ocm23603029 </controlfield>
  <controlfield tag="003">OCoLC</controlfield>
  <controlfield tag="005">20160311225458.0</controlfield>
  <controlfield tag="008">910425s1990    fr            001 0 fre d</controlfield>
  <datafield tag="040" ind1=" " ind2=" ">
    <subfield code="a">SUC</subfield>
    <subfield code="b">eng</subfield>
    <subfield code="c">SUC</subfield>
    <subfield code="d">NOC</subfield>
    <subfield code="d">MUQ</subfield>
    <subfield code="d">OCLCQ</subfield>
    <subfield code="d">DEBBG</subfield>
    <subfield code="d">DEBSZ</subfield>
    <subfield code="d">OCLCQ</subfield>
    <subfield code="d">OCLCF</subfield>
    <subfield code="d">OCLCQ</subfield>
    <subfield code="d">OCL</subfield>
    <subfield code="d">OCLCO</subfield>
  </datafield>
  <datafield tag="020" ind1=" " ind2=" ">
    <subfield code="a">2868694411</subfield>
  </datafield>
  <datafield tag="020" ind1=" " ind2=" ">
    <subfield code="a">9782868694416</subfield>
  </datafield>
  <datafield tag="035" ind1=" " ind2=" ">
    <subfield code="a">(OCoLC)23603029</subfield>
  </datafield>
  <datafield tag="041" ind1="1" ind2=" ">
    <subfield code="a">fre</subfield>
    <subfield code="h">ger</subfield>
  </datafield>
  <datafield tag="043" ind1=" " ind2=" ">
    <subfield code="a">e-fr---</subfield>
    <subfield code="a">e-gx---</subfield>
  </datafield>
  <datafield tag="050" ind1=" " ind2="4">
    <subfield code="a">DC33</subfield>
    <subfield code="b">.A85 1990</subfield>
  </datafield>
  <datafield tag="084" ind1=" " ind2=" ">
    <subfield code="a">ID 1175</subfield>
    <subfield code="2">rvk</subfield>
  </datafield>
  <datafield tag="084" ind1=" " ind2=" ">
    <subfield code="a">IE 2275</subfield>
    <subfield code="2">rvk</subfield>
  </datafield>
  <datafield tag="130" ind1="0" ind2=" ">
    <subfield code="a">100 Schlüsselbegriffe für Deutche und Franzosen.</subfield>
    <subfield code="l">French.</subfield>
  </datafield>
  <datafield tag="245" ind1="1" ind2="0">
    <subfield code="a">Au jardin des malentendus :</subfield>
    <subfield code="b">le commerce franco-allemand des idées /</subfield>
    <subfield code="c">textes edités par Jacques Leenhardt et Robert Picht.</subfield>
  </datafield>
  <datafield tag="246" ind1="3" ind2="0">
    <subfield code="a">Commerce franco-allemand des idées</subfield>
  </datafield>
  <datafield tag="260" ind1=" " ind2=" ">
    <subfield code="a">Arles :</subfield>
    <subfield code="b">Actes Sud,</subfield>
    <subfield code="c">©1990.</subfield>
  </datafield>
  <datafield tag="300" ind1=" " ind2=" ">
    <subfield code="a">461 pages ;</subfield>
    <subfield code="c">24 cm</subfield>
  </datafield>
  <datafield tag="336" ind1=" " ind2=" ">
    <subfield code="a">text</subfield>
    <subfield code="b">txt</subfield>
    <subfield code="2">rdacontent</subfield>
  </datafield>
  <datafield tag="337" ind1=" " ind2=" ">
    <subfield code="a">unmediated</subfield>
    <subfield code="b">n</subfield>
    <subfield code="2">rdamedia</subfield>
  </datafield>
  <datafield tag="338" ind1=" " ind2=" ">
    <subfield code="a">volume</subfield>
    <subfield code="b">nc</subfield>
    <subfield code="2">rdacarrier</subfield>
  </datafield>
  <datafield tag="500" ind1=" " ind2=" ">
    <subfield code="a">Includes index.</subfield>
  </datafield>
  <datafield tag="651" ind1=" " ind2="0">
    <subfield code="a">France</subfield>
    <subfield code="x">Civilization</subfield>
    <subfield code="x">German influences.</subfield>
  </datafield>
  <datafield tag="651" ind1=" " ind2="0">
    <subfield code="a">France</subfield>
    <subfield code="x">Intellectual life.</subfield>
  </datafield>
  <datafield tag="651" ind1=" " ind2="0">
    <subfield code="a">France</subfield>
    <subfield code="x">Relations</subfield>
    <subfield code="z">Germany.</subfield>
  </datafield>
  <datafield tag="651" ind1=" " ind2="0">
    <subfield code="a">Germany</subfield>
    <subfield code="x">Civilization</subfield>
    <subfield code="x">French influences.</subfield>
  </datafield>
  <datafield tag="651" ind1=" " ind2="0">
    <subfield code="a">Germany</subfield>
    <subfield code="x">Intellectual life.</subfield>
  </datafield>
  <datafield tag="651" ind1=" " ind2="0">
    <subfield code="a">Germany</subfield>
    <subfield code="x">Relations</subfield>
    <subfield code="z">France.</subfield>
  </datafield>
  <datafield tag="650" ind1=" " ind2="6">
    <subfield code="a">Français.</subfield>
  </datafield>
  <datafield tag="650" ind1=" " ind2="6">
    <subfield code="a">Allemands.</subfield>
  </datafield>
  <datafield tag="651" ind1=" " ind2="6">
    <subfield code="a">France</subfield>
    <subfield code="x">Civilisation</subfield>
    <subfield code="x">Influence allemande.</subfield>
  </datafield>
  <datafield tag="651" ind1=" " ind2="6">
    <subfield code="a">France</subfield>
    <subfield code="x">Vie intellectuelle.</subfield>
  </datafield>
  <datafield tag="651" ind1=" " ind2="6">
    <subfield code="a">France</subfield>
    <subfield code="x">Relations</subfield>
    <subfield code="z">Allemagne.</subfield>
  </datafield>
  <datafield tag="651" ind1=" " ind2="6">
    <subfield code="a">Allemagne</subfield>
    <subfield code="x">Civilisation</subfield>
    <subfield code="x">Influence française.</subfield>
  </datafield>
  <datafield tag="651" ind1=" " ind2="6">
    <subfield code="a">Allemagne</subfield>
    <subfield code="x">Vie intellectuelle.</subfield>
  </datafield>
  <datafield tag="651" ind1=" " ind2="6">
    <subfield code="a">Allemagne</subfield>
    <subfield code="x">Relations</subfield>
    <subfield code="z">France.</subfield>
  </datafield>
  <datafield tag="650" ind1=" " ind2="7">
    <subfield code="a">Civilization</subfield>
    <subfield code="x">French influences.</subfield>
    <subfield code="2">fast</subfield>
    <subfield code="0">(OCoLC)fst00862909</subfield>
  </datafield>
  <datafield tag="650" ind1=" " ind2="7">
    <subfield code="a">Civilization</subfield>
    <subfield code="x">German influences.</subfield>
    <subfield code="2">fast</subfield>
    <subfield code="0">(OCoLC)fst01352366</subfield>
  </datafield>
  <datafield tag="650" ind1=" " ind2="7">
    <subfield code="a">Intellectual life.</subfield>
    <subfield code="2">fast</subfield>
    <subfield code="0">(OCoLC)fst00975769</subfield>
  </datafield>
  <datafield tag="650" ind1=" " ind2="7">
    <subfield code="a">International relations.</subfield>
    <subfield code="2">fast</subfield>
    <subfield code="0">(OCoLC)fst00977053</subfield>
  </datafield>
  <datafield tag="651" ind1=" " ind2="7">
    <subfield code="a">France.</subfield>
    <subfield code="2">fast</subfield>
    <subfield code="0">(OCoLC)fst01204289</subfield>
  </datafield>
  <datafield tag="651" ind1=" " ind2="7">
    <subfield code="a">Germany.</subfield>
    <subfield code="2">fast</subfield>
    <subfield code="0">(OCoLC)fst01210272</subfield>
  </datafield>
  <datafield tag="650" ind1="0" ind2="7">
    <subfield code="a">Kulturbeziehungen.</subfield>
    <subfield code="2">swd</subfield>
  </datafield>
  <datafield tag="651" ind1=" " ind2="7">
    <subfield code="a">Deutschland.</subfield>
    <subfield code="2">swd</subfield>
  </datafield>
  <datafield tag="651" ind1=" " ind2="7">
    <subfield code="a">Frankreich.</subfield>
    <subfield code="2">swd</subfield>
  </datafield>
  <datafield tag="650" ind1=" " ind2="4">
    <subfield code="a">Allemands.</subfield>
  </datafield>
  <datafield tag="650" ind1=" " ind2="4">
    <subfield code="a">Français.</subfield>
  </datafield>
  <datafield tag="650" ind1="0" ind2="7">
    <subfield code="a">Kulturbeziehungen.</subfield>
    <subfield code="0">(DE-588)4033552-5</subfield>
    <subfield code="2">gnd</subfield>
  </datafield>
  <datafield tag="651" ind1=" " ind2="4">
    <subfield code="a">Allemagne - Civilisation - Influence française.</subfield>
  </datafield>
  <datafield tag="651" ind1=" " ind2="4">
    <subfield code="a">Allemagne - Relations - France.</subfield>
  </datafield>
  <datafield tag="651" ind1=" " ind2="4">
    <subfield code="a">Allemagne - Vie intellectuelle.</subfield>
  </datafield>
  <datafield tag="651" ind1=" " ind2="4">
    <subfield code="a">France - Civilisation - Influence allemande.</subfield>
  </datafield>
  <datafield tag="651" ind1=" " ind2="4">
    <subfield code="a">France - Relations - Allemagne.</subfield>
  </datafield>
  <datafield tag="651" ind1=" " ind2="4">
    <subfield code="a">France - Vie intellectuelle.</subfield>
  </datafield>
  <datafield tag="651" ind1=" " ind2="7">
    <subfield code="a">Deutschland.</subfield>
    <subfield code="0">(DE-588)4011882-4</subfield>
    <subfield code="2">gnd</subfield>
  </datafield>
  <datafield tag="651" ind1=" " ind2="7">
    <subfield code="a">Frankreich.</subfield>
    <subfield code="0">(DE-588)4018145-5</subfield>
    <subfield code="2">gnd</subfield>
  </datafield>
  <datafield tag="700" ind1="1" ind2=" ">
    <subfield code="a">Leenhardt, Jacques.</subfield>
  </datafield>
  <datafield tag="700" ind1="1" ind2=" ">
    <subfield code="a">Picht, Robert.</subfield>
  </datafield>
  <datafield tag="776" ind1="0" ind2="8">
    <subfield code="i">Online version:</subfield>
    <subfield code="a">100 Schlüsselbegriffe für Deutche und Franzosen. French.</subfield>
    <subfield code="t">Au jardin des malentendus.</subfield>
    <subfield code="d">Arles : Actes Sud, ©1990</subfield>
    <subfield code="w">(OCoLC)761326265</subfield>
  </datafield>
  
  
  
  
  
  
  
  
  
  
</record>