<record xmlns="http://www.loc.gov/MARC21/slim" xmlns:zs="http://docs.oasis-open.org/ns/search-ws/sruResponse">
  <leader>01653cam a2200421Ii 4500</leader>
  <controlfield tag="001">ocm06039799 </controlfield>
  <controlfield tag="003">OCoLC</controlfield>
  <controlfield tag="005">20160311224827.0</controlfield>
  <controlfield tag="008">800301m19799999fr       b    000 0afre d</controlfield>
  <datafield tag="040" ind1=" " ind2=" ">
    <subfield code="a">LUU</subfield>
    <subfield code="b">eng</subfield>
    <subfield code="c">LUU</subfield>
    <subfield code="d">OCL</subfield>
    <subfield code="d">UBA</subfield>
    <subfield code="d">OCL</subfield>
    <subfield code="d">OCLCQ</subfield>
    <subfield code="d">MUQ</subfield>
    <subfield code="d">OCLCG</subfield>
    <subfield code="d">CUY</subfield>
    <subfield code="d">B9K</subfield>
    <subfield code="d">OCLCQ</subfield>
    <subfield code="d">OCLCA</subfield>
    <subfield code="d">OCLCF</subfield>
    <subfield code="d">OCLCQ</subfield>
    <subfield code="d">OCLCO</subfield>
    <subfield code="d">OCLCQ</subfield>
  </datafield>
  <datafield tag="019" ind1=" " ind2=" ">
    <subfield code="a">350900965</subfield>
  </datafield>
  <datafield tag="020" ind1=" " ind2=" ">
    <subfield code="a">2700701216</subfield>
    <subfield code="q">(v. 1)</subfield>
  </datafield>
  <datafield tag="020" ind1=" " ind2=" ">
    <subfield code="a">9782700701210</subfield>
    <subfield code="q">(v. 1)</subfield>
  </datafield>
  <datafield tag="020" ind1=" " ind2=" ">
    <subfield code="a">2700701585</subfield>
    <subfield code="q">(v. 2)</subfield>
  </datafield>
  <datafield tag="020" ind1=" " ind2=" ">
    <subfield code="a">9782700701586</subfield>
    <subfield code="q">(v. 2)</subfield>
  </datafield>
  <datafield tag="035" ind1=" " ind2=" ">
    <subfield code="a">(OCoLC)6039799</subfield>
    <subfield code="z">(OCoLC)350900965</subfield>
  </datafield>
  <datafield tag="041" ind1="1" ind2=" ">
    <subfield code="a">fre</subfield>
    <subfield code="h">ger</subfield>
  </datafield>
  <datafield tag="050" ind1=" " ind2="4">
    <subfield code="a">PT2603.E455</subfield>
    <subfield code="b">Z5314 1979</subfield>
  </datafield>
  <datafield tag="100" ind1="1" ind2=" ">
    <subfield code="a">Benjamin, Walter,</subfield>
    <subfield code="d">1892-1940.</subfield>
  </datafield>
  <datafield tag="245" ind1="1" ind2="0">
    <subfield code="a">Correspondence /</subfield>
    <subfield code="c">Walter Benjamin. Édition établie et annotée par Gershom Scholem et Théodor W. Adorno. Traduit par Guy Petitdemange.</subfield>
  </datafield>
  <datafield tag="260" ind1=" " ind2=" ">
    <subfield code="a">Paris :</subfield>
    <subfield code="b">Aubier-Montaigne,</subfield>
    <subfield code="c">1979-</subfield>
  </datafield>
  <datafield tag="300" ind1=" " ind2=" ">
    <subfield code="a">volumes ;</subfield>
    <subfield code="c">23 cm</subfield>
  </datafield>
  <datafield tag="336" ind1=" " ind2=" ">
    <subfield code="a">text</subfield>
    <subfield code="b">txt</subfield>
    <subfield code="2">rdacontent</subfield>
  </datafield>
  <datafield tag="337" ind1=" " ind2=" ">
    <subfield code="a">unmediated</subfield>
    <subfield code="b">n</subfield>
    <subfield code="2">rdamedia</subfield>
  </datafield>
  <datafield tag="338" ind1=" " ind2=" ">
    <subfield code="a">volume</subfield>
    <subfield code="b">nc</subfield>
    <subfield code="2">rdacarrier</subfield>
  </datafield>
  <datafield tag="505" ind1="0" ind2=" ">
    <subfield code="a">1. 1910-1928.-</subfield>
  </datafield>
  <datafield tag="504" ind1=" " ind2=" ">
    <subfield code="a">Includes bibliographical references.</subfield>
  </datafield>
  <datafield tag="650" ind1=" " ind2="0">
    <subfield code="a">Authors</subfield>
    <subfield code="v">Correspondence.</subfield>
  </datafield>
  <datafield tag="600" ind1="1" ind2="4">
    <subfield code="a">Benjamin, Walter,</subfield>
    <subfield code="d">1892-1940.</subfield>
  </datafield>
  <datafield tag="650" ind1=" " ind2="7">
    <subfield code="a">Authors.</subfield>
    <subfield code="2">fast</subfield>
    <subfield code="0">(OCoLC)fst00821688</subfield>
  </datafield>
  <datafield tag="650" ind1=" " ind2="7">
    <subfield code="a">Cartas Alemas (Literatura)</subfield>
    <subfield code="2">larpcal</subfield>
  </datafield>
  <datafield tag="655" ind1=" " ind2="7">
    <subfield code="a">Records and correspondence.</subfield>
    <subfield code="2">fast</subfield>
    <subfield code="0">(OCoLC)fst01423917</subfield>
  </datafield>
  
  
  
  
  
  
</record>