<record xmlns="http://www.loc.gov/MARC21/slim" xmlns:zs="http://docs.oasis-open.org/ns/search-ws/sruResponse">
  <leader>01836cam a2200493 i 4500</leader>
  <controlfield tag="001">ocm04113896 </controlfield>
  <controlfield tag="003">OCoLC</controlfield>
  <controlfield tag="005">20160311224831.0</controlfield>
  <controlfield tag="008">780616s1977    gw       b    000 0 ger  </controlfield>
  <datafield tag="010" ind1=" " ind2=" ">
    <subfield code="a">   78353108 </subfield>
  </datafield>
  <datafield tag="040" ind1=" " ind2=" ">
    <subfield code="a">DLC</subfield>
    <subfield code="b">eng</subfield>
    <subfield code="c">DLC</subfield>
    <subfield code="d">OCLCG</subfield>
    <subfield code="d">BUF</subfield>
    <subfield code="d">HLS</subfield>
    <subfield code="d">DEBBG</subfield>
    <subfield code="d">ERN</subfield>
    <subfield code="d">OCLCO</subfield>
    <subfield code="d">OCLCA</subfield>
    <subfield code="d">OCLCF</subfield>
    <subfield code="d">OCLCQ</subfield>
  </datafield>
  <datafield tag="015" ind1=" " ind2=" ">
    <subfield code="a">GFR77-A37</subfield>
  </datafield>
  <datafield tag="020" ind1=" " ind2=" ">
    <subfield code="a">3518068458</subfield>
  </datafield>
  <datafield tag="020" ind1=" " ind2=" ">
    <subfield code="a">9783518068458</subfield>
  </datafield>
  <datafield tag="035" ind1=" " ind2=" ">
    <subfield code="a">(OCoLC)4113896</subfield>
  </datafield>
  <datafield tag="050" ind1="0" ind2="4">
    <subfield code="a">PT2603.E455</subfield>
    <subfield code="b">A6 1977</subfield>
  </datafield>
  <datafield tag="082" ind1=" " ind2="4">
    <subfield code="a">838.9</subfield>
  </datafield>
  <datafield tag="084" ind1=" " ind2=" ">
    <subfield code="a">GM 2376</subfield>
    <subfield code="2">rvk</subfield>
  </datafield>
  <datafield tag="084" ind1=" " ind2=" ">
    <subfield code="a">GM 2375</subfield>
    <subfield code="2">rvk</subfield>
  </datafield>
  <datafield tag="100" ind1="1" ind2=" ">
    <subfield code="a">Benjamin, Walter,</subfield>
    <subfield code="d">1892-1940.</subfield>
  </datafield>
  <datafield tag="245" ind1="1" ind2="0">
    <subfield code="a">Illuminationen :</subfield>
    <subfield code="b">ausgew. Schriften /</subfield>
    <subfield code="c">Walter Benjamin.</subfield>
  </datafield>
  <datafield tag="250" ind1=" " ind2=" ">
    <subfield code="a">1. Aufl.</subfield>
  </datafield>
  <datafield tag="260" ind1=" " ind2=" ">
    <subfield code="a">Frankfurt am Main :</subfield>
    <subfield code="b">Suhrkamp,</subfield>
    <subfield code="c">1977.</subfield>
  </datafield>
  <datafield tag="300" ind1=" " ind2=" ">
    <subfield code="a">422 pages ;</subfield>
    <subfield code="c">18 cm.</subfield>
  </datafield>
  <datafield tag="336" ind1=" " ind2=" ">
    <subfield code="a">text</subfield>
    <subfield code="b">txt</subfield>
    <subfield code="2">rdacontent</subfield>
  </datafield>
  <datafield tag="337" ind1=" " ind2=" ">
    <subfield code="a">unmediated</subfield>
    <subfield code="b">n</subfield>
    <subfield code="2">rdamedia</subfield>
  </datafield>
  <datafield tag="338" ind1=" " ind2=" ">
    <subfield code="a">volume</subfield>
    <subfield code="b">nc</subfield>
    <subfield code="2">rdacarrier</subfield>
  </datafield>
  <datafield tag="490" ind1="0" ind2=" ">
    <subfield code="a">Suhrkamp-Taschenbuch ;</subfield>
    <subfield code="v">345</subfield>
  </datafield>
  <datafield tag="504" ind1=" " ind2=" ">
    <subfield code="a">A bibliography of the author's works: pages 421-423.</subfield>
  </datafield>
  <datafield tag="650" ind1=" " ind2="0">
    <subfield code="a">Literature</subfield>
    <subfield code="x">History and criticism.</subfield>
  </datafield>
  <datafield tag="650" ind1=" " ind2="7">
    <subfield code="a">Literature.</subfield>
    <subfield code="2">fast</subfield>
    <subfield code="0">(OCoLC)fst00999953</subfield>
  </datafield>
  <datafield tag="655" ind1=" " ind2="7">
    <subfield code="a">Criticism, interpretation, etc.</subfield>
    <subfield code="2">fast</subfield>
    <subfield code="0">(OCoLC)fst01411635</subfield>
  </datafield>
  <datafield tag="776" ind1="0" ind2="8">
    <subfield code="i">Online version:</subfield>
    <subfield code="a">Benjamin, Walter, 1892-1940.</subfield>
    <subfield code="t">Illuminationen.</subfield>
    <subfield code="b">1. Aufl.</subfield>
    <subfield code="d">Frankfurt am Main : Suhrkamp, 1977</subfield>
    <subfield code="w">(OCoLC)561427372</subfield>
  </datafield>
  
  
  
  
  
  
  
  
  
  
  
</record>