<record xmlns="http://www.loc.gov/MARC21/slim" xmlns:zs="http://docs.oasis-open.org/ns/search-ws/sruResponse">
  <leader>05054cam a2200769 a 4500</leader>
  <controlfield tag="001">ocm44633016 </controlfield>
  <controlfield tag="003">OCoLC</controlfield>
  <controlfield tag="005">20160311224008.0</controlfield>
  <controlfield tag="008">000719s2000    enka     b    001 0 eng  </controlfield>
  <datafield tag="010" ind1=" " ind2=" ">
    <subfield code="a">   00059130 </subfield>
  </datafield>
  <datafield tag="040" ind1=" " ind2=" ">
    <subfield code="a">DLC</subfield>
    <subfield code="b">eng</subfield>
    <subfield code="c">DLC</subfield>
    <subfield code="d">KUT</subfield>
    <subfield code="d">CKK</subfield>
    <subfield code="d">OCL</subfield>
    <subfield code="d">NLGGC</subfield>
    <subfield code="d">BAKER</subfield>
    <subfield code="d">BTCTA</subfield>
    <subfield code="d">YDXCP</subfield>
    <subfield code="d">ZWZ</subfield>
    <subfield code="d">OCLCQ</subfield>
    <subfield code="d">ILU</subfield>
    <subfield code="d">BDX</subfield>
    <subfield code="d">OCLCF</subfield>
    <subfield code="d">OCLCQ</subfield>
  </datafield>
  <datafield tag="019" ind1=" " ind2=" ">
    <subfield code="a">123281434</subfield>
    <subfield code="a">492154634</subfield>
    <subfield code="a">787334237</subfield>
  </datafield>
  <datafield tag="020" ind1=" " ind2=" ">
    <subfield code="a">0333717600</subfield>
  </datafield>
  <datafield tag="020" ind1=" " ind2=" ">
    <subfield code="a">9780333717608</subfield>
  </datafield>
  <datafield tag="020" ind1=" " ind2=" ">
    <subfield code="a">0333717619</subfield>
    <subfield code="q">(pbk.)</subfield>
  </datafield>
  <datafield tag="020" ind1=" " ind2=" ">
    <subfield code="a">9780333717615</subfield>
    <subfield code="q">(pbk.)</subfield>
  </datafield>
  <datafield tag="035" ind1=" " ind2=" ">
    <subfield code="a">(OCoLC)44633016</subfield>
    <subfield code="z">(OCoLC)123281434</subfield>
    <subfield code="z">(OCoLC)492154634</subfield>
    <subfield code="z">(OCoLC)787334237</subfield>
  </datafield>
  <datafield tag="050" ind1="0" ind2="0">
    <subfield code="a">PN98.D43</subfield>
    <subfield code="b">D424 2000</subfield>
  </datafield>
  <datafield tag="082" ind1="0" ind2="0">
    <subfield code="a">149</subfield>
    <subfield code="2">21</subfield>
  </datafield>
  <datafield tag="082" ind1="0" ind2="4">
    <subfield code="a">801.95</subfield>
    <subfield code="2">21</subfield>
  </datafield>
  <datafield tag="084" ind1=" " ind2=" ">
    <subfield code="a">08.25</subfield>
    <subfield code="2">bcl</subfield>
  </datafield>
  <datafield tag="245" ind1="0" ind2="0">
    <subfield code="a">Deconstructions :</subfield>
    <subfield code="b">a user's guide /</subfield>
    <subfield code="c">edited by Nicholas Royle.</subfield>
  </datafield>
  <datafield tag="260" ind1=" " ind2=" ">
    <subfield code="a">Hampshire [England] :</subfield>
    <subfield code="b">Palgrave,</subfield>
    <subfield code="c">2000.</subfield>
  </datafield>
  <datafield tag="300" ind1=" " ind2=" ">
    <subfield code="a">xi, 312 pages :</subfield>
    <subfield code="b">illustrations ;</subfield>
    <subfield code="c">24 cm</subfield>
  </datafield>
  <datafield tag="336" ind1=" " ind2=" ">
    <subfield code="a">text</subfield>
    <subfield code="b">txt</subfield>
    <subfield code="2">rdacontent</subfield>
  </datafield>
  <datafield tag="337" ind1=" " ind2=" ">
    <subfield code="a">unmediated</subfield>
    <subfield code="b">n</subfield>
    <subfield code="2">rdamedia</subfield>
  </datafield>
  <datafield tag="338" ind1=" " ind2=" ">
    <subfield code="a">volume</subfield>
    <subfield code="b">nc</subfield>
    <subfield code="2">rdacarrier</subfield>
  </datafield>
  <datafield tag="504" ind1=" " ind2=" ">
    <subfield code="a">Includes bibliographical references and index.</subfield>
  </datafield>
  <datafield tag="505" ind1="0" ind2="0">
    <subfield code="t">What is deconstruction? /</subfield>
    <subfield code="r">Nicholas Royle --</subfield>
    <subfield code="t">Deconstruction and cultural studies: arguments for a deconstructive cultural studies /</subfield>
    <subfield code="r">Gayatri Chakravorty Spivak --</subfield>
    <subfield code="t">Deconstruction and drugs: a philosophical/literary cocktail /</subfield>
    <subfield code="r">David Boothroyd --</subfield>
    <subfield code="t">Deconstruction and ethics /</subfield>
    <subfield code="r">Geoffrey Bennington --</subfield>
    <subfield code="t">Deconstruction and feminism /</subfield>
    <subfield code="r">Diane Elam --</subfield>
    <subfield code="t">Deconstruction and fiction /</subfield>
    <subfield code="r">Derek Attridge --</subfield>
    <subfield code="t">Deconstruction and film /</subfield>
    <subfield code="r">Robert Smith --</subfield>
    <subfield code="t">Deconstruction and hermeneutics /</subfield>
    <subfield code="r">Rodolphe Gashé --</subfield>
    <subfield code="t">Deconstruction and love /</subfield>
    <subfield code="r">Peggy Kamuf --</subfield>
    <subfield code="t">Deconstruction and a poem /</subfield>
    <subfield code="r">J. Hillis Miller --</subfield>
    <subfield code="t">Deconstruction and the postcolonial /</subfield>
    <subfield code="r">Robert J.C. Young --</subfield>
    <subfield code="t">Deconstruction and psychoanalysis /</subfield>
    <subfield code="r">Maud Ellmann --</subfield>
    <subfield code="t">Deconstruction and technology /</subfield>
    <subfield code="r">Timothy Clark --</subfield>
    <subfield code="t">Deconstruction and weaving /</subfield>
    <subfield code="r">Caroline Rooney --</subfield>
    <subfield code="t">Et cetera /</subfield>
    <subfield code="r">Jacques Derrida.</subfield>
  </datafield>
  <datafield tag="520" ind1="1" ind2=" ">
    <subfield code="a">"Deconstructions: A User's Guide is a new and unusual kind of book. At once a reference work and a series of inventive essays opening up new directions for deconstruction, it is intended as an authoritative and indispensable guide. With specially commissioned essays by leading figures in the field, Deconstructions offers lucid and compelling accounts of deconstruction in relation to a wide range of topics and discourses. Subjects range from the obvious (feminism, technology, postcolonialism) to the less so (drugs, film, weaving), but each of the essays has more than one focus, exploring or opening on to further and other deconstructions.</subfield>
  </datafield>
  <datafield tag="520" ind1="8" ind2=" ">
    <subfield code="a">This book has been put together to demonstrate the ceaselessly multiple and altering contexts in which deconstructive thinking and practice are at work, both within and beyond the academy, both within and beyond what is called 'the West'."--Jacket.</subfield>
  </datafield>
  <datafield tag="650" ind1=" " ind2="0">
    <subfield code="a">Deconstruction.</subfield>
  </datafield>
  <datafield tag="650" ind1=" " ind2="7">
    <subfield code="a">Deconstruction.</subfield>
    <subfield code="2">fast</subfield>
    <subfield code="0">(OCoLC)fst00889137</subfield>
  </datafield>
  <datafield tag="650" ind1="1" ind2="7">
    <subfield code="a">Deconstructie.</subfield>
    <subfield code="2">gtt</subfield>
  </datafield>
  <datafield tag="650" ind1=" " ind2="7">
    <subfield code="a">Déconstruction.</subfield>
    <subfield code="2">ram</subfield>
  </datafield>
  <datafield tag="700" ind1="1" ind2=" ">
    <subfield code="a">Royle, Nicholas,</subfield>
    <subfield code="d">1957-</subfield>
  </datafield>
  <datafield tag="856" ind1="4" ind2="1">
    <subfield code="3">Table of contents</subfield>
    <subfield code="u">http://catdir.loc.gov/catdir/toc/hol051/00059130.html</subfield>
  </datafield>
  <datafield tag="856" ind1="4" ind2="2">
    <subfield code="3">Contributor biographical information</subfield>
    <subfield code="u">http://catdir.loc.gov/catdir/bios/hol058/00059130.html</subfield>
  </datafield>
  <datafield tag="856" ind1="4" ind2="2">
    <subfield code="3">Publisher description</subfield>
    <subfield code="u">http://catdir.loc.gov/catdir/description/hol051/00059130.html</subfield>
  </datafield>
  
  
  
  
  
  
  
  
  
  
  
  
  
  
  
  
  
  
  
  
  
  
  
  
  
  
  
  
</record>