<record xmlns="http://www.loc.gov/MARC21/slim" xmlns:zs="http://docs.oasis-open.org/ns/search-ws/sruResponse">
  <leader>02145cam a2200517Ia 4500</leader>
  <controlfield tag="001">ocm19073402 </controlfield>
  <controlfield tag="003">OCoLC</controlfield>
  <controlfield tag="005">20160311224308.0</controlfield>
  <controlfield tag="008">890127s1988    fr       b    000 0 fre d</controlfield>
  <datafield tag="040" ind1=" " ind2=" ">
    <subfield code="a">GZQ</subfield>
    <subfield code="b">eng</subfield>
    <subfield code="c">GZQ</subfield>
    <subfield code="d">OCL</subfield>
    <subfield code="d">UBA</subfield>
    <subfield code="d">OCL</subfield>
    <subfield code="d">OCLCQ</subfield>
    <subfield code="d">OCLCO</subfield>
    <subfield code="d">OCLCF</subfield>
    <subfield code="d">OCLCQ</subfield>
  </datafield>
  <datafield tag="020" ind1=" " ind2=" ">
    <subfield code="a">2070712877</subfield>
    <subfield code="q">(pt. 1)</subfield>
  </datafield>
  <datafield tag="020" ind1=" " ind2=" ">
    <subfield code="a">9782070712878</subfield>
    <subfield code="q">(pt. 1)</subfield>
  </datafield>
  <datafield tag="020" ind1=" " ind2=" ">
    <subfield code="a">2070712885</subfield>
    <subfield code="q">(pt. 2)</subfield>
  </datafield>
  <datafield tag="020" ind1=" " ind2=" ">
    <subfield code="a">9782070712885</subfield>
    <subfield code="q">(pt. 2)</subfield>
  </datafield>
  <datafield tag="035" ind1=" " ind2=" ">
    <subfield code="a">(OCoLC)19073402</subfield>
  </datafield>
  <datafield tag="041" ind1="1" ind2=" ">
    <subfield code="a">fre</subfield>
    <subfield code="h">ger</subfield>
  </datafield>
  <datafield tag="050" ind1=" " ind2="4">
    <subfield code="a">B3313.M52</subfield>
    <subfield code="b">F7 1988</subfield>
  </datafield>
  <datafield tag="082" ind1="0" ind2="4">
    <subfield code="a">199.99</subfield>
    <subfield code="b">N558, xG, v.3</subfield>
  </datafield>
  <datafield tag="100" ind1="1" ind2=" ">
    <subfield code="a">Nietzsche, Friedrich Wilhelm,</subfield>
    <subfield code="d">1844-1900.</subfield>
  </datafield>
  <datafield tag="240" ind1="1" ind2="0">
    <subfield code="a">Menschliches, Allzumenschliches.</subfield>
    <subfield code="l">French</subfield>
  </datafield>
  <datafield tag="245" ind1="1" ind2="0">
    <subfield code="a">Humain, trop humain :</subfield>
    <subfield code="b">un livre pour esprits libres /</subfield>
    <subfield code="c">Friedrich Nietzsche ; textes et variantes établis par Giorgio Colli et Mazzino Montinari ; traduits de l'allemand par Robert Rovini ; édition revue par Marc B. de Launay.</subfield>
  </datafield>
  <datafield tag="260" ind1=" " ind2=" ">
    <subfield code="a">[Paris] :</subfield>
    <subfield code="b">Gallimard,</subfield>
    <subfield code="c">©1988.</subfield>
  </datafield>
  <datafield tag="300" ind1=" " ind2=" ">
    <subfield code="a">2 volumes ;</subfield>
    <subfield code="c">23 cm.</subfield>
  </datafield>
  <datafield tag="336" ind1=" " ind2=" ">
    <subfield code="a">text</subfield>
    <subfield code="b">txt</subfield>
    <subfield code="2">rdacontent</subfield>
  </datafield>
  <datafield tag="337" ind1=" " ind2=" ">
    <subfield code="a">unmediated</subfield>
    <subfield code="b">n</subfield>
    <subfield code="2">rdamedia</subfield>
  </datafield>
  <datafield tag="338" ind1=" " ind2=" ">
    <subfield code="a">volume</subfield>
    <subfield code="b">nc</subfield>
    <subfield code="2">rdacarrier</subfield>
  </datafield>
  <datafield tag="490" ind1="1" ind2=" ">
    <subfield code="a">Œuvres philosophiques complètes / [Friedrich Nietzsche] ;</subfield>
    <subfield code="v">3</subfield>
  </datafield>
  <datafield tag="500" ind1=" " ind2=" ">
    <subfield code="a">Translation of: Menschliches, Allzumenschliches.</subfield>
  </datafield>
  <datafield tag="504" ind1=" " ind2=" ">
    <subfield code="a">Includes bibliographical references.</subfield>
  </datafield>
  <datafield tag="505" ind1="0" ind2=" ">
    <subfield code="a">v. 3. Fragments posthumes -- pt. 1 (1876-1878) -- pt. 2 (1878-1879).</subfield>
  </datafield>
  <datafield tag="650" ind1=" " ind2="0">
    <subfield code="a">Human beings.</subfield>
  </datafield>
  <datafield tag="650" ind1=" " ind2="0">
    <subfield code="a">Humanity.</subfield>
  </datafield>
  <datafield tag="650" ind1=" " ind2="7">
    <subfield code="a">Human beings.</subfield>
    <subfield code="2">fast</subfield>
    <subfield code="0">(OCoLC)fst00962832</subfield>
  </datafield>
  <datafield tag="650" ind1=" " ind2="7">
    <subfield code="a">Humanity.</subfield>
    <subfield code="2">fast</subfield>
    <subfield code="0">(OCoLC)fst00963659</subfield>
  </datafield>
  <datafield tag="650" ind1=" " ind2="7">
    <subfield code="a">Nietzche, friedrich wilhelm.</subfield>
    <subfield code="2">larpcal</subfield>
  </datafield>
  <datafield tag="650" ind1=" " ind2="7">
    <subfield code="a">Filosofia contemporanea.</subfield>
    <subfield code="2">larpcal</subfield>
  </datafield>
  <datafield tag="700" ind1="1" ind2=" ">
    <subfield code="a">Colli, Giorgio.</subfield>
  </datafield>
  <datafield tag="700" ind1="1" ind2=" ">
    <subfield code="a">Montinari, Mazzino.</subfield>
  </datafield>
  <datafield tag="700" ind1="1" ind2=" ">
    <subfield code="a">Rovini, Robert.</subfield>
  </datafield>
  <datafield tag="700" ind1="1" ind2=" ">
    <subfield code="a">Launay, Marc B. de.</subfield>
  </datafield>
  <datafield tag="800" ind1="1" ind2=" ">
    <subfield code="a">Nietzsche, Friedrich Wilhelm,</subfield>
    <subfield code="d">1844-1900.</subfield>
    <subfield code="t">Works.</subfield>
    <subfield code="l">French.</subfield>
    <subfield code="f">1975 ;</subfield>
    <subfield code="v">t. 3, pts. 1-2.</subfield>
  </datafield>
  
  
  
  
  
</record>