<record xmlns="http://www.loc.gov/MARC21/slim" xmlns:zs="http://docs.oasis-open.org/ns/search-ws/sruResponse">
  <leader>02165cam a2200541Ia 4500</leader>
  <controlfield tag="001">ocm38189903 </controlfield>
  <controlfield tag="003">OCoLC</controlfield>
  <controlfield tag="005">20160311223247.0</controlfield>
  <controlfield tag="008">980108s1997    sp a     b    000 0 spa d</controlfield>
  <datafield tag="010" ind1=" " ind2=" ">
    <subfield code="a">   98126310 </subfield>
  </datafield>
  <datafield tag="040" ind1=" " ind2=" ">
    <subfield code="a">PL#</subfield>
    <subfield code="b">eng</subfield>
    <subfield code="c">PL#</subfield>
    <subfield code="d">NYP</subfield>
    <subfield code="d">IQU</subfield>
    <subfield code="d">DLC</subfield>
    <subfield code="d">NLGGC</subfield>
    <subfield code="d">OCLCF</subfield>
    <subfield code="d">OCLCO</subfield>
    <subfield code="d">OCLCQ</subfield>
  </datafield>
  <datafield tag="020" ind1=" " ind2=" ">
    <subfield code="a">8446008793</subfield>
  </datafield>
  <datafield tag="020" ind1=" " ind2=" ">
    <subfield code="a">9788446008798</subfield>
  </datafield>
  <datafield tag="035" ind1=" " ind2=" ">
    <subfield code="a">(OCoLC)38189903</subfield>
  </datafield>
  <datafield tag="043" ind1=" " ind2=" ">
    <subfield code="a">e-sp---</subfield>
  </datafield>
  <datafield tag="050" ind1=" " ind2="4">
    <subfield code="a">BV5077.S7</subfield>
    <subfield code="b">P55 1997</subfield>
  </datafield>
  <datafield tag="084" ind1=" " ind2=" ">
    <subfield code="a">11.54</subfield>
    <subfield code="2">bcl</subfield>
  </datafield>
  <datafield tag="100" ind1="1" ind2=" ">
    <subfield code="a">Peñalver Gómez, Patricio.</subfield>
  </datafield>
  <datafield tag="245" ind1="1" ind2="3">
    <subfield code="a">La mística española :</subfield>
    <subfield code="b">siglos XVI y XVII /</subfield>
    <subfield code="c">Patricio Peñalver Gómez.</subfield>
  </datafield>
  <datafield tag="260" ind1=" " ind2=" ">
    <subfield code="a">Torrejón de Ardoz, Madrid :</subfield>
    <subfield code="b">Ediciones Akal,</subfield>
    <subfield code="c">©1997.</subfield>
  </datafield>
  <datafield tag="300" ind1=" " ind2=" ">
    <subfield code="a">112 pages :</subfield>
    <subfield code="b">illustrations ;</subfield>
    <subfield code="c">24 cm.</subfield>
  </datafield>
  <datafield tag="336" ind1=" " ind2=" ">
    <subfield code="a">text</subfield>
    <subfield code="b">txt</subfield>
    <subfield code="2">rdacontent</subfield>
  </datafield>
  <datafield tag="337" ind1=" " ind2=" ">
    <subfield code="a">unmediated</subfield>
    <subfield code="b">n</subfield>
    <subfield code="2">rdamedia</subfield>
  </datafield>
  <datafield tag="338" ind1=" " ind2=" ">
    <subfield code="a">volume</subfield>
    <subfield code="b">nc</subfield>
    <subfield code="2">rdacarrier</subfield>
  </datafield>
  <datafield tag="490" ind1="1" ind2=" ">
    <subfield code="a">Akal hipecu.</subfield>
    <subfield code="a">Historia del pensamiento y la cultura ;</subfield>
    <subfield code="v">26</subfield>
  </datafield>
  <datafield tag="504" ind1=" " ind2=" ">
    <subfield code="a">Includes bibliographical references (pages 105-108).</subfield>
  </datafield>
  <datafield tag="650" ind1=" " ind2="0">
    <subfield code="a">Mysticism</subfield>
    <subfield code="z">Spain</subfield>
    <subfield code="x">History</subfield>
    <subfield code="y">16th century.</subfield>
  </datafield>
  <datafield tag="650" ind1=" " ind2="0">
    <subfield code="a">Mysticism</subfield>
    <subfield code="z">Spain</subfield>
    <subfield code="x">History</subfield>
    <subfield code="y">17th century.</subfield>
  </datafield>
  <datafield tag="650" ind1=" " ind2="0">
    <subfield code="a">Religious literature, Spanish</subfield>
    <subfield code="x">History and criticism.</subfield>
  </datafield>
  <datafield tag="650" ind1=" " ind2="7">
    <subfield code="a">Mysticism.</subfield>
    <subfield code="2">fast</subfield>
    <subfield code="0">(OCoLC)fst01031629</subfield>
  </datafield>
  <datafield tag="650" ind1=" " ind2="7">
    <subfield code="a">Religious literature, Spanish.</subfield>
    <subfield code="2">fast</subfield>
    <subfield code="0">(OCoLC)fst01094185</subfield>
  </datafield>
  <datafield tag="651" ind1=" " ind2="7">
    <subfield code="a">Spain.</subfield>
    <subfield code="2">fast</subfield>
    <subfield code="0">(OCoLC)fst01204303</subfield>
  </datafield>
  <datafield tag="650" ind1="1" ind2="7">
    <subfield code="a">Mystiek.</subfield>
    <subfield code="2">gtt</subfield>
  </datafield>
  <datafield tag="648" ind1=" " ind2="7">
    <subfield code="a">1500 - 1699</subfield>
    <subfield code="2">fast</subfield>
  </datafield>
  <datafield tag="653" ind1=" " ind2=" ">
    <subfield code="a">Misticismo</subfield>
    <subfield code="a">España</subfield>
    <subfield code="a">Siglo XVI-XVII.</subfield>
  </datafield>
  <datafield tag="655" ind1=" " ind2="7">
    <subfield code="a">Criticism, interpretation, etc.</subfield>
    <subfield code="2">fast</subfield>
    <subfield code="0">(OCoLC)fst01411635</subfield>
  </datafield>
  <datafield tag="655" ind1=" " ind2="7">
    <subfield code="a">History.</subfield>
    <subfield code="2">fast</subfield>
    <subfield code="0">(OCoLC)fst01411628</subfield>
  </datafield>
  <datafield tag="830" ind1=" " ind2="0">
    <subfield code="a">Historia del pensamiento y la cultura ;</subfield>
    <subfield code="v">26.</subfield>
  </datafield>
  <datafield tag="856" ind1="4" ind2="2">
    <subfield code="3">Publisher description</subfield>
    <subfield code="u">http://catdir.loc.gov/catdir/enhancements/fy0837/98126310-d.html</subfield>
  </datafield>
  
  
  
  
  
  
  
  
  
</record>