<record xmlns="http://www.loc.gov/MARC21/slim" xmlns:zs="http://docs.oasis-open.org/ns/search-ws/sruResponse">
  <leader>00755cam a2200241Mi 4500</leader>
  <controlfield tag="001">ocn901741356</controlfield>
  <controlfield tag="003">OCoLC</controlfield>
  <controlfield tag="005">20160311224949.0</controlfield>
  <controlfield tag="008">150130s1988    fr            000 u fre d</controlfield>
  <datafield tag="040" ind1=" " ind2=" ">
    <subfield code="a">BEATB</subfield>
    <subfield code="b">dut</subfield>
    <subfield code="c">BEATB</subfield>
    <subfield code="d">NLGGC</subfield>
  </datafield>
  <datafield tag="020" ind1=" " ind2=" ">
    <subfield code="a">2204030090</subfield>
  </datafield>
  <datafield tag="020" ind1=" " ind2=" ">
    <subfield code="a">9782204030090</subfield>
  </datafield>
  <datafield tag="035" ind1=" " ind2=" ">
    <subfield code="a">(OCoLC)901741356</subfield>
  </datafield>
  <datafield tag="050" ind1=" " ind2="4">
    <subfield code="a">B3279.H49</subfield>
    <subfield code="b">H33 1988</subfield>
  </datafield>
  <datafield tag="100" ind1="1" ind2=" ">
    <subfield code="a">Habermas, Jürgen</subfield>
    <subfield code="4">aut,</subfield>
    <subfield code="d">1929-</subfield>
    <subfield code="0">(BE-AnANE)a::920.3170:1</subfield>
  </datafield>
  <datafield tag="245" ind1="1" ind2="0">
    <subfield code="a">Martin Heidegger :</subfield>
    <subfield code="b">l'oeuvre et l'engagement /</subfield>
    <subfield code="c">Jürgen Habermas [aut].</subfield>
  </datafield>
  <datafield tag="260" ind1=" " ind2=" ">
    <subfield code="a">Paris :</subfield>
    <subfield code="b">Cerf,</subfield>
    <subfield code="c">1988.</subfield>
  </datafield>
  <datafield tag="300" ind1=" " ind2=" ">
    <subfield code="a">73 p.</subfield>
  </datafield>
  <datafield tag="490" ind1="0" ind2=" ">
    <subfield code="a">La nuit surveillée ;</subfield>
    <subfield code="v">1988: 1</subfield>
  </datafield>
  <datafield tag="600" ind1="1" ind2="4">
    <subfield code="a">Heidegger, Martin.</subfield>
    <subfield code="0">(BE-AnANE)a::920.452:1</subfield>
  </datafield>
  
  
  
</record>