<record xmlns="http://www.loc.gov/MARC21/slim" xmlns:zs="http://docs.oasis-open.org/ns/search-ws/sruResponse">
  <leader>01882cam a2200481 a 4500</leader>
  <controlfield tag="001">ocm32114111 </controlfield>
  <controlfield tag="003">OCoLC</controlfield>
  <controlfield tag="005">20160311225705.0</controlfield>
  <controlfield tag="008">950425s1995    fr a     b    000 0 fre d</controlfield>
  <datafield tag="010" ind1=" " ind2=" ">
    <subfield code="a">   95145568 </subfield>
  </datafield>
  <datafield tag="040" ind1=" " ind2=" ">
    <subfield code="a">FRTrU-D</subfield>
    <subfield code="b">eng</subfield>
    <subfield code="c">DLC</subfield>
    <subfield code="d">SRT</subfield>
    <subfield code="d">IND</subfield>
    <subfield code="d">OCLCO</subfield>
    <subfield code="d">OCLCQ</subfield>
    <subfield code="d">OCLCF</subfield>
  </datafield>
  <datafield tag="020" ind1=" " ind2=" ">
    <subfield code="a">2226070044</subfield>
  </datafield>
  <datafield tag="020" ind1=" " ind2=" ">
    <subfield code="a">9782226070043</subfield>
  </datafield>
  <datafield tag="035" ind1=" " ind2=" ">
    <subfield code="a">(OCoLC)32114111</subfield>
  </datafield>
  <datafield tag="042" ind1=" " ind2=" ">
    <subfield code="a">lccopycat</subfield>
  </datafield>
  <datafield tag="050" ind1="0" ind2="0">
    <subfield code="a">BS538.7</subfield>
    <subfield code="b">.B547 1995</subfield>
  </datafield>
  <datafield tag="082" ind1="0" ind2="4">
    <subfield code="a">220.01</subfield>
    <subfield code="b">CEN</subfield>
  </datafield>
  <datafield tag="245" ind1="0" ind2="3">
    <subfield code="a">La Bible images, mythes et traditions.</subfield>
  </datafield>
  <datafield tag="260" ind1=" " ind2=" ">
    <subfield code="a">Paris :</subfield>
    <subfield code="b">A. Michel,</subfield>
    <subfield code="c">©1995.</subfield>
  </datafield>
  <datafield tag="300" ind1=" " ind2=" ">
    <subfield code="a">243 pages :</subfield>
    <subfield code="b">illustrations ;</subfield>
    <subfield code="c">24 cm.</subfield>
  </datafield>
  <datafield tag="336" ind1=" " ind2=" ">
    <subfield code="a">text</subfield>
    <subfield code="b">txt</subfield>
    <subfield code="2">rdacontent</subfield>
  </datafield>
  <datafield tag="337" ind1=" " ind2=" ">
    <subfield code="a">unmediated</subfield>
    <subfield code="b">n</subfield>
    <subfield code="2">rdamedia</subfield>
  </datafield>
  <datafield tag="338" ind1=" " ind2=" ">
    <subfield code="a">volume</subfield>
    <subfield code="b">nc</subfield>
    <subfield code="2">rdacarrier</subfield>
  </datafield>
  <datafield tag="490" ind1="1" ind2=" ">
    <subfield code="a">Cahiers de l'hermétisme</subfield>
  </datafield>
  <datafield tag="500" ind1=" " ind2=" ">
    <subfield code="a">"Les Journées d'études du Centre de recherches sur l'imaginaire de Grenoble, en octobre 1992"--Preface.</subfield>
  </datafield>
  <datafield tag="504" ind1=" " ind2=" ">
    <subfield code="a">Includes bibliographical references.</subfield>
  </datafield>
  <datafield tag="630" ind1="0" ind2="0">
    <subfield code="a">Bible</subfield>
    <subfield code="x">Influence.</subfield>
  </datafield>
  <datafield tag="650" ind1=" " ind2="0">
    <subfield code="a">Bible and literature.</subfield>
  </datafield>
  <datafield tag="650" ind1=" " ind2="0">
    <subfield code="a">Symbolism in the Bible.</subfield>
  </datafield>
  <datafield tag="630" ind1="0" ind2="7">
    <subfield code="a">Bible</subfield>
    <subfield code="x">Philosophie.</subfield>
    <subfield code="2">ram</subfield>
  </datafield>
  <datafield tag="630" ind1="0" ind2="7">
    <subfield code="a">Bible</subfield>
    <subfield code="x">Critique, interprétation, etc.</subfield>
    <subfield code="2">ram</subfield>
  </datafield>
  <datafield tag="650" ind1=" " ind2="7">
    <subfield code="a">Mythe dans la Bible.</subfield>
    <subfield code="2">ram</subfield>
  </datafield>
  <datafield tag="630" ind1="0" ind2="7">
    <subfield code="a">Bible.</subfield>
    <subfield code="2">fast</subfield>
    <subfield code="0">(OCoLC)fst01356024</subfield>
  </datafield>
  <datafield tag="650" ind1=" " ind2="7">
    <subfield code="a">Bible and literature.</subfield>
    <subfield code="2">fast</subfield>
    <subfield code="0">(OCoLC)fst00831217</subfield>
  </datafield>
  <datafield tag="650" ind1=" " ind2="7">
    <subfield code="a">Influence (Literary, artistic, etc.)</subfield>
    <subfield code="2">fast</subfield>
    <subfield code="0">(OCoLC)fst00972484</subfield>
  </datafield>
  <datafield tag="650" ind1=" " ind2="7">
    <subfield code="a">Symbolism in the Bible.</subfield>
    <subfield code="2">fast</subfield>
    <subfield code="0">(OCoLC)fst01140791</subfield>
  </datafield>
  <datafield tag="711" ind1="2" ind2=" ">
    <subfield code="a">Journées d'étude du Centre de recherche sur l'imaginaire</subfield>
    <subfield code="d">(1992 :</subfield>
    <subfield code="c">Grenoble, France)</subfield>
  </datafield>
  <datafield tag="830" ind1=" " ind2="0">
    <subfield code="a">Cahiers de l'hermétisme.</subfield>
  </datafield>
  
  
  
  
  
</record>