<record xmlns="http://www.loc.gov/MARC21/slim" xmlns:zs="http://docs.oasis-open.org/ns/search-ws/sruResponse">
  <leader>02466cam a2200649Li 4500</leader>
  <controlfield tag="001">ocn489778348</controlfield>
  <controlfield tag="003">OCoLC</controlfield>
  <controlfield tag="005">20160311224209.0</controlfield>
  <controlfield tag="008">980311s1997    fr     g      000 0 fre d</controlfield>
  <datafield tag="040" ind1=" " ind2=" ">
    <subfield code="a">ZWZ</subfield>
    <subfield code="e">ncafnor</subfield>
    <subfield code="b">fre</subfield>
    <subfield code="c">ZWZ</subfield>
    <subfield code="d">BDF</subfield>
    <subfield code="d">CHRRO</subfield>
    <subfield code="d">CUY</subfield>
    <subfield code="d">UQ1</subfield>
    <subfield code="d">OCLCF</subfield>
    <subfield code="d">OCLCO</subfield>
  </datafield>
  <datafield tag="015" ind1=" " ind2=" ">
    <subfield code="a">FR09822683</subfield>
  </datafield>
  <datafield tag="016" ind1="7" ind2=" ">
    <subfield code="a">FRBNF369689830000009</subfield>
    <subfield code="2">FrPBN</subfield>
  </datafield>
  <datafield tag="017" ind1=" " ind2=" ">
    <subfield code="a">DL 98-05522 (D1)</subfield>
    <subfield code="b">FR</subfield>
  </datafield>
  <datafield tag="017" ind1=" " ind2=" ">
    <subfield code="a">DL 98-05523 (D1)</subfield>
    <subfield code="b">FR</subfield>
  </datafield>
  <datafield tag="017" ind1=" " ind2=" ">
    <subfield code="a">DL 98-05524 (D1)</subfield>
    <subfield code="b">FR</subfield>
  </datafield>
  <datafield tag="020" ind1=" " ind2=" ">
    <subfield code="a">286586507X (vol.1)</subfield>
  </datafield>
  <datafield tag="020" ind1=" " ind2=" ">
    <subfield code="a">9782865865079 (vol.1)</subfield>
  </datafield>
  <datafield tag="020" ind1=" " ind2=" ">
    <subfield code="a">2865865088 (vol.2)</subfield>
  </datafield>
  <datafield tag="020" ind1=" " ind2=" ">
    <subfield code="a">9782865865086 (vol.2)</subfield>
  </datafield>
  <datafield tag="020" ind1=" " ind2=" ">
    <subfield code="a">2865865096 (vol.3)</subfield>
  </datafield>
  <datafield tag="020" ind1=" " ind2=" ">
    <subfield code="a">9782865865093 (vol.3)</subfield>
  </datafield>
  <datafield tag="035" ind1=" " ind2=" ">
    <subfield code="a">(OCoLC)489778348</subfield>
  </datafield>
  <datafield tag="037" ind1=" " ind2=" ">
    <subfield code="a">9782865865079</subfield>
  </datafield>
  <datafield tag="050" ind1="1" ind2="4">
    <subfield code="a">BF109.F74</subfield>
    <subfield code="b">L45 1997</subfield>
  </datafield>
  <datafield tag="080" ind1=" " ind2=" ">
    <subfield code="a">1</subfield>
    <subfield code="2">Éd. 1967</subfield>
  </datafield>
  <datafield tag="082" ind1="0" ind2=" ">
    <subfield code="a">100</subfield>
  </datafield>
  <datafield tag="100" ind1="1" ind2=" ">
    <subfield code="a">Lemérer, Brigitte.</subfield>
  </datafield>
  <datafield tag="245" ind1="1" ind2="0">
    <subfield code="a">Freud et Moïse :</subfield>
    <subfield code="b">écritures du père /</subfield>
    <subfield code="c">Brigitte Lemérer, François Balmès, Solal Rabinovitch.</subfield>
  </datafield>
  <datafield tag="260" ind1=" " ind2=" ">
    <subfield code="a">Ramonville Saint-Agne :</subfield>
    <subfield code="b">Érès,</subfield>
    <subfield code="c">1997</subfield>
    <subfield code="e">(46-Cahors :</subfield>
    <subfield code="f">Impr. France Quercy)</subfield>
  </datafield>
  <datafield tag="300" ind1=" " ind2=" ">
    <subfield code="a">3 vol. (108, 152, 100 p.) ;</subfield>
    <subfield code="c">16 cm.</subfield>
  </datafield>
  <datafield tag="490" ind1="1" ind2=" ">
    <subfield code="a">Scripta</subfield>
  </datafield>
  <datafield tag="504" ind1=" " ind2=" ">
    <subfield code="a">Bibliogr. vol. 1, p. 105-108, vol. 2, p. 147-150, vol. 3, p. 97-100.</subfield>
  </datafield>
  <datafield tag="505" ind1="0" ind2=" ">
    <subfield code="a">1, Les deux "Moïse" de Freud / B. Lemérer ; 2, Le nom, la loi, la voix / F. Balmès ; 3, Écritures du meurtre / S. Rabinovitch</subfield>
  </datafield>
  <datafield tag="600" ind1="1" ind2="7">
    <subfield code="a">Freud, Sigmund (1856-1939).</subfield>
    <subfield code="t">Moses.</subfield>
    <subfield code="2">ram</subfield>
  </datafield>
  <datafield tag="600" ind1="1" ind2="7">
    <subfield code="a">Lacan, Jacques</subfield>
    <subfield code="d">(1901-1981).</subfield>
    <subfield code="2">ram</subfield>
  </datafield>
  <datafield tag="650" ind1=" " ind2="7">
    <subfield code="a">Pères</subfield>
    <subfield code="x">Psychologie.</subfield>
    <subfield code="2">ram</subfield>
  </datafield>
  <datafield tag="650" ind1=" " ind2="7">
    <subfield code="a">Psychanalyse et judaïsme.</subfield>
    <subfield code="2">ram</subfield>
  </datafield>
  <datafield tag="650" ind1=" " ind2="7">
    <subfield code="a">Psychanalyse.</subfield>
    <subfield code="2">ram</subfield>
  </datafield>
  <datafield tag="600" ind1="1" ind2="7">
    <subfield code="a">Freud, Sigmund</subfield>
    <subfield code="x">Moïse</subfield>
    <subfield code="v">[études diverses]</subfield>
    <subfield code="2">rero</subfield>
  </datafield>
  <datafield tag="600" ind1="1" ind2="0">
    <subfield code="a">Freud, Sigmund,</subfield>
    <subfield code="d">1856-1939.</subfield>
  </datafield>
  <datafield tag="650" ind1=" " ind2="7">
    <subfield code="a">Monothéisme.</subfield>
    <subfield code="2">rasuqam</subfield>
  </datafield>
  <datafield tag="650" ind1=" " ind2="7">
    <subfield code="a">Père.</subfield>
    <subfield code="2">rasuqam</subfield>
  </datafield>
  <datafield tag="650" ind1=" " ind2="7">
    <subfield code="a">Psychanalyse.</subfield>
    <subfield code="2">rasuqam</subfield>
  </datafield>
  <datafield tag="600" ind1="1" ind2="7">
    <subfield code="a">Freud, Sigmund,</subfield>
    <subfield code="d">1856-1939.</subfield>
    <subfield code="2">fast</subfield>
    <subfield code="0">(OCoLC)fst00034252</subfield>
  </datafield>
  <datafield tag="700" ind1="1" ind2=" ">
    <subfield code="a">Balmès, François.</subfield>
  </datafield>
  <datafield tag="700" ind1="1" ind2=" ">
    <subfield code="a">Rabinovitch, Solal</subfield>
    <subfield code="d">(1941-....)</subfield>
  </datafield>
  <datafield tag="740" ind1="4" ind2="2">
    <subfield code="a">Les deux "Moïse" de Freud (1914-1939)</subfield>
  </datafield>
  <datafield tag="740" ind1="3" ind2="2">
    <subfield code="a">Le nom, la loi, la voix.</subfield>
  </datafield>
  <datafield tag="740" ind1="0" ind2="2">
    <subfield code="a">Écritures du meurtre.</subfield>
  </datafield>
  <datafield tag="740" ind1="0" ind2="2">
    <subfield code="a">Ecritures du père.</subfield>
  </datafield>
  <datafield tag="830" ind1=" " ind2="0">
    <subfield code="a">Scripta (Ramonville Saint-Agne)</subfield>
  </datafield>
  <datafield tag="856" ind1="4" ind2="2">
    <subfield code="3">Notice et cote du catalogue de la Bibliothèque nationale de France</subfield>
    <subfield code="u">http://catalogue.bnf.fr/ark:/12148/cb36968983x</subfield>
  </datafield>
  
  
  
  
  
</record>