<record xmlns="http://www.loc.gov/MARC21/slim" xmlns:zs="http://docs.oasis-open.org/ns/search-ws/sruResponse">
  <leader>02068cam a2200529 a 4500</leader>
  <controlfield tag="001">ocm43789363 </controlfield>
  <controlfield tag="003">OCoLC</controlfield>
  <controlfield tag="005">20160311224900.0</controlfield>
  <controlfield tag="008">000406s2000    fr       b    000 0 fre c</controlfield>
  <datafield tag="040" ind1=" " ind2=" ">
    <subfield code="a">FPU</subfield>
    <subfield code="b">eng</subfield>
    <subfield code="c">FPU</subfield>
    <subfield code="d">TZT</subfield>
    <subfield code="d">IUL</subfield>
    <subfield code="d">MUQ</subfield>
    <subfield code="d">OCLCQ</subfield>
    <subfield code="d">OCLCF</subfield>
    <subfield code="d">OCLCQ</subfield>
    <subfield code="d">OCLCO</subfield>
  </datafield>
  <datafield tag="020" ind1=" " ind2=" ">
    <subfield code="z">2213605531 :</subfield>
    <subfield code="c">95 FF</subfield>
  </datafield>
  <datafield tag="035" ind1=" " ind2=" ">
    <subfield code="a">(OCoLC)43789363</subfield>
  </datafield>
  <datafield tag="041" ind1="1" ind2=" ">
    <subfield code="a">fre</subfield>
    <subfield code="h">ger</subfield>
  </datafield>
  <datafield tag="042" ind1=" " ind2=" ">
    <subfield code="a">pcc</subfield>
  </datafield>
  <datafield tag="050" ind1=" " ind2="4">
    <subfield code="a">JC311</subfield>
    <subfield code="b">.H315 2000</subfield>
  </datafield>
  <datafield tag="072" ind1=" " ind2="7">
    <subfield code="a">B</subfield>
    <subfield code="2">lcco</subfield>
  </datafield>
  <datafield tag="092" ind1="0" ind2=" ">
    <subfield code="a">320.1</subfield>
    <subfield code="f">HAB</subfield>
    <subfield code="2">21</subfield>
  </datafield>
  <datafield tag="100" ind1="1" ind2=" ">
    <subfield code="a">Habermas, Jürgen.</subfield>
  </datafield>
  <datafield tag="245" ind1="1" ind2="0">
    <subfield code="a">Après l'Etat-nation :</subfield>
    <subfield code="b">une nouvelle constellation politique /</subfield>
    <subfield code="c">Jürgen Habermas ; traduit de l'allemand par Rainer Rochlitz.</subfield>
  </datafield>
  <datafield tag="260" ind1=" " ind2=" ">
    <subfield code="a">Paris :</subfield>
    <subfield code="b">Fayard,</subfield>
    <subfield code="c">©2000.</subfield>
  </datafield>
  <datafield tag="300" ind1=" " ind2=" ">
    <subfield code="a">149 pages ;</subfield>
    <subfield code="c">22 cm</subfield>
  </datafield>
  <datafield tag="336" ind1=" " ind2=" ">
    <subfield code="a">text</subfield>
    <subfield code="b">txt</subfield>
    <subfield code="2">rdacontent</subfield>
  </datafield>
  <datafield tag="337" ind1=" " ind2=" ">
    <subfield code="a">unmediated</subfield>
    <subfield code="b">n</subfield>
    <subfield code="2">rdamedia</subfield>
  </datafield>
  <datafield tag="338" ind1=" " ind2=" ">
    <subfield code="a">volume</subfield>
    <subfield code="b">nc</subfield>
    <subfield code="2">rdacarrier</subfield>
  </datafield>
  <datafield tag="500" ind1=" " ind2=" ">
    <subfield code="a">Includes the translation of two essays from the author's Die postnationale Konstellation (1998) and of an article entitled Der europäische Nationalstaat unter dem Druck der Globalisierung, originally published in Blätter für deutsche und internationale Politik, no. 4, 1999.</subfield>
  </datafield>
  <datafield tag="504" ind1=" " ind2=" ">
    <subfield code="a">Includes bibliographical references.</subfield>
  </datafield>
  <datafield tag="650" ind1=" " ind2="0">
    <subfield code="a">Nation-state.</subfield>
  </datafield>
  <datafield tag="650" ind1=" " ind2="0">
    <subfield code="a">Democracy.</subfield>
  </datafield>
  <datafield tag="650" ind1=" " ind2="0">
    <subfield code="a">Globalization.</subfield>
  </datafield>
  <datafield tag="650" ind1=" " ind2="6">
    <subfield code="a">Nation.</subfield>
  </datafield>
  <datafield tag="650" ind1=" " ind2="6">
    <subfield code="a">Démocratie.</subfield>
  </datafield>
  <datafield tag="650" ind1=" " ind2="6">
    <subfield code="a">Mondialisation</subfield>
    <subfield code="x">Aspect politique.</subfield>
  </datafield>
  <datafield tag="650" ind1=" " ind2="6">
    <subfield code="a">Politique mondiale</subfield>
    <subfield code="y">20e siècle.</subfield>
  </datafield>
  <datafield tag="650" ind1=" " ind2="6">
    <subfield code="a">Fédéralisme</subfield>
    <subfield code="z">Pays de l'Union européenne.</subfield>
  </datafield>
  <datafield tag="650" ind1=" " ind2="7">
    <subfield code="a">Democracy.</subfield>
    <subfield code="2">fast</subfield>
    <subfield code="0">(OCoLC)fst00890077</subfield>
  </datafield>
  <datafield tag="650" ind1=" " ind2="7">
    <subfield code="a">Globalization.</subfield>
    <subfield code="2">fast</subfield>
    <subfield code="0">(OCoLC)fst00943532</subfield>
  </datafield>
  <datafield tag="650" ind1=" " ind2="7">
    <subfield code="a">Nation-state.</subfield>
    <subfield code="2">fast</subfield>
    <subfield code="0">(OCoLC)fst01715961</subfield>
  </datafield>
  <datafield tag="650" ind1=" " ind2="7">
    <subfield code="a">Etat.</subfield>
    <subfield code="2">ram</subfield>
  </datafield>
  <datafield tag="650" ind1=" " ind2="7">
    <subfield code="a">Philosophie politique.</subfield>
    <subfield code="2">ram</subfield>
  </datafield>
  <datafield tag="653" ind1=" " ind2=" ">
    <subfield code="a">Political philosophy</subfield>
  </datafield>
  <datafield tag="700" ind1="1" ind2=" ">
    <subfield code="a">Rochlitz, Rainer,</subfield>
    <subfield code="e">trad.</subfield>
  </datafield>
  
  
  
  
  
  
</record>