<record xmlns="http://www.loc.gov/MARC21/slim" xmlns:zs="http://docs.oasis-open.org/ns/search-ws/sruResponse">
  <leader>03839cam a2200685Ia 4500</leader>
  <controlfield tag="001">ocm32150774 </controlfield>
  <controlfield tag="003">OCoLC</controlfield>
  <controlfield tag="005">20160311225108.0</controlfield>
  <controlfield tag="008">950315s1994    fr       b    100 0 fre d</controlfield>
  <datafield tag="040" ind1=" " ind2=" ">
    <subfield code="a">SRT</subfield>
    <subfield code="b">eng</subfield>
    <subfield code="c">SRT</subfield>
    <subfield code="d">CGU</subfield>
    <subfield code="d">OCL</subfield>
    <subfield code="d">OCLCQ</subfield>
    <subfield code="d">LVB</subfield>
    <subfield code="d">LHM</subfield>
    <subfield code="d">OCLCQ</subfield>
    <subfield code="d">OCLCF</subfield>
    <subfield code="d">OCLCQ</subfield>
    <subfield code="d">OCLCO</subfield>
    <subfield code="d">OCL</subfield>
    <subfield code="d">OCLCO</subfield>
  </datafield>
  <datafield tag="020" ind1=" " ind2=" ">
    <subfield code="a">2020235021</subfield>
  </datafield>
  <datafield tag="020" ind1=" " ind2=" ">
    <subfield code="a">9782020235020</subfield>
  </datafield>
  <datafield tag="035" ind1=" " ind2=" ">
    <subfield code="a">(OCoLC)32150774</subfield>
  </datafield>
  <datafield tag="043" ind1=" " ind2=" ">
    <subfield code="a">e-fr---</subfield>
  </datafield>
  <datafield tag="050" ind1="1" ind2="4">
    <subfield code="a">KJV3721</subfield>
    <subfield code="b">.J944 1994</subfield>
  </datafield>
  <datafield tag="082" ind1="0" ind2="4">
    <subfield code="a">347.944</subfield>
    <subfield code="b">JUG</subfield>
  </datafield>
  <datafield tag="245" ind1="0" ind2="0">
    <subfield code="a">Juger sous Vichy /</subfield>
    <subfield code="c">[direction, Maurice Olender].</subfield>
  </datafield>
  <datafield tag="260" ind1=" " ind2=" ">
    <subfield code="a">Paris :</subfield>
    <subfield code="b">Seuil,</subfield>
    <subfield code="c">©1994.</subfield>
  </datafield>
  <datafield tag="300" ind1=" " ind2=" ">
    <subfield code="a">160 pages ;</subfield>
    <subfield code="c">23 cm.</subfield>
  </datafield>
  <datafield tag="336" ind1=" " ind2=" ">
    <subfield code="a">text</subfield>
    <subfield code="b">txt</subfield>
    <subfield code="2">rdacontent</subfield>
  </datafield>
  <datafield tag="337" ind1=" " ind2=" ">
    <subfield code="a">unmediated</subfield>
    <subfield code="b">n</subfield>
    <subfield code="2">rdamedia</subfield>
  </datafield>
  <datafield tag="338" ind1=" " ind2=" ">
    <subfield code="a">volume</subfield>
    <subfield code="b">nc</subfield>
    <subfield code="2">rdacarrier</subfield>
  </datafield>
  <datafield tag="490" ind1="1" ind2=" ">
    <subfield code="a">Genre humain</subfield>
  </datafield>
  <datafield tag="500" ind1=" " ind2=" ">
    <subfield code="a">"Ce volume publie des textes présentés au colloque "Juger sous Vichy" organisé par l'Ecole nationale de la magistrature, à Bordeaux, le 29 novembre 1993"--Page 5.</subfield>
  </datafield>
  <datafield tag="504" ind1=" " ind2=" ">
    <subfield code="a">Includes bibliographical references.</subfield>
  </datafield>
  <datafield tag="505" ind1="0" ind2=" ">
    <subfield code="a">Juger les juges? / Christian Chomienne -- Le droit antisémite de Vichy contre la tradition républicaine / Dominique Gros -- Le juge doit-il appliquer une loi inique? / Danièle Lochak -- La preuve de la qualité de juif / Isabelle Lecoq-Caron -- Le juge, la famille juive et les dispositions antisémites / Benoît Descoubes -- L'aryanisation des biens : l'application judiciaire du statut des juifs / Emmanuelle Triol -- Faisons confiance au juge / Christian Guéry -- Le Conseil d'État : juge administratif sous Vichy / Jean Marcou -- Vichy a-t-il existé? / Dominique Rousseau -- Du bon usage de la mémoire / Alfred Grosser -- Une interrogation après le procès Touvier : le crime contre l'humanité existe-t-il? / Christian Guéry.</subfield>
  </datafield>
  <datafield tag="650" ind1=" " ind2="0">
    <subfield code="a">Justice, Administration of</subfield>
    <subfield code="z">France</subfield>
    <subfield code="x">History</subfield>
    <subfield code="v">Congresses.</subfield>
  </datafield>
  <datafield tag="650" ind1=" " ind2="0">
    <subfield code="a">Judges</subfield>
    <subfield code="z">France</subfield>
    <subfield code="x">History</subfield>
    <subfield code="v">Congresses.</subfield>
  </datafield>
  <datafield tag="650" ind1=" " ind2="0">
    <subfield code="a">Antisemitism</subfield>
    <subfield code="z">France</subfield>
    <subfield code="x">History</subfield>
    <subfield code="y">20th century</subfield>
    <subfield code="v">Congresses.</subfield>
  </datafield>
  <datafield tag="651" ind1=" " ind2="0">
    <subfield code="a">France</subfield>
    <subfield code="x">Politics and government</subfield>
    <subfield code="y">1940-1945</subfield>
    <subfield code="v">Congresses.</subfield>
  </datafield>
  <datafield tag="650" ind1=" " ind2="6">
    <subfield code="a">Juifs</subfield>
    <subfield code="x">Droit</subfield>
    <subfield code="z">France.</subfield>
  </datafield>
  <datafield tag="650" ind1=" " ind2="6">
    <subfield code="a">Juifs</subfield>
    <subfield code="x">Persécutions</subfield>
    <subfield code="z">France.</subfield>
  </datafield>
  <datafield tag="650" ind1=" " ind2="6">
    <subfield code="a">Holocauste, 1939-1945</subfield>
    <subfield code="z">France.</subfield>
  </datafield>
  <datafield tag="651" ind1=" " ind2="6">
    <subfield code="a">France</subfield>
    <subfield code="x">Politique et gouvernement</subfield>
    <subfield code="y">1940-1945.</subfield>
  </datafield>
  <datafield tag="651" ind1=" " ind2="6">
    <subfield code="a">France</subfield>
    <subfield code="x">Relations interethniques.</subfield>
  </datafield>
  <datafield tag="650" ind1=" " ind2="7">
    <subfield code="a">Antisemitism.</subfield>
    <subfield code="2">fast</subfield>
    <subfield code="0">(OCoLC)fst00810769</subfield>
  </datafield>
  <datafield tag="650" ind1=" " ind2="7">
    <subfield code="a">Judges.</subfield>
    <subfield code="2">fast</subfield>
    <subfield code="0">(OCoLC)fst00984490</subfield>
  </datafield>
  <datafield tag="650" ind1=" " ind2="7">
    <subfield code="a">Justice, Administration of.</subfield>
    <subfield code="2">fast</subfield>
    <subfield code="0">(OCoLC)fst00985154</subfield>
  </datafield>
  <datafield tag="650" ind1=" " ind2="7">
    <subfield code="a">Politics and government</subfield>
    <subfield code="2">fast</subfield>
    <subfield code="0">(OCoLC)fst01919741</subfield>
  </datafield>
  <datafield tag="651" ind1=" " ind2="7">
    <subfield code="a">France.</subfield>
    <subfield code="2">fast</subfield>
    <subfield code="0">(OCoLC)fst01204289</subfield>
  </datafield>
  <datafield tag="650" ind1=" " ind2="7">
    <subfield code="a">Juges</subfield>
    <subfield code="z">France</subfield>
    <subfield code="x">Histoire</subfield>
    <subfield code="y">1940-1945 (occupation allemande)</subfield>
    <subfield code="x">Congrès.</subfield>
    <subfield code="2">ram</subfield>
  </datafield>
  <datafield tag="650" ind1=" " ind2="7">
    <subfield code="a">Politique et pouvoir judiciaire</subfield>
    <subfield code="z">France</subfield>
    <subfield code="x">Histoire</subfield>
    <subfield code="y">1940-1945 (occupation allemande)</subfield>
    <subfield code="x">Congrès.</subfield>
    <subfield code="2">ram</subfield>
  </datafield>
  <datafield tag="650" ind1=" " ind2="7">
    <subfield code="a">Antisémitisme</subfield>
    <subfield code="z">France</subfield>
    <subfield code="x">Histoire</subfield>
    <subfield code="y">1940-1945 (occupation allemande)</subfield>
    <subfield code="x">Congrès.</subfield>
    <subfield code="2">ram</subfield>
  </datafield>
  <datafield tag="651" ind1=" " ind2="7">
    <subfield code="a">France</subfield>
    <subfield code="x">Politique et gouvernement</subfield>
    <subfield code="y">1940-1945</subfield>
    <subfield code="x">Congrès.</subfield>
    <subfield code="2">ram</subfield>
  </datafield>
  <datafield tag="648" ind1=" " ind2="7">
    <subfield code="a">1900 - 1999</subfield>
    <subfield code="2">fast</subfield>
  </datafield>
  <datafield tag="655" ind1=" " ind2="7">
    <subfield code="a">Conference papers and proceedings.</subfield>
    <subfield code="2">fast</subfield>
    <subfield code="0">(OCoLC)fst01423772</subfield>
  </datafield>
  <datafield tag="655" ind1=" " ind2="7">
    <subfield code="a">History.</subfield>
    <subfield code="2">fast</subfield>
    <subfield code="0">(OCoLC)fst01411628</subfield>
  </datafield>
  <datafield tag="700" ind1="1" ind2=" ">
    <subfield code="a">Olender, Maurice.</subfield>
  </datafield>
  <datafield tag="710" ind1="2" ind2=" ">
    <subfield code="a">École nationale de la magistrature (France)</subfield>
  </datafield>
  <datafield tag="776" ind1="0" ind2="8">
    <subfield code="i">Online version:</subfield>
    <subfield code="t">Juger sous Vichy.</subfield>
    <subfield code="d">Paris : Seuil, ©1994</subfield>
    <subfield code="w">(OCoLC)744617765</subfield>
  </datafield>
  <datafield tag="830" ind1=" " ind2="0">
    <subfield code="a">Genre humain (Editions du Seuil)</subfield>
  </datafield>
  
  
  
  
  
  
  
  
  
</record>