<record xmlns="http://www.loc.gov/MARC21/slim" xmlns:zs="http://docs.oasis-open.org/ns/search-ws/sruResponse">
  <leader>01725cam a2200469Ma 4500</leader>
  <controlfield tag="001">ocm31924389 </controlfield>
  <controlfield tag="003">OCoLC</controlfield>
  <controlfield tag="005">20160311223340.0</controlfield>
  <controlfield tag="008">860618s1985    fr       b    000 0 fre d</controlfield>
  <datafield tag="040" ind1=" " ind2=" ">
    <subfield code="a">HLS</subfield>
    <subfield code="b">eng</subfield>
    <subfield code="c">HLS</subfield>
    <subfield code="d">OCLCG</subfield>
    <subfield code="d">N5L</subfield>
    <subfield code="d">OCLCQ</subfield>
    <subfield code="d">OCLCF</subfield>
    <subfield code="d">OCLCO</subfield>
    <subfield code="d">OCLCQ</subfield>
  </datafield>
  <datafield tag="020" ind1=" " ind2=" ">
    <subfield code="a">2903941165</subfield>
  </datafield>
  <datafield tag="020" ind1=" " ind2=" ">
    <subfield code="a">9782903941161</subfield>
  </datafield>
  <datafield tag="035" ind1=" " ind2=" ">
    <subfield code="a">(OCoLC)31924389</subfield>
  </datafield>
  <datafield tag="041" ind1="0" ind2=" ">
    <subfield code="a">frechi</subfield>
    <subfield code="h">chi</subfield>
  </datafield>
  <datafield tag="050" ind1=" " ind2="4">
    <subfield code="a">PL2754.S5</subfield>
    <subfield code="b">A35 1985x</subfield>
  </datafield>
  <datafield tag="100" ind1="1" ind2=" ">
    <subfield code="a">Lu, Xun,</subfield>
    <subfield code="d">1881-1936.</subfield>
  </datafield>
  <datafield tag="240" ind1="1" ind2="0">
    <subfield code="a">Poems.</subfield>
    <subfield code="l">French &amp; Chinese.</subfield>
    <subfield code="k">Selections</subfield>
  </datafield>
  <datafield tag="245" ind1="1" ind2="0">
    <subfield code="a">Poèmes /</subfield>
    <subfield code="c">Luxun ; [traduit du chinois par Michelle Loi].</subfield>
  </datafield>
  <datafield tag="260" ind1=" " ind2=" ">
    <subfield code="a">Paris :</subfield>
    <subfield code="b">Arfuyen,</subfield>
    <subfield code="c">©1985.</subfield>
  </datafield>
  <datafield tag="300" ind1=" " ind2=" ">
    <subfield code="a">42 unnumbered pages ;</subfield>
    <subfield code="c">21 cm.</subfield>
  </datafield>
  <datafield tag="336" ind1=" " ind2=" ">
    <subfield code="a">text</subfield>
    <subfield code="b">txt</subfield>
    <subfield code="2">rdacontent</subfield>
  </datafield>
  <datafield tag="337" ind1=" " ind2=" ">
    <subfield code="a">unmediated</subfield>
    <subfield code="b">n</subfield>
    <subfield code="2">rdamedia</subfield>
  </datafield>
  <datafield tag="338" ind1=" " ind2=" ">
    <subfield code="a">volume</subfield>
    <subfield code="b">nc</subfield>
    <subfield code="2">rdacarrier</subfield>
  </datafield>
  <datafield tag="490" ind1="1" ind2=" ">
    <subfield code="a">Cahier,</subfield>
    <subfield code="x">0756-6182 ;</subfield>
    <subfield code="v">no 20</subfield>
  </datafield>
  <datafield tag="490" ind1="1" ind2=" ">
    <subfield code="a">Textes chinois</subfield>
  </datafield>
  <datafield tag="500" ind1=" " ind2=" ">
    <subfield code="a">Cover title.</subfield>
  </datafield>
  <datafield tag="500" ind1=" " ind2=" ">
    <subfield code="a">French and Chinese on facing pages.</subfield>
  </datafield>
  <datafield tag="504" ind1=" " ind2=" ">
    <subfield code="a">Includes bibliographical references (page 41).</subfield>
  </datafield>
  <datafield tag="600" ind1="1" ind2="0">
    <subfield code="a">Lu, Xun,</subfield>
    <subfield code="d">1881-1936</subfield>
    <subfield code="v">Translations into French.</subfield>
  </datafield>
  <datafield tag="650" ind1=" " ind2="0">
    <subfield code="a">Chinese poetry</subfield>
    <subfield code="v">Translations into French.</subfield>
  </datafield>
  <datafield tag="600" ind1="1" ind2="7">
    <subfield code="a">Lu, Xun,</subfield>
    <subfield code="d">1881-1936</subfield>
    <subfield code="2">fast</subfield>
    <subfield code="0">(OCoLC)fst00016398</subfield>
  </datafield>
  <datafield tag="650" ind1=" " ind2="7">
    <subfield code="a">Chinese poetry.</subfield>
    <subfield code="2">fast</subfield>
    <subfield code="0">(OCoLC)fst00857672</subfield>
  </datafield>
  <datafield tag="655" ind1=" " ind2="7">
    <subfield code="a">Translations.</subfield>
    <subfield code="2">fast</subfield>
    <subfield code="0">(OCoLC)fst01423791</subfield>
  </datafield>
  <datafield tag="700" ind1="1" ind2=" ">
    <subfield code="a">Loi, Michelle.</subfield>
  </datafield>
  <datafield tag="830" ind1=" " ind2="0">
    <subfield code="a">Textes chinois.</subfield>
  </datafield>
  <datafield tag="830" ind1=" " ind2="0">
    <subfield code="a">Cahier (Arfuyen (Firm)) ;</subfield>
    <subfield code="v">no 20.</subfield>
  </datafield>
  
  
  
  
  
  
</record>