<record xmlns="http://www.loc.gov/MARC21/slim" xmlns:zs="http://docs.oasis-open.org/ns/search-ws/sruResponse">
  <leader>01278cam a2200337Ma 4500</leader>
  <controlfield tag="001">ocn478963487</controlfield>
  <controlfield tag="003">OCoLC</controlfield>
  <controlfield tag="005">20160311222822.0</controlfield>
  <controlfield tag="008">860312m19829999fr            000 p fre d</controlfield>
  <datafield tag="040" ind1=" " ind2=" ">
    <subfield code="a">CSt</subfield>
    <subfield code="b">eng</subfield>
    <subfield code="c">N15</subfield>
    <subfield code="d">YUS</subfield>
    <subfield code="d">OCLCQ</subfield>
  </datafield>
  <datafield tag="019" ind1=" " ind2=" ">
    <subfield code="a">504939763</subfield>
  </datafield>
  <datafield tag="020" ind1=" " ind2=" ">
    <subfield code="a">2867440475</subfield>
  </datafield>
  <datafield tag="020" ind1=" " ind2=" ">
    <subfield code="a">9782867440472</subfield>
  </datafield>
  <datafield tag="035" ind1=" " ind2=" ">
    <subfield code="a">(OCoLC)478963487</subfield>
    <subfield code="z">(OCoLC)504939763</subfield>
  </datafield>
  <datafield tag="050" ind1="1" ind2=" ">
    <subfield code="a">PG2664.A46</subfield>
    <subfield code="b">N3 1982</subfield>
  </datafield>
  <datafield tag="100" ind1="1" ind2=" ">
    <subfield code="a">Daive, Jean.</subfield>
  </datafield>
  <datafield tag="245" ind1="1" ind2="0">
    <subfield code="a">Narration d'équilibre /</subfield>
    <subfield code="c">Jean Daive.</subfield>
  </datafield>
  <datafield tag="260" ind1=" " ind2=" ">
    <subfield code="a">Paris :</subfield>
    <subfield code="b">Hachette/P.O.L.,</subfield>
    <subfield code="c">©1982-</subfield>
  </datafield>
  <datafield tag="300" ind1=" " ind2=" ">
    <subfield code="a">volumes ;</subfield>
    <subfield code="c">21 cm</subfield>
  </datafield>
  <datafield tag="336" ind1=" " ind2=" ">
    <subfield code="a">text</subfield>
    <subfield code="b">txt</subfield>
    <subfield code="2">rdacontent</subfield>
  </datafield>
  <datafield tag="337" ind1=" " ind2=" ">
    <subfield code="a">unmediated</subfield>
    <subfield code="b">n</subfield>
    <subfield code="2">rdamedia</subfield>
  </datafield>
  <datafield tag="338" ind1=" " ind2=" ">
    <subfield code="a">volume</subfield>
    <subfield code="b">nc</subfield>
    <subfield code="2">rdacarrier</subfield>
  </datafield>
  <datafield tag="500" ind1=" " ind2=" ">
    <subfield code="a">Poems.</subfield>
  </datafield>
  <datafield tag="500" ind1=" " ind2=" ">
    <subfield code="a">Vol. 4- published by P.O.L.</subfield>
  </datafield>
  <datafield tag="505" ind1="0" ind2=" ">
    <subfield code="a">1. Antérioté du scandale -- 2. Sllt -- 3. Ving-quatre images seconde -- 4. W -- 5. America domino -- 6. Alphabet -- 7. Une leçon de musique -- 8. Grammaire -- 9. Suivez l'enfant.</subfield>
  </datafield>
  
  
  
  
  
  
</record>