<record xmlns="http://www.loc.gov/MARC21/slim" xmlns:zs="http://docs.oasis-open.org/ns/search-ws/sruResponse">
  <leader>01571cam a2200445Ia 4500</leader>
  <controlfield tag="001">ocm27015582 </controlfield>
  <controlfield tag="003">OCoLC</controlfield>
  <controlfield tag="005">20160311223245.0</controlfield>
  <controlfield tag="008">921123s1989    sp       b    000 0 spa d</controlfield>
  <datafield tag="010" ind1=" " ind2=" ">
    <subfield code="a">   89182293 </subfield>
  </datafield>
  <datafield tag="040" ind1=" " ind2=" ">
    <subfield code="a">DZM</subfield>
    <subfield code="b">eng</subfield>
    <subfield code="c">DZM</subfield>
    <subfield code="d">DLC</subfield>
    <subfield code="d">PL#</subfield>
    <subfield code="d">OCLCG</subfield>
    <subfield code="d">XVF</subfield>
    <subfield code="d">DEBSZ</subfield>
    <subfield code="d">OCLCF</subfield>
    <subfield code="d">OCLCQ</subfield>
  </datafield>
  <datafield tag="015" ind1=" " ind2=" ">
    <subfield code="a">92,G03,0050</subfield>
    <subfield code="2">dnb</subfield>
  </datafield>
  <datafield tag="016" ind1="7" ind2=" ">
    <subfield code="a">920954405</subfield>
    <subfield code="2">DE-101</subfield>
  </datafield>
  <datafield tag="020" ind1=" " ind2=" ">
    <subfield code="a">8476581297</subfield>
  </datafield>
  <datafield tag="020" ind1=" " ind2=" ">
    <subfield code="a">9788476581292</subfield>
  </datafield>
  <datafield tag="035" ind1=" " ind2=" ">
    <subfield code="a">(OCoLC)27015582</subfield>
  </datafield>
  <datafield tag="050" ind1=" " ind2="4">
    <subfield code="a">B3279.H49</subfield>
    <subfield code="b">P46 1989</subfield>
  </datafield>
  <datafield tag="082" ind1="0" ind2="4">
    <subfield code="a">193</subfield>
    <subfield code="b">PEÑA</subfield>
  </datafield>
  <datafield tag="100" ind1="1" ind2=" ">
    <subfield code="a">Peñalver, Patricio.</subfield>
  </datafield>
  <datafield tag="245" ind1="1" ind2="0">
    <subfield code="a">Del espíritu al tiempo :</subfield>
    <subfield code="b">lecturas de "El Ser y el Tiempo" de Heidegger /</subfield>
    <subfield code="c">Patricio Peñalver.</subfield>
  </datafield>
  <datafield tag="250" ind1=" " ind2=" ">
    <subfield code="a">1a ed.</subfield>
  </datafield>
  <datafield tag="260" ind1=" " ind2=" ">
    <subfield code="a">Barcelona :</subfield>
    <subfield code="b">Editorial Anthropos,</subfield>
    <subfield code="c">1989.</subfield>
  </datafield>
  <datafield tag="300" ind1=" " ind2=" ">
    <subfield code="a">271 pages ;</subfield>
    <subfield code="c">20 cm.</subfield>
  </datafield>
  <datafield tag="336" ind1=" " ind2=" ">
    <subfield code="a">text</subfield>
    <subfield code="b">txt</subfield>
    <subfield code="2">rdacontent</subfield>
  </datafield>
  <datafield tag="337" ind1=" " ind2=" ">
    <subfield code="a">unmediated</subfield>
    <subfield code="b">n</subfield>
    <subfield code="2">rdamedia</subfield>
  </datafield>
  <datafield tag="338" ind1=" " ind2=" ">
    <subfield code="a">volume</subfield>
    <subfield code="b">nc</subfield>
    <subfield code="2">rdacarrier</subfield>
  </datafield>
  <datafield tag="490" ind1="0" ind2=" ">
    <subfield code="a">Autores textos y temas. Filosofía ;</subfield>
    <subfield code="v">19</subfield>
  </datafield>
  <datafield tag="504" ind1=" " ind2=" ">
    <subfield code="a">Includes bibliographical references.</subfield>
  </datafield>
  <datafield tag="600" ind1="1" ind2="0">
    <subfield code="a">Heidegger, Martin,</subfield>
    <subfield code="d">1889-1976.</subfield>
  </datafield>
  <datafield tag="600" ind1="1" ind2="7">
    <subfield code="a">Heidegger, Martin,</subfield>
    <subfield code="d">1889-1976.</subfield>
    <subfield code="2">fast</subfield>
    <subfield code="0">(OCoLC)fst00032385</subfield>
  </datafield>
  <datafield tag="653" ind1="0" ind2=" ">
    <subfield code="a">Philosophy;</subfield>
    <subfield code="a">spirits;</subfield>
    <subfield code="a">lectures</subfield>
  </datafield>
  <datafield tag="653" ind1=" " ind2=" ">
    <subfield code="a">Heidegger, Martin (1889-1976)</subfield>
    <subfield code="a">Crítica e interpretación.</subfield>
  </datafield>
  <datafield tag="653" ind1=" " ind2=" ">
    <subfield code="a">Metafísica.</subfield>
  </datafield>
  <datafield tag="653" ind1=" " ind2=" ">
    <subfield code="a">Tiempo</subfield>
    <subfield code="a">Filosofía.</subfield>
  </datafield>
  
  
  
  
  
  
</record>