<record xmlns="http://www.loc.gov/MARC21/slim" xmlns:zs="http://docs.oasis-open.org/ns/search-ws/sruResponse">
  <leader>01583cam a2200445La 4500</leader>
  <controlfield tag="001">ocn648135529</controlfield>
  <controlfield tag="003">OCoLC</controlfield>
  <controlfield tag="005">20160311224653.0</controlfield>
  <controlfield tag="008">081016s1993    enk     ob    000 0 eng d</controlfield>
  <controlfield tag="006">m     o  u        </controlfield>
  <controlfield tag="007">cr cn|||||||||</controlfield>
  <datafield tag="040" ind1=" " ind2=" ">
    <subfield code="a">E7B</subfield>
    <subfield code="b">eng</subfield>
    <subfield code="c">E7B</subfield>
    <subfield code="d">OCLCQ</subfield>
    <subfield code="d">OCLCF</subfield>
    <subfield code="d">OCLCO</subfield>
  </datafield>
  <datafield tag="020" ind1=" " ind2=" ">
    <subfield code="a">0203989244 (Master e-book)</subfield>
  </datafield>
  <datafield tag="020" ind1=" " ind2=" ">
    <subfield code="a">9780203989241 (Master e-book)</subfield>
  </datafield>
  <datafield tag="020" ind1=" " ind2=" ">
    <subfield code="z">9780415096560</subfield>
  </datafield>
  <datafield tag="020" ind1=" " ind2=" ">
    <subfield code="z">9780203989241</subfield>
  </datafield>
  <datafield tag="035" ind1=" " ind2=" ">
    <subfield code="a">(OCoLC)648135529</subfield>
  </datafield>
  <datafield tag="050" ind1=" " ind2="4">
    <subfield code="a">PN94</subfield>
    <subfield code="b">.T49 1993eb</subfield>
  </datafield>
  <datafield tag="245" ind1="0" ind2="0">
    <subfield code="a">Textual practice.</subfield>
    <subfield code="n">Vol. 7, no. 2, Summer 1993</subfield>
    <subfield code="h">[electronic resource] /</subfield>
    <subfield code="c">editor, Terence Hawkes.</subfield>
  </datafield>
  <datafield tag="260" ind1=" " ind2=" ">
    <subfield code="a">London :</subfield>
    <subfield code="b">Routledge,</subfield>
    <subfield code="c">1993.</subfield>
  </datafield>
  <datafield tag="300" ind1=" " ind2=" ">
    <subfield code="a">1 online resource (vi, 174 p.)</subfield>
  </datafield>
  <datafield tag="490" ind1="0" ind2=" ">
    <subfield code="a">Textual practice,</subfield>
    <subfield code="x">0950-236X</subfield>
  </datafield>
  <datafield tag="504" ind1=" " ind2=" ">
    <subfield code="a">Includes bibliographical references.</subfield>
  </datafield>
  <datafield tag="588" ind1=" " ind2=" ">
    <subfield code="a">Description based on print version record.</subfield>
  </datafield>
  <datafield tag="650" ind1=" " ind2="0">
    <subfield code="a">Literature, Modern</subfield>
    <subfield code="y">20th century</subfield>
    <subfield code="x">History and criticism.</subfield>
  </datafield>
  <datafield tag="650" ind1=" " ind2="0">
    <subfield code="a">Criticism.</subfield>
  </datafield>
  <datafield tag="650" ind1=" " ind2="0">
    <subfield code="a">Criticism, Textual.</subfield>
  </datafield>
  <datafield tag="650" ind1=" " ind2="0">
    <subfield code="a">Semiotics.</subfield>
  </datafield>
  <datafield tag="650" ind1=" " ind2="7">
    <subfield code="a">Criticism.</subfield>
    <subfield code="2">fast</subfield>
    <subfield code="0">(OCoLC)fst00883735</subfield>
  </datafield>
  <datafield tag="650" ind1=" " ind2="7">
    <subfield code="a">Criticism, Textual.</subfield>
    <subfield code="2">fast</subfield>
    <subfield code="0">(OCoLC)fst00883762</subfield>
  </datafield>
  <datafield tag="650" ind1=" " ind2="7">
    <subfield code="a">Literature, Modern.</subfield>
    <subfield code="2">fast</subfield>
    <subfield code="0">(OCoLC)fst01000172</subfield>
  </datafield>
  <datafield tag="650" ind1=" " ind2="7">
    <subfield code="a">Semiotics.</subfield>
    <subfield code="2">fast</subfield>
    <subfield code="0">(OCoLC)fst01112351</subfield>
  </datafield>
  <datafield tag="648" ind1=" " ind2="7">
    <subfield code="a">1900 - 1999</subfield>
    <subfield code="2">fast</subfield>
  </datafield>
  <datafield tag="655" ind1=" " ind2="4">
    <subfield code="a">Electronic books.</subfield>
  </datafield>
  <datafield tag="655" ind1=" " ind2="7">
    <subfield code="a">Criticism, interpretation, etc.</subfield>
    <subfield code="2">fast</subfield>
    <subfield code="0">(OCoLC)fst01411635</subfield>
  </datafield>
  <datafield tag="700" ind1="1" ind2=" ">
    <subfield code="a">Hawkes, Terence.</subfield>
  </datafield>
  <datafield tag="856" ind1="4" ind2="0">
    <subfield code="3">ebrary</subfield>
    <subfield code="u">http://site.ebrary.com/id/10161576</subfield>
  </datafield>
  
  
  
</record>