<record xmlns="http://www.loc.gov/MARC21/slim" xmlns:zs="http://docs.oasis-open.org/ns/search-ws/sruResponse">
  <leader>00998cam a2200301Ia 4500</leader>
  <controlfield tag="001">ocm49251328 </controlfield>
  <controlfield tag="003">OCoLC</controlfield>
  <controlfield tag="005">20160311223240.0</controlfield>
  <controlfield tag="008">020306s2001    fr            000 0afre d</controlfield>
  <datafield tag="040" ind1=" " ind2=" ">
    <subfield code="a">INT</subfield>
    <subfield code="b">eng</subfield>
    <subfield code="c">INT</subfield>
    <subfield code="d">OCLCG</subfield>
    <subfield code="d">OCLCF</subfield>
    <subfield code="d">OCLCQ</subfield>
  </datafield>
  <datafield tag="020" ind1=" " ind2=" ">
    <subfield code="a">2906131334</subfield>
  </datafield>
  <datafield tag="020" ind1=" " ind2=" ">
    <subfield code="a">9782906131330</subfield>
  </datafield>
  <datafield tag="035" ind1=" " ind2=" ">
    <subfield code="a">(OCoLC)49251328</subfield>
  </datafield>
  <datafield tag="050" ind1=" " ind2="4">
    <subfield code="a">PQ2676.E3345</subfield>
    <subfield code="b">Z47 2001</subfield>
  </datafield>
  <datafield tag="100" ind1="1" ind2=" ">
    <subfield code="a">Peeters, Benoît,</subfield>
    <subfield code="d">1956-</subfield>
  </datafield>
  <datafield tag="245" ind1="1" ind2="0">
    <subfield code="a">Poussière de voyages /</subfield>
    <subfield code="c">Benoît Peeters.</subfield>
  </datafield>
  <datafield tag="260" ind1=" " ind2=" ">
    <subfield code="a">Paris :</subfield>
    <subfield code="b">Impressions Nouvelles,</subfield>
    <subfield code="c">©2001.</subfield>
  </datafield>
  <datafield tag="300" ind1=" " ind2=" ">
    <subfield code="a">47 pages ;</subfield>
    <subfield code="c">17 cm</subfield>
  </datafield>
  <datafield tag="336" ind1=" " ind2=" ">
    <subfield code="a">text</subfield>
    <subfield code="b">txt</subfield>
    <subfield code="2">rdacontent</subfield>
  </datafield>
  <datafield tag="337" ind1=" " ind2=" ">
    <subfield code="a">unmediated</subfield>
    <subfield code="b">n</subfield>
    <subfield code="2">rdamedia</subfield>
  </datafield>
  <datafield tag="338" ind1=" " ind2=" ">
    <subfield code="a">volume</subfield>
    <subfield code="b">nc</subfield>
    <subfield code="2">rdacarrier</subfield>
  </datafield>
  <datafield tag="600" ind1="1" ind2="0">
    <subfield code="a">Peeters, Benoît,</subfield>
    <subfield code="d">1956-</subfield>
  </datafield>
  <datafield tag="600" ind1="1" ind2="7">
    <subfield code="a">Peeters, Benoît,</subfield>
    <subfield code="d">1956-</subfield>
    <subfield code="2">fast</subfield>
    <subfield code="0">(OCoLC)fst00114502</subfield>
  </datafield>
  
  
  
  
  
</record>