<record xmlns="http://www.loc.gov/MARC21/slim" xmlns:zs="http://docs.oasis-open.org/ns/search-ws/sruResponse">
  <leader>02119cam a2200505Mi 4500</leader>
  <controlfield tag="001">ocn756531322</controlfield>
  <controlfield tag="003">OCoLC</controlfield>
  <controlfield tag="005">20160311223110.0</controlfield>
  <controlfield tag="008">111113s2003    cau     ob    001 0 eng d</controlfield>
  <datafield tag="010" ind1=" " ind2=" ">
    <subfield code="a">  2002005861</subfield>
  </datafield>
  <datafield tag="040" ind1=" " ind2=" ">
    <subfield code="a">DKDLA</subfield>
    <subfield code="b">dan</subfield>
    <subfield code="c">DKDLA</subfield>
    <subfield code="d">OCLCF</subfield>
    <subfield code="d">OCLCO</subfield>
    <subfield code="d">OCLCQ</subfield>
    <subfield code="d">OCLCO</subfield>
  </datafield>
  <datafield tag="020" ind1=" " ind2=" ">
    <subfield code="a">0804745102</subfield>
    <subfield code="q">(cloth ;</subfield>
    <subfield code="q">alk. paper)</subfield>
  </datafield>
  <datafield tag="020" ind1=" " ind2=" ">
    <subfield code="a">9780804745109</subfield>
    <subfield code="q">(cloth ;</subfield>
    <subfield code="q">alk. paper)</subfield>
  </datafield>
  <datafield tag="020" ind1=" " ind2=" ">
    <subfield code="a">0804745110</subfield>
    <subfield code="q">(pbk. ;</subfield>
    <subfield code="q">alk. paper)</subfield>
  </datafield>
  <datafield tag="020" ind1=" " ind2=" ">
    <subfield code="a">9780804745116</subfield>
    <subfield code="q">(pbk. ;</subfield>
    <subfield code="q">alk. paper)</subfield>
  </datafield>
  <datafield tag="035" ind1=" " ind2=" ">
    <subfield code="a">(OCoLC)756531322</subfield>
  </datafield>
  <datafield tag="050" ind1="1" ind2="4">
    <subfield code="a">B945.A694</subfield>
    <subfield code="b">G68 2003</subfield>
  </datafield>
  <datafield tag="084" ind1=" " ind2=" ">
    <subfield code="a">179.9</subfield>
    <subfield code="2">z</subfield>
  </datafield>
  <datafield tag="245" ind1="0" ind2="0">
    <subfield code="a">Regions of sorrow</subfield>
    <subfield code="h">[electronic resource] :</subfield>
    <subfield code="b">anxiety and messianism in Hannah Arendt and W.H. Auden /</subfield>
    <subfield code="c">Susannah Young-ah Gottlieb.</subfield>
  </datafield>
  <datafield tag="260" ind1=" " ind2=" ">
    <subfield code="a">Stanford, Calif. :</subfield>
    <subfield code="b">Stanford University Press,</subfield>
    <subfield code="c">©2003.</subfield>
  </datafield>
  <datafield tag="300" ind1=" " ind2=" ">
    <subfield code="a">xii, 301 s. ;</subfield>
    <subfield code="c">24 cm.</subfield>
  </datafield>
  <datafield tag="490" ind1="1" ind2=" ">
    <subfield code="a">Meridian</subfield>
  </datafield>
  <datafield tag="504" ind1=" " ind2=" ">
    <subfield code="a">Includes bibliographical references (p. 269-284) and index.</subfield>
  </datafield>
  <datafield tag="506" ind1=" " ind2=" ">
    <subfield code="a">License restrictions may limit access.</subfield>
  </datafield>
  <datafield tag="650" ind1=" " ind2="0">
    <subfield code="a">Anxiety</subfield>
    <subfield code="x">History</subfield>
    <subfield code="y">20th century.</subfield>
  </datafield>
  <datafield tag="650" ind1=" " ind2="0">
    <subfield code="a">Messianism</subfield>
    <subfield code="x">History</subfield>
    <subfield code="y">20th century.</subfield>
  </datafield>
  <datafield tag="650" ind1=" " ind2="0">
    <subfield code="a">Totalitarianism</subfield>
    <subfield code="x">History</subfield>
    <subfield code="y">20th century.</subfield>
  </datafield>
  <datafield tag="650" ind1=" " ind2="0">
    <subfield code="a">Anxiety in literature.</subfield>
  </datafield>
  <datafield tag="650" ind1=" " ind2="0">
    <subfield code="a">Messianism in literature.</subfield>
  </datafield>
  <datafield tag="650" ind1=" " ind2="0">
    <subfield code="a">Totalitarianism and literature.</subfield>
  </datafield>
  <datafield tag="600" ind1="1" ind2="4">
    <subfield code="a">Arendt, Hannah,</subfield>
    <subfield code="d">1906-1975.</subfield>
  </datafield>
  <datafield tag="600" ind1="1" ind2="4">
    <subfield code="a">Auden, W. H.,</subfield>
    <subfield code="d">1907-1973</subfield>
    <subfield code="q">Auden, Wystan Hugh.</subfield>
  </datafield>
  <datafield tag="650" ind1=" " ind2="7">
    <subfield code="a">Anxiety.</subfield>
    <subfield code="2">fast</subfield>
    <subfield code="0">(OCoLC)fst00810950</subfield>
  </datafield>
  <datafield tag="650" ind1=" " ind2="7">
    <subfield code="a">Anxiety in literature.</subfield>
    <subfield code="2">fast</subfield>
    <subfield code="0">(OCoLC)fst00810987</subfield>
  </datafield>
  <datafield tag="650" ind1=" " ind2="7">
    <subfield code="a">Messianism.</subfield>
    <subfield code="2">fast</subfield>
    <subfield code="0">(OCoLC)fst01017438</subfield>
  </datafield>
  <datafield tag="650" ind1=" " ind2="7">
    <subfield code="a">Messianism in literature.</subfield>
    <subfield code="2">fast</subfield>
    <subfield code="0">(OCoLC)fst01017442</subfield>
  </datafield>
  <datafield tag="650" ind1=" " ind2="7">
    <subfield code="a">Totalitarianism.</subfield>
    <subfield code="2">fast</subfield>
    <subfield code="0">(OCoLC)fst01153040</subfield>
  </datafield>
  <datafield tag="650" ind1=" " ind2="7">
    <subfield code="a">Totalitarianism and literature.</subfield>
    <subfield code="2">fast</subfield>
    <subfield code="0">(OCoLC)fst01153051</subfield>
  </datafield>
  <datafield tag="648" ind1=" " ind2="7">
    <subfield code="a">1900 - 1999</subfield>
    <subfield code="2">fast</subfield>
  </datafield>
  <datafield tag="655" ind1=" " ind2="7">
    <subfield code="a">History.</subfield>
    <subfield code="2">fast</subfield>
    <subfield code="0">(OCoLC)fst01411628</subfield>
  </datafield>
  <datafield tag="700" ind1="1" ind2=" ">
    <subfield code="a">Gottlieb, Susannah Young-ah.</subfield>
  </datafield>
  <datafield tag="830" ind1=" " ind2="0">
    <subfield code="a">Meridian (Stanford, Calif.)</subfield>
  </datafield>
  <datafield tag="856" ind1="4" ind2=" ">
    <subfield code="u">http://WX7CF7ZP2H.search.serialssolutions.com/?V=1.0&amp;L=WX7CF7ZP2H&amp;S=JCs&amp;C=TC001957226&amp;T=marc</subfield>
    <subfield code="x">http://ez.statsbiblioteket.dk:2048/login?url</subfield>
  </datafield>
  
  
</record>