<record xmlns="http://www.loc.gov/MARC21/slim" xmlns:zs="http://docs.oasis-open.org/ns/search-ws/sruResponse">
  <leader>01592cam a2200373Mi 4500</leader>
  <controlfield tag="001">ocn901092709</controlfield>
  <controlfield tag="003">OCoLC</controlfield>
  <controlfield tag="005">20160311224638.0</controlfield>
  <controlfield tag="008">150130s1989    fr            000 u fre d</controlfield>
  <datafield tag="040" ind1=" " ind2=" ">
    <subfield code="a">BEATB</subfield>
    <subfield code="b">dut</subfield>
    <subfield code="c">BEATB</subfield>
    <subfield code="d">NLGGC</subfield>
    <subfield code="d">OCLCO</subfield>
    <subfield code="d">OCLCF</subfield>
  </datafield>
  <datafield tag="020" ind1=" " ind2=" ">
    <subfield code="a">2711823180</subfield>
  </datafield>
  <datafield tag="020" ind1=" " ind2=" ">
    <subfield code="a">9782711823185</subfield>
  </datafield>
  <datafield tag="035" ind1=" " ind2=" ">
    <subfield code="a">(OCoLC)901092709</subfield>
  </datafield>
  <datafield tag="050" ind1=" " ind2="4">
    <subfield code="a">NC257.L4</subfield>
    <subfield code="b">A4 1989a</subfield>
  </datafield>
  <datafield tag="110" ind1="2" ind2=" ">
    <subfield code="a">Musée du Louvre (Paris).</subfield>
    <subfield code="b">Hall Napoléon.</subfield>
    <subfield code="4">aut</subfield>
    <subfield code="0">(BE-AnANE)a::061.41308:1.1</subfield>
  </datafield>
  <datafield tag="245" ind1="1" ind2="0">
    <subfield code="a">Léonard de Vinci :</subfield>
    <subfield code="b">les études de draperie /</subfield>
    <subfield code="c">Françoise Viatte [edit.]; Patrick Ramade [edit.]; Catherine Monbeig Goguel [edit.]; Musée du Louvre (Paris). Hall Napoléon [aut].</subfield>
  </datafield>
  <datafield tag="260" ind1=" " ind2=" ">
    <subfield code="a">Paris :</subfield>
    <subfield code="b">Réunion des musées nationaux,</subfield>
    <subfield code="c">1989.</subfield>
  </datafield>
  <datafield tag="300" ind1=" " ind2=" ">
    <subfield code="a">104 p. :</subfield>
    <subfield code="b">ill.</subfield>
  </datafield>
  <datafield tag="500" ind1=" " ind2=" ">
    <subfield code="a">Tentoonstelling: Musée du Louvre. Hall Napoléon [Paris]. 1989/12/05 - 1990/02/26.</subfield>
  </datafield>
  <datafield tag="600" ind1="1" ind2="4">
    <subfield code="a">Leonardo da Vinci.</subfield>
    <subfield code="0">(BE-AnANE)a::920.1993:1</subfield>
  </datafield>
  <datafield tag="650" ind1=" " ind2="0">
    <subfield code="a">Drawing, Renaissance</subfield>
    <subfield code="v">Exhibitions.</subfield>
  </datafield>
  <datafield tag="650" ind1=" " ind2="0">
    <subfield code="a">Drapery in art</subfield>
    <subfield code="v">Exhibitions.</subfield>
  </datafield>
  <datafield tag="650" ind1=" " ind2="7">
    <subfield code="a">Textiles et tissus</subfield>
    <subfield code="x">Dans l'art</subfield>
    <subfield code="x">Catalogues d'exposition.</subfield>
    <subfield code="2">ram</subfield>
  </datafield>
  <datafield tag="650" ind1=" " ind2="7">
    <subfield code="a">Drapé (art)</subfield>
    <subfield code="x">Catalogues d'exposition.</subfield>
    <subfield code="2">ram</subfield>
  </datafield>
  <datafield tag="650" ind1=" " ind2="7">
    <subfield code="a">Drapery in art.</subfield>
    <subfield code="2">fast</subfield>
    <subfield code="0">(OCoLC)fst00897676</subfield>
  </datafield>
  <datafield tag="650" ind1=" " ind2="7">
    <subfield code="a">Drawing, Renaissance.</subfield>
    <subfield code="2">fast</subfield>
    <subfield code="0">(OCoLC)fst00897853</subfield>
  </datafield>
  <datafield tag="655" ind1=" " ind2="4">
    <subfield code="a">Tentoonstellingscatalogus.</subfield>
    <subfield code="0">(BE-AnANE)a::pt.20:1</subfield>
  </datafield>
  <datafield tag="655" ind1=" " ind2="7">
    <subfield code="a">Exhibition catalogs.</subfield>
    <subfield code="2">fast</subfield>
    <subfield code="0">(OCoLC)fst01424028</subfield>
  </datafield>
  <datafield tag="700" ind1="1" ind2=" ">
    <subfield code="a">Viatte, Françoise.</subfield>
  </datafield>
  <datafield tag="700" ind1="1" ind2=" ">
    <subfield code="a">Ramade, Patrick.</subfield>
    <subfield code="4">edt</subfield>
  </datafield>
  <datafield tag="700" ind1="1" ind2=" ">
    <subfield code="a">Monbeig Goguel, Catherine.</subfield>
    <subfield code="4">edt</subfield>
  </datafield>
  
  
  
</record>