<record xmlns="http://www.loc.gov/MARC21/slim" xmlns:zs="http://docs.oasis-open.org/ns/search-ws/sruResponse">
  <leader>02641cam a2200685Ia 4500</leader>
  <controlfield tag="001">ocm10858323 </controlfield>
  <controlfield tag="003">OCoLC</controlfield>
  <controlfield tag="005">20160311224532.0</controlfield>
  <controlfield tag="008">840619s1982    fr       b    000 0 fre d</controlfield>
  <datafield tag="040" ind1=" " ind2=" ">
    <subfield code="a">MBB</subfield>
    <subfield code="b">eng</subfield>
    <subfield code="c">MBB</subfield>
    <subfield code="d">OCL</subfield>
    <subfield code="d">OCLCQ</subfield>
    <subfield code="d">UBA</subfield>
    <subfield code="d">NLGGC</subfield>
    <subfield code="d">LVB</subfield>
    <subfield code="d">OCLCG</subfield>
    <subfield code="d">HEBIS</subfield>
    <subfield code="d">DEBBG</subfield>
    <subfield code="d">OCLCQ</subfield>
    <subfield code="d">UKMGB</subfield>
    <subfield code="d">OCLCF</subfield>
    <subfield code="d">OCLCQ</subfield>
    <subfield code="d">OCLCO</subfield>
  </datafield>
  <datafield tag="016" ind1="7" ind2=" ">
    <subfield code="a">008445371</subfield>
    <subfield code="2">Uk</subfield>
  </datafield>
  <datafield tag="020" ind1=" " ind2=" ">
    <subfield code="a">2901386024</subfield>
  </datafield>
  <datafield tag="020" ind1=" " ind2=" ">
    <subfield code="a">9782901386025</subfield>
  </datafield>
  <datafield tag="035" ind1=" " ind2=" ">
    <subfield code="a">(OCoLC)10858323</subfield>
  </datafield>
  <datafield tag="041" ind1="1" ind2=" ">
    <subfield code="a">fre</subfield>
    <subfield code="h">ger</subfield>
  </datafield>
  <datafield tag="043" ind1=" " ind2=" ">
    <subfield code="a">e-gx---</subfield>
  </datafield>
  <datafield tag="050" ind1=" " ind2="4">
    <subfield code="a">DS141</subfield>
    <subfield code="b">.M38 1982</subfield>
  </datafield>
  <datafield tag="084" ind1=" " ind2=" ">
    <subfield code="a">BF 4260</subfield>
    <subfield code="2">rvk</subfield>
  </datafield>
  <datafield tag="100" ind1="1" ind2=" ">
    <subfield code="a">Mendelssohn, Moses,</subfield>
    <subfield code="d">1729-1786.</subfield>
  </datafield>
  <datafield tag="240" ind1="1" ind2="0">
    <subfield code="a">Jerusalem.</subfield>
    <subfield code="l">French</subfield>
  </datafield>
  <datafield tag="245" ind1="1" ind2="0">
    <subfield code="a">Jérusalem :</subfield>
    <subfield code="b">ou Pouvoir religieux et judaïsme /</subfield>
    <subfield code="c">Moses Mendelssohn ; préface d'Emmanuel Levinas ; texte traduit, présenté et annoté par Dominique Bourel.</subfield>
  </datafield>
  <datafield tag="246" ind1="3" ind2=" ">
    <subfield code="a">Pouvoir religieux et Judaïsme</subfield>
  </datafield>
  <datafield tag="260" ind1=" " ind2=" ">
    <subfield code="a">Paris :</subfield>
    <subfield code="b">Presses D'Aujourdh̓ui,</subfield>
    <subfield code="c">1982.</subfield>
  </datafield>
  <datafield tag="300" ind1=" " ind2=" ">
    <subfield code="a">206 pages ;</subfield>
    <subfield code="c">20 cm</subfield>
  </datafield>
  <datafield tag="336" ind1=" " ind2=" ">
    <subfield code="a">text</subfield>
    <subfield code="b">txt</subfield>
    <subfield code="2">rdacontent</subfield>
  </datafield>
  <datafield tag="337" ind1=" " ind2=" ">
    <subfield code="a">unmediated</subfield>
    <subfield code="b">n</subfield>
    <subfield code="2">rdamedia</subfield>
  </datafield>
  <datafield tag="338" ind1=" " ind2=" ">
    <subfield code="a">volume</subfield>
    <subfield code="b">nc</subfield>
    <subfield code="2">rdacarrier</subfield>
  </datafield>
  <datafield tag="500" ind1=" " ind2=" ">
    <subfield code="a">Translation of: Jerusalem, oder Über religiose Macht und Judentum.</subfield>
  </datafield>
  <datafield tag="504" ind1=" " ind2=" ">
    <subfield code="a">Includes bibliographical references.</subfield>
  </datafield>
  <datafield tag="650" ind1=" " ind2="0">
    <subfield code="a">Judaism</subfield>
    <subfield code="v">Works to 1900.</subfield>
  </datafield>
  <datafield tag="650" ind1=" " ind2="0">
    <subfield code="a">Jews</subfield>
    <subfield code="z">Germany</subfield>
    <subfield code="x">History</subfield>
    <subfield code="y">1096-1800.</subfield>
  </datafield>
  <datafield tag="651" ind1=" " ind2="0">
    <subfield code="a">Germany</subfield>
    <subfield code="x">Ethnic relations.</subfield>
  </datafield>
  <datafield tag="650" ind1=" " ind2="0">
    <subfield code="a">Church and state.</subfield>
  </datafield>
  <datafield tag="650" ind1=" " ind2="6">
    <subfield code="a">Judaïsme</subfield>
    <subfield code="v">Ouvrages avant 1900.</subfield>
  </datafield>
  <datafield tag="650" ind1=" " ind2="6">
    <subfield code="a">Église et État.</subfield>
  </datafield>
  <datafield tag="650" ind1=" " ind2="7">
    <subfield code="a">Church and state.</subfield>
    <subfield code="2">fast</subfield>
    <subfield code="0">(OCoLC)fst00860509</subfield>
  </datafield>
  <datafield tag="650" ind1=" " ind2="7">
    <subfield code="a">Ethnic relations.</subfield>
    <subfield code="2">fast</subfield>
    <subfield code="0">(OCoLC)fst00916005</subfield>
  </datafield>
  <datafield tag="650" ind1=" " ind2="7">
    <subfield code="a">Jews.</subfield>
    <subfield code="2">fast</subfield>
    <subfield code="0">(OCoLC)fst00983135</subfield>
  </datafield>
  <datafield tag="650" ind1=" " ind2="7">
    <subfield code="a">Judaism.</subfield>
    <subfield code="2">fast</subfield>
    <subfield code="0">(OCoLC)fst00984280</subfield>
  </datafield>
  <datafield tag="651" ind1=" " ind2="7">
    <subfield code="a">Germany.</subfield>
    <subfield code="2">fast</subfield>
    <subfield code="0">(OCoLC)fst01210272</subfield>
  </datafield>
  <datafield tag="650" ind1="1" ind2="7">
    <subfield code="a">Jodendom.</subfield>
    <subfield code="2">gtt</subfield>
  </datafield>
  <datafield tag="650" ind1="1" ind2="7">
    <subfield code="a">Filosofie.</subfield>
    <subfield code="2">gtt</subfield>
  </datafield>
  <datafield tag="650" ind1=" " ind2="7">
    <subfield code="a">Judaísmo.</subfield>
    <subfield code="2">larpcal</subfield>
  </datafield>
  <datafield tag="600" ind1="1" ind2="7">
    <subfield code="a">Mendelssohn, Moses.</subfield>
    <subfield code="2">swd</subfield>
  </datafield>
  <datafield tag="630" ind1="0" ind2="7">
    <subfield code="a">Jerusalem oder über religiöse Macht und Judentum.</subfield>
    <subfield code="2">swd</subfield>
  </datafield>
  <datafield tag="648" ind1=" " ind2="7">
    <subfield code="a">1096 - 1800</subfield>
    <subfield code="2">fast</subfield>
  </datafield>
  <datafield tag="655" ind1=" " ind2="7">
    <subfield code="a">Early works.</subfield>
    <subfield code="2">fast</subfield>
    <subfield code="0">(OCoLC)fst01411636</subfield>
  </datafield>
  <datafield tag="655" ind1=" " ind2="7">
    <subfield code="a">History.</subfield>
    <subfield code="2">fast</subfield>
    <subfield code="0">(OCoLC)fst01411628</subfield>
  </datafield>
  <datafield tag="700" ind1="1" ind2=" ">
    <subfield code="a">Lévinas, Emmanuel.</subfield>
  </datafield>
  <datafield tag="700" ind1="1" ind2=" ">
    <subfield code="a">Bourel, Dominique.</subfield>
  </datafield>
  
  
  
  
  
  
  
  
  
  
</record>