<record xmlns="http://www.loc.gov/MARC21/slim" xmlns:zs="http://docs.oasis-open.org/ns/search-ws/sruResponse">
  <leader>02797cam a2200757 a 4500</leader>
  <controlfield tag="001">ocm53218698 </controlfield>
  <controlfield tag="003">OCoLC</controlfield>
  <controlfield tag="005">20160311225003.0</controlfield>
  <controlfield tag="008">030514s2003    fr       b    000 0 fre c</controlfield>
  <datafield tag="010" ind1=" " ind2=" ">
    <subfield code="a">  2003485488</subfield>
  </datafield>
  <datafield tag="040" ind1=" " ind2=" ">
    <subfield code="a">CSt</subfield>
    <subfield code="b">eng</subfield>
    <subfield code="c">STF</subfield>
    <subfield code="d">DLC</subfield>
    <subfield code="d">TZT</subfield>
    <subfield code="d">LVB</subfield>
    <subfield code="d">UQ1</subfield>
    <subfield code="d">YDXCP</subfield>
    <subfield code="d">GEBAY</subfield>
    <subfield code="d">OCLCF</subfield>
    <subfield code="d">OCLCO</subfield>
    <subfield code="d">OCL</subfield>
  </datafield>
  <datafield tag="019" ind1=" " ind2=" ">
    <subfield code="a">52267864</subfield>
  </datafield>
  <datafield tag="020" ind1=" " ind2=" ">
    <subfield code="a">2707140562</subfield>
  </datafield>
  <datafield tag="020" ind1=" " ind2=" ">
    <subfield code="a">9782707140562</subfield>
  </datafield>
  <datafield tag="035" ind1=" " ind2=" ">
    <subfield code="a">(OCoLC)53218698</subfield>
    <subfield code="z">(OCoLC)52267864</subfield>
  </datafield>
  <datafield tag="043" ind1=" " ind2=" ">
    <subfield code="a">e------</subfield>
    <subfield code="a">n-us---</subfield>
  </datafield>
  <datafield tag="050" ind1="0" ind2="0">
    <subfield code="a">D1065.U5</subfield>
    <subfield code="b">B24 2003</subfield>
  </datafield>
  <datafield tag="072" ind1=" " ind2="7">
    <subfield code="a">JX</subfield>
    <subfield code="2">lcco</subfield>
  </datafield>
  <datafield tag="082" ind1="1" ind2="4">
    <subfield code="a">320</subfield>
    <subfield code="2">1</subfield>
  </datafield>
  <datafield tag="100" ind1="1" ind2=" ">
    <subfield code="a">Balibar, Étienne,</subfield>
    <subfield code="d">1942-</subfield>
  </datafield>
  <datafield tag="245" ind1="1" ind2="2">
    <subfield code="a">L'Europe, l'Amérique, la guerre :</subfield>
    <subfield code="b">réflexions sur la médiation européenne /</subfield>
    <subfield code="c">Etienne Balibar.</subfield>
  </datafield>
  <datafield tag="260" ind1=" " ind2=" ">
    <subfield code="a">Paris :</subfield>
    <subfield code="b">La Découverte,</subfield>
    <subfield code="c">2003.</subfield>
  </datafield>
  <datafield tag="300" ind1=" " ind2=" ">
    <subfield code="a">191 p. ;</subfield>
    <subfield code="c">22 cm.</subfield>
  </datafield>
  <datafield tag="336" ind1=" " ind2=" ">
    <subfield code="a">text</subfield>
    <subfield code="b">txt</subfield>
    <subfield code="2">rdacontent</subfield>
  </datafield>
  <datafield tag="337" ind1=" " ind2=" ">
    <subfield code="a">unmediated</subfield>
    <subfield code="b">n</subfield>
    <subfield code="2">rdamedia</subfield>
  </datafield>
  <datafield tag="338" ind1=" " ind2=" ">
    <subfield code="a">volume</subfield>
    <subfield code="b">nc</subfield>
    <subfield code="2">rdacarrier</subfield>
  </datafield>
  <datafield tag="490" ind1="1" ind2=" ">
    <subfield code="a">Cahiers libres</subfield>
  </datafield>
  <datafield tag="504" ind1=" " ind2=" ">
    <subfield code="a">Includes bibliographical references.</subfield>
  </datafield>
  <datafield tag="651" ind1=" " ind2="0">
    <subfield code="a">Europe</subfield>
    <subfield code="x">Foreign relations</subfield>
    <subfield code="z">United States.</subfield>
  </datafield>
  <datafield tag="651" ind1=" " ind2="0">
    <subfield code="a">United States</subfield>
    <subfield code="x">Foreign relations</subfield>
    <subfield code="z">Europe.</subfield>
  </datafield>
  <datafield tag="651" ind1=" " ind2="0">
    <subfield code="a">United States</subfield>
    <subfield code="x">Foreign relations</subfield>
    <subfield code="y">2001-</subfield>
  </datafield>
  <datafield tag="651" ind1=" " ind2="0">
    <subfield code="a">Europe</subfield>
    <subfield code="x">Foreign relations</subfield>
    <subfield code="y">1989-</subfield>
  </datafield>
  <datafield tag="651" ind1=" " ind2="0">
    <subfield code="a">United States</subfield>
    <subfield code="x">Military policy.</subfield>
  </datafield>
  <datafield tag="650" ind1=" " ind2="6">
    <subfield code="a">Géopolitique</subfield>
    <subfield code="z">Europe.</subfield>
  </datafield>
  <datafield tag="650" ind1=" " ind2="6">
    <subfield code="a">Médiation internationale.</subfield>
  </datafield>
  <datafield tag="651" ind1=" " ind2="6">
    <subfield code="a">Europe</subfield>
    <subfield code="x">Relations extérieures</subfield>
    <subfield code="z">États-Unis.</subfield>
  </datafield>
  <datafield tag="651" ind1=" " ind2="6">
    <subfield code="a">États-Unis</subfield>
    <subfield code="x">Relations extérieures</subfield>
    <subfield code="z">Europe.</subfield>
  </datafield>
  <datafield tag="651" ind1=" " ind2="6">
    <subfield code="a">États-Unis</subfield>
    <subfield code="x">Politique militaire.</subfield>
  </datafield>
  <datafield tag="650" ind1=" " ind2="7">
    <subfield code="a">Géopolitique.</subfield>
    <subfield code="2">rasuqam</subfield>
  </datafield>
  <datafield tag="650" ind1=" " ind2="7">
    <subfield code="a">Médiation internationale.</subfield>
    <subfield code="2">rasuqam</subfield>
  </datafield>
  <datafield tag="650" ind1=" " ind2="7">
    <subfield code="a">Politique étrangère.</subfield>
    <subfield code="2">rasuqam</subfield>
  </datafield>
  <datafield tag="650" ind1=" " ind2="7">
    <subfield code="a">Politique militaire.</subfield>
    <subfield code="2">rasuqam</subfield>
  </datafield>
  <datafield tag="651" ind1=" " ind2="7">
    <subfield code="a">États-Unis.</subfield>
    <subfield code="2">rasuqam</subfield>
  </datafield>
  <datafield tag="651" ind1=" " ind2="7">
    <subfield code="a">Europe.</subfield>
    <subfield code="2">rasuqam</subfield>
  </datafield>
  <datafield tag="650" ind1="0" ind2="7">
    <subfield code="a">Weltpolitik.</subfield>
    <subfield code="2">swd</subfield>
  </datafield>
  <datafield tag="651" ind1=" " ind2="7">
    <subfield code="a">USA.</subfield>
    <subfield code="2">swd</subfield>
  </datafield>
  <datafield tag="651" ind1=" " ind2="7">
    <subfield code="a">Europa.</subfield>
    <subfield code="2">swd</subfield>
  </datafield>
  <datafield tag="650" ind1=" " ind2="7">
    <subfield code="a">Diplomatic relations.</subfield>
    <subfield code="2">fast</subfield>
    <subfield code="0">(OCoLC)fst01907412</subfield>
  </datafield>
  <datafield tag="650" ind1=" " ind2="7">
    <subfield code="a">Military policy.</subfield>
    <subfield code="2">fast</subfield>
    <subfield code="0">(OCoLC)fst01021386</subfield>
  </datafield>
  <datafield tag="651" ind1=" " ind2="7">
    <subfield code="a">Europe.</subfield>
    <subfield code="2">fast</subfield>
    <subfield code="0">(OCoLC)fst01245064</subfield>
  </datafield>
  <datafield tag="651" ind1=" " ind2="7">
    <subfield code="a">United States.</subfield>
    <subfield code="2">fast</subfield>
    <subfield code="0">(OCoLC)fst01204155</subfield>
  </datafield>
  <datafield tag="648" ind1=" " ind2="7">
    <subfield code="a">Since 1989</subfield>
    <subfield code="2">fast</subfield>
  </datafield>
  <datafield tag="653" ind1=" " ind2=" ">
    <subfield code="a">Geopolitics</subfield>
    <subfield code="a">Europe and USA</subfield>
    <subfield code="a">New World Order</subfield>
  </datafield>
  <datafield tag="830" ind1=" " ind2="0">
    <subfield code="a">Cahiers libres.</subfield>
  </datafield>
  
  
  
  
  
  
  
  
  
  
  
  
</record>