<record xmlns="http://www.loc.gov/MARC21/slim" xmlns:zs="http://docs.oasis-open.org/ns/search-ws/sruResponse">
  <leader>02208cam a2200493Mi 4500</leader>
  <controlfield tag="001">ocn421957935</controlfield>
  <controlfield tag="003">OCoLC</controlfield>
  <controlfield tag="005">20160311224446.0</controlfield>
  <controlfield tag="008">010725s2001    fr     g b    000 0 fre d</controlfield>
  <datafield tag="040" ind1=" " ind2=" ">
    <subfield code="a">FRBML</subfield>
    <subfield code="b">fre</subfield>
    <subfield code="c">FRBML</subfield>
    <subfield code="d">BDF</subfield>
    <subfield code="d">OCLCQ</subfield>
    <subfield code="d">MUQ</subfield>
    <subfield code="d">OCLCQ</subfield>
    <subfield code="d">CHRRO</subfield>
    <subfield code="d">FRMCM</subfield>
    <subfield code="d">UQ1</subfield>
    <subfield code="d">CNMON</subfield>
    <subfield code="d">OCLCO</subfield>
  </datafield>
  <datafield tag="016" ind1="7" ind2=" ">
    <subfield code="a">FRBNF38894937000000X</subfield>
    <subfield code="2">FrPBN</subfield>
  </datafield>
  <datafield tag="020" ind1=" " ind2=" ">
    <subfield code="a">2841861554 (Br)</subfield>
  </datafield>
  <datafield tag="020" ind1=" " ind2=" ">
    <subfield code="a">9782841861552 (Br)</subfield>
  </datafield>
  <datafield tag="035" ind1=" " ind2=" ">
    <subfield code="a">(OCoLC)421957935</subfield>
  </datafield>
  <datafield tag="050" ind1="1" ind2="4">
    <subfield code="a">BX9418</subfield>
    <subfield code="b">.M78 2001</subfield>
  </datafield>
  <datafield tag="082" ind1="1" ind2="4">
    <subfield code="a">284.2</subfield>
  </datafield>
  <datafield tag="100" ind1="1" ind2=" ">
    <subfield code="a">Müller, Denis,</subfield>
    <subfield code="d">1947-</subfield>
  </datafield>
  <datafield tag="245" ind1="1" ind2="0">
    <subfield code="a">Jean Calvin :</subfield>
    <subfield code="b">puissance de la loi et limite du pouvoir /</subfield>
    <subfield code="c">Denis Müller.</subfield>
  </datafield>
  <datafield tag="260" ind1=" " ind2=" ">
    <subfield code="a">Paris :</subfield>
    <subfield code="b">Michalon,</subfield>
    <subfield code="c">2001.</subfield>
  </datafield>
  <datafield tag="300" ind1=" " ind2=" ">
    <subfield code="a">122 p. ;</subfield>
    <subfield code="c">19 cm.</subfield>
  </datafield>
  <datafield tag="490" ind1="0" ind2=" ">
    <subfield code="a">Le bien commun</subfield>
  </datafield>
  <datafield tag="504" ind1=" " ind2=" ">
    <subfield code="a">Bibliogr. p. 117-[122].</subfield>
  </datafield>
  <datafield tag="520" ind1=" " ind2=" ">
    <subfield code="a">L'éthique calviniste est à la fois religieuse, inspirée par Luther, et éthique: la loi morale prescrit le droit de la cité. D'où le rôle ambigu de l'Eglise libératrice et dominatrice de l'individu. Contradiction qui nourrit le régime de méta-modernité aujourd'hui en question.</subfield>
  </datafield>
  <datafield tag="600" ind1="1" ind2="4">
    <subfield code="a">Calvin, Jean,</subfield>
    <subfield code="d">1509-1564.</subfield>
    <subfield code="x">Critique et interprétation.</subfield>
  </datafield>
  <datafield tag="600" ind1="1" ind2="7">
    <subfield code="a">Calvin, Jean,</subfield>
    <subfield code="d">1509-1564.</subfield>
    <subfield code="x">Contribution à la théologie politique.</subfield>
    <subfield code="2">ram</subfield>
  </datafield>
  <datafield tag="600" ind1="1" ind2="6">
    <subfield code="a">Calvin, Jean,</subfield>
    <subfield code="d">1509-1564</subfield>
    <subfield code="x">Morale.</subfield>
  </datafield>
  <datafield tag="600" ind1="1" ind2="6">
    <subfield code="a">Calvin, Jean,</subfield>
    <subfield code="d">1509-1564</subfield>
    <subfield code="x">Pensée politique et sociale.</subfield>
  </datafield>
  <datafield tag="650" ind1=" " ind2="6">
    <subfield code="a">Morale chrétienne</subfield>
    <subfield code="x">Histoire</subfield>
    <subfield code="y">16e siècle.</subfield>
  </datafield>
  <datafield tag="650" ind1=" " ind2="6">
    <subfield code="a">Calvinisme.</subfield>
  </datafield>
  <datafield tag="600" ind1="1" ind2="7">
    <subfield code="a">Calvin, Jean.</subfield>
    <subfield code="2">rero</subfield>
  </datafield>
  <datafield tag="650" ind1=" " ind2="7">
    <subfield code="a">Philosophie</subfield>
    <subfield code="x">Recht und Moral</subfield>
    <subfield code="x">Politik</subfield>
    <subfield code="x">Religion</subfield>
    <subfield code="x">Rechtsphilosophie</subfield>
    <subfield code="x">Theologie</subfield>
    <subfield code="x">Staat und Kirche</subfield>
    <subfield code="x">Calvin Jean.</subfield>
    <subfield code="2">cjurivoc</subfield>
  </datafield>
  <datafield tag="650" ind1=" " ind2="7">
    <subfield code="a">morale politique</subfield>
    <subfield code="x">Calvin, Jean.</subfield>
    <subfield code="2">rero</subfield>
  </datafield>
  <datafield tag="650" ind1="1" ind2="7">
    <subfield code="a">Calvinisme.</subfield>
    <subfield code="2">rasuqam</subfield>
  </datafield>
  <datafield tag="650" ind1=" " ind2="7">
    <subfield code="a">Théologie.</subfield>
    <subfield code="2">rasuqam</subfield>
  </datafield>
  <datafield tag="600" ind1="1" ind2="0">
    <subfield code="a">Calvin, Jean,</subfield>
    <subfield code="d">1509-1564</subfield>
    <subfield code="x">Pensée politique et sociale.</subfield>
  </datafield>
  <datafield tag="760" ind1="0" ind2=" ">
    <subfield code="t">Bien commun</subfield>
  </datafield>
  <datafield tag="856" ind1="4" ind2="2">
    <subfield code="3">Notice et cote du catalogue de la Bibliothèque nationale de France</subfield>
    <subfield code="u">http://catalogue.bnf.fr/ark:/12148/cb38894937h</subfield>
  </datafield>
  <datafield tag="886" ind1="2" ind2=" ">
    <subfield code="a">801</subfield>
    <subfield code="b">3</subfield>
    <subfield code="a">FR</subfield>
    <subfield code="b">Electre</subfield>
    <subfield code="c">20011004</subfield>
    <subfield code="g">AFNOR</subfield>
    <subfield code="2">unimarc</subfield>
  </datafield>
  
  
  
  
  
  
</record>