<record xmlns="http://www.loc.gov/MARC21/slim" xmlns:zs="http://docs.oasis-open.org/ns/search-ws/sruResponse">
  <leader>01121cam a2200349Mi 4500</leader>
  <controlfield tag="001">ocn906460866</controlfield>
  <controlfield tag="003">OCoLC</controlfield>
  <controlfield tag="005">20160311222625.0</controlfield>
  <controlfield tag="008">850524s1984    fr            000 0 fre d</controlfield>
  <datafield tag="040" ind1=" " ind2=" ">
    <subfield code="a">NLGGC</subfield>
    <subfield code="b">dut</subfield>
    <subfield code="e">fobidrtb</subfield>
    <subfield code="c">NLGGC</subfield>
    <subfield code="d">OCLCO</subfield>
    <subfield code="d">OCLCF</subfield>
  </datafield>
  <datafield tag="020" ind1=" " ind2=" ">
    <subfield code="a">2905373008</subfield>
  </datafield>
  <datafield tag="020" ind1=" " ind2=" ">
    <subfield code="a">9782905373007</subfield>
  </datafield>
  <datafield tag="035" ind1=" " ind2=" ">
    <subfield code="a">(OCoLC)906460866</subfield>
  </datafield>
  <datafield tag="050" ind1=" " ind2="4">
    <subfield code="a">NB1135</subfield>
    <subfield code="b">.B46 1984</subfield>
  </datafield>
  <datafield tag="100" ind1="1" ind2=" ">
    <subfield code="a">Bénézet, Mathieu,</subfield>
    <subfield code="d">1946-</subfield>
  </datafield>
  <datafield tag="245" ind1="1" ind2="0">
    <subfield code="a">Choses parmi les choses :</subfield>
    <subfield code="b">essai de voir /</subfield>
    <subfield code="c">Mathieu Bénézet ; avec 25 photogr. par Denis Pasquier.</subfield>
  </datafield>
  <datafield tag="260" ind1=" " ind2=" ">
    <subfield code="a">[Rennes Cedex] :</subfield>
    <subfield code="b">Ubacs,</subfield>
    <subfield code="c">1984.</subfield>
  </datafield>
  <datafield tag="300" ind1=" " ind2=" ">
    <subfield code="a">107 p. :</subfield>
    <subfield code="b">ill. ;</subfield>
    <subfield code="c">27 cm.</subfield>
  </datafield>
  <datafield tag="336" ind1=" " ind2=" ">
    <subfield code="a">tekst</subfield>
    <subfield code="b">txt</subfield>
    <subfield code="2">rdacontent/dut</subfield>
  </datafield>
  <datafield tag="337" ind1=" " ind2=" ">
    <subfield code="a">zonder medium</subfield>
    <subfield code="b">n</subfield>
    <subfield code="2">rdamedia/dut</subfield>
  </datafield>
  <datafield tag="338" ind1=" " ind2=" ">
    <subfield code="a">band</subfield>
    <subfield code="b">nc</subfield>
    <subfield code="2">rdacarrier/dut</subfield>
  </datafield>
  <datafield tag="490" ind1="0" ind2=" ">
    <subfield code="a">Collection Liber</subfield>
  </datafield>
  <datafield tag="650" ind1=" " ind2="0">
    <subfield code="a">Sculpture.</subfield>
  </datafield>
  <datafield tag="650" ind1=" " ind2="0">
    <subfield code="a">Aesthetics.</subfield>
  </datafield>
  <datafield tag="650" ind1=" " ind2="6">
    <subfield code="a">Sculpture</subfield>
    <subfield code="x">Philosophie.</subfield>
  </datafield>
  <datafield tag="650" ind1=" " ind2="6">
    <subfield code="a">Esthétique.</subfield>
  </datafield>
  <datafield tag="650" ind1=" " ind2="7">
    <subfield code="a">Aesthetics.</subfield>
    <subfield code="2">fast</subfield>
    <subfield code="0">(OCoLC)fst00798702</subfield>
  </datafield>
  <datafield tag="650" ind1=" " ind2="7">
    <subfield code="a">Sculpture.</subfield>
    <subfield code="2">fast</subfield>
    <subfield code="0">(OCoLC)fst01109483</subfield>
  </datafield>
  <datafield tag="700" ind1="1" ind2=" ">
    <subfield code="a">Pasquier, Denis.</subfield>
  </datafield>
  
  
  
</record>