<record xmlns="http://www.loc.gov/MARC21/slim" xmlns:zs="http://docs.oasis-open.org/ns/search-ws/sruResponse">
  <leader>04284cam a2200949 a 4500</leader>
  <controlfield tag="001">ocm33031717 </controlfield>
  <controlfield tag="003">OCoLC</controlfield>
  <controlfield tag="005">20160311223703.0</controlfield>
  <controlfield tag="008">951011s1995    fr       b    000 0 fre d</controlfield>
  <datafield tag="010" ind1=" " ind2=" ">
    <subfield code="a">   95213581 </subfield>
  </datafield>
  <datafield tag="040" ind1=" " ind2=" ">
    <subfield code="a">CU-SC</subfield>
    <subfield code="b">eng</subfield>
    <subfield code="c">DLC</subfield>
    <subfield code="d">CUZ</subfield>
    <subfield code="d">UIU</subfield>
    <subfield code="d">NLGGC</subfield>
    <subfield code="d">LVB</subfield>
    <subfield code="d">OCLCG</subfield>
    <subfield code="d">GEBAY</subfield>
    <subfield code="d">ZWZ</subfield>
    <subfield code="d">GBVCP</subfield>
    <subfield code="d">OCLCO</subfield>
    <subfield code="d">OCLCF</subfield>
    <subfield code="d">OCLCQ</subfield>
    <subfield code="d">DEBBG</subfield>
  </datafield>
  <datafield tag="020" ind1=" " ind2=" ">
    <subfield code="a">2841740048</subfield>
    <subfield code="z">2841741048</subfield>
  </datafield>
  <datafield tag="020" ind1=" " ind2=" ">
    <subfield code="a">9782841740048</subfield>
  </datafield>
  <datafield tag="035" ind1=" " ind2=" ">
    <subfield code="a">(OCoLC)33031717</subfield>
  </datafield>
  <datafield tag="041" ind1="1" ind2=" ">
    <subfield code="a">fre</subfield>
    <subfield code="h">ita</subfield>
  </datafield>
  <datafield tag="042" ind1=" " ind2=" ">
    <subfield code="a">lccopycat</subfield>
  </datafield>
  <datafield tag="050" ind1="0" ind2="0">
    <subfield code="a">B2430.L484</subfield>
    <subfield code="b">D54 1995</subfield>
  </datafield>
  <datafield tag="082" ind1="0" ind2="0">
    <subfield code="a">194</subfield>
    <subfield code="2">21</subfield>
  </datafield>
  <datafield tag="084" ind1=" " ind2=" ">
    <subfield code="a">08.38</subfield>
    <subfield code="2">bcl</subfield>
  </datafield>
  <datafield tag="084" ind1=" " ind2=" ">
    <subfield code="a">08.36</subfield>
    <subfield code="2">bcl</subfield>
  </datafield>
  <datafield tag="084" ind1=" " ind2=" ">
    <subfield code="a">08.25</subfield>
    <subfield code="2">bcl</subfield>
  </datafield>
  <datafield tag="084" ind1=" " ind2=" ">
    <subfield code="a">5,1</subfield>
    <subfield code="2">ssgn</subfield>
  </datafield>
  <datafield tag="084" ind1=" " ind2=" ">
    <subfield code="a">CI 5823</subfield>
    <subfield code="2">rvk</subfield>
  </datafield>
  <datafield tag="084" ind1=" " ind2=" ">
    <subfield code="a">CI 5837</subfield>
    <subfield code="2">rvk</subfield>
  </datafield>
  <datafield tag="245" ind1="0" ind2="3">
    <subfield code="a">La Différence comme non-indifférence :</subfield>
    <subfield code="b">éthique et altérité chez Emmanuel Lévinas : le séminaire du Collège international de philosophie /</subfield>
    <subfield code="c">E. Lévinas ... [et al. ; sous la direction d'Arno Münster].</subfield>
  </datafield>
  <datafield tag="246" ind1="3" ind2="0">
    <subfield code="a">Ethique et altérité chez Emmanuel Lévinas</subfield>
  </datafield>
  <datafield tag="260" ind1=" " ind2=" ">
    <subfield code="a">Paris :</subfield>
    <subfield code="b">Editions Kimé,</subfield>
    <subfield code="c">©1995.</subfield>
  </datafield>
  <datafield tag="300" ind1=" " ind2=" ">
    <subfield code="a">150 pages ;</subfield>
    <subfield code="c">21 cm.</subfield>
  </datafield>
  <datafield tag="336" ind1=" " ind2=" ">
    <subfield code="a">text</subfield>
    <subfield code="b">txt</subfield>
    <subfield code="2">rdacontent</subfield>
  </datafield>
  <datafield tag="337" ind1=" " ind2=" ">
    <subfield code="a">unmediated</subfield>
    <subfield code="b">n</subfield>
    <subfield code="2">rdamedia</subfield>
  </datafield>
  <datafield tag="338" ind1=" " ind2=" ">
    <subfield code="a">volume</subfield>
    <subfield code="b">nc</subfield>
    <subfield code="2">rdacarrier</subfield>
  </datafield>
  <datafield tag="490" ind1="1" ind2=" ">
    <subfield code="a">Collection "Philosophie, épistémologie"</subfield>
  </datafield>
  <datafield tag="504" ind1=" " ind2=" ">
    <subfield code="a">Includes bibliographical references (pages 145-147).</subfield>
  </datafield>
  <datafield tag="505" ind1="0" ind2=" ">
    <subfield code="a">Introduction / Arno Münster -- Au dehors : les enjeux de l'altérité chez Emmanuel Lévinas / Guy Petitdemange -- L'autre dans la phénoménologie de Husserl, chez Sartre et chez Emmanuel Lévinas, ou, de "l'alter ego" vers le désir d'autrui / Arno Münster -- Anamnèse et immémorial (à propos de "Autrement qu'être ou au-delà de l'essence" d'Emmanuel Lévinas) / Elisabeth Weber -- L'idée de création dans l'œuvre de Lévinas / Silvano Petrosino -- "Divine comédie" : la question de Dieu chez Lévinas / Jacques Rolland -- Emmanuel Lévinas : visage et violence première (phénoménologie de l'éthique) : une interview.</subfield>
  </datafield>
  <datafield tag="600" ind1="1" ind2="0">
    <subfield code="a">Lévinas, Emmanuel.</subfield>
  </datafield>
  <datafield tag="600" ind1="1" ind2="0">
    <subfield code="a">Lévinas, Emmanuel</subfield>
    <subfield code="x">Ethics.</subfield>
  </datafield>
  <datafield tag="650" ind1=" " ind2="0">
    <subfield code="a">Difference (Philosophy)</subfield>
  </datafield>
  <datafield tag="600" ind1="1" ind2="6">
    <subfield code="a">Levinas, Emmanuel</subfield>
    <subfield code="v">Congrès.</subfield>
  </datafield>
  <datafield tag="650" ind1=" " ind2="6">
    <subfield code="a">Morale</subfield>
    <subfield code="y">20e siècle.</subfield>
  </datafield>
  <datafield tag="650" ind1=" " ind2="6">
    <subfield code="a">Altérité</subfield>
  </datafield>
  <datafield tag="600" ind1="1" ind2="7">
    <subfield code="a">Lévinas, Emmanuel.</subfield>
    <subfield code="2">fast</subfield>
    <subfield code="0">(OCoLC)fst00046641</subfield>
  </datafield>
  <datafield tag="650" ind1=" " ind2="7">
    <subfield code="a">Difference (Philosophy)</subfield>
    <subfield code="2">fast</subfield>
    <subfield code="0">(OCoLC)fst00893405</subfield>
  </datafield>
  <datafield tag="650" ind1=" " ind2="7">
    <subfield code="a">Ethics.</subfield>
    <subfield code="2">fast</subfield>
    <subfield code="0">(OCoLC)fst00915833</subfield>
  </datafield>
  <datafield tag="650" ind1="1" ind2="7">
    <subfield code="a">Ethiek.</subfield>
    <subfield code="2">gtt</subfield>
  </datafield>
  <datafield tag="650" ind1="1" ind2="7">
    <subfield code="a">De ander.</subfield>
    <subfield code="2">gtt</subfield>
  </datafield>
  <datafield tag="600" ind1="1" ind2="7">
    <subfield code="a">Levinas, Emmanuel,</subfield>
    <subfield code="d">(1906-1995)</subfield>
    <subfield code="x">Contribution au concept d'altérité</subfield>
    <subfield code="x">Congrès.</subfield>
    <subfield code="2">ram</subfield>
  </datafield>
  <datafield tag="650" ind1=" " ind2="7">
    <subfield code="a">Différence (philosophie)</subfield>
    <subfield code="x">Congrès.</subfield>
    <subfield code="2">ram</subfield>
  </datafield>
  <datafield tag="650" ind1=" " ind2="7">
    <subfield code="a">Altérité (philosophie)</subfield>
    <subfield code="x">Congrès.</subfield>
    <subfield code="2">ram</subfield>
  </datafield>
  <datafield tag="600" ind1="1" ind2="7">
    <subfield code="a">Lévinas, Emmanuel.</subfield>
    <subfield code="2">swd</subfield>
  </datafield>
  <datafield tag="650" ind1="0" ind2="7">
    <subfield code="a">Philosophie.</subfield>
    <subfield code="2">swd</subfield>
  </datafield>
  <datafield tag="650" ind1="0" ind2="7">
    <subfield code="a">Aufsatzsammlung.</subfield>
    <subfield code="2">swd</subfield>
  </datafield>
  <datafield tag="650" ind1="0" ind2="7">
    <subfield code="a">Der Andere.</subfield>
    <subfield code="2">swd</subfield>
  </datafield>
  <datafield tag="600" ind1="1" ind2="4">
    <subfield code="a">Levinas, Emmanuel - Congrès.</subfield>
  </datafield>
  <datafield tag="600" ind1="1" ind2="7">
    <subfield code="a">Lévinas, Emmanuel,</subfield>
    <subfield code="d">1906-1995.</subfield>
    <subfield code="0">(DE-588)118572350</subfield>
    <subfield code="2">gnd</subfield>
  </datafield>
  <datafield tag="650" ind1=" " ind2="4">
    <subfield code="a">Altérité.</subfield>
  </datafield>
  <datafield tag="650" ind1=" " ind2="4">
    <subfield code="a">Morale - 20e siècle.</subfield>
  </datafield>
  <datafield tag="650" ind1="0" ind2="7">
    <subfield code="a">Der Andere.</subfield>
    <subfield code="0">(DE-588)4138928-1</subfield>
    <subfield code="2">gnd</subfield>
  </datafield>
  <datafield tag="650" ind1="0" ind2="7">
    <subfield code="a">Philosophie.</subfield>
    <subfield code="0">(DE-588)4045791-6</subfield>
    <subfield code="2">gnd</subfield>
  </datafield>
  <datafield tag="653" ind1=" " ind2="0">
    <subfield code="a">Difference (Philosophy)</subfield>
  </datafield>
  <datafield tag="653" ind1=" " ind2="0">
    <subfield code="a">Lévinas, Emmanuel</subfield>
  </datafield>
  <datafield tag="653" ind1=" " ind2="0">
    <subfield code="a">Lévinas, Emmanuel</subfield>
    <subfield code="a">Ethics</subfield>
  </datafield>
  <datafield tag="655" ind1=" " ind2="4">
    <subfield code="a">Aufsatzsammlung.</subfield>
  </datafield>
  <datafield tag="700" ind1="1" ind2=" ">
    <subfield code="a">Lévinas, Emmanuel.</subfield>
  </datafield>
  <datafield tag="700" ind1="1" ind2=" ">
    <subfield code="a">Münster, Arno,</subfield>
    <subfield code="d">1942-</subfield>
  </datafield>
  <datafield tag="710" ind1="2" ind2=" ">
    <subfield code="a">Collège international de philosophie.</subfield>
  </datafield>
  <datafield tag="830" ind1=" " ind2="0">
    <subfield code="a">Collection Philosophie, épistémologie.</subfield>
  </datafield>
  
  
  
  
  
  
  
  
  
  
  
  
  
  
  
  
</record>