<record xmlns="http://www.loc.gov/MARC21/slim" xmlns:zs="http://docs.oasis-open.org/ns/search-ws/sruResponse">
  <leader>00882cam a2200277Ma 4500</leader>
  <controlfield tag="001">ocn865148476</controlfield>
  <controlfield tag="003">OCoLC</controlfield>
  <controlfield tag="005">20160311224632.0</controlfield>
  <controlfield tag="008">060922s2001    sp     d l    000 u spa d</controlfield>
  <datafield tag="040" ind1=" " ind2=" ">
    <subfield code="a">MXUCS</subfield>
    <subfield code="b">spa</subfield>
    <subfield code="c">MXUCS</subfield>
    <subfield code="d">OCLCQ</subfield>
  </datafield>
  <datafield tag="020" ind1=" " ind2=" ">
    <subfield code="a">8495897008</subfield>
  </datafield>
  <datafield tag="020" ind1=" " ind2=" ">
    <subfield code="a">9788495897008</subfield>
  </datafield>
  <datafield tag="035" ind1=" " ind2=" ">
    <subfield code="a">(OCoLC)865148476</subfield>
  </datafield>
  <datafield tag="050" ind1=" " ind2="4">
    <subfield code="a">HM131</subfield>
    <subfield code="b">N3.C6</subfield>
  </datafield>
  <datafield tag="100" ind1="1" ind2=" ">
    <subfield code="a">Nancy, Jean-Luc.</subfield>
  </datafield>
  <datafield tag="245" ind1="1" ind2="3">
    <subfield code="a">La comunidad desobrada /</subfield>
    <subfield code="c">Jean-Luc Nancy ; tr. Pablo Perera.</subfield>
  </datafield>
  <datafield tag="250" ind1=" " ind2=" ">
    <subfield code="a">-</subfield>
  </datafield>
  <datafield tag="260" ind1=" " ind2=" ">
    <subfield code="a">Madrid, España :</subfield>
    <subfield code="b">Arena,</subfield>
    <subfield code="c">[2001]</subfield>
  </datafield>
  <datafield tag="300" ind1=" " ind2=" ">
    <subfield code="a">206 p. ;</subfield>
    <subfield code="c">21 cm</subfield>
  </datafield>
  <datafield tag="500" ind1=" " ind2=" ">
    <subfield code="a">Procedencia: C.</subfield>
  </datafield>
  <datafield tag="505" ind1="0" ind2=" ">
    <subfield code="a">Contenido: La comunidad desobrada -- El mito interrumpido -- El comunismo literario -- El ser-en-común -- La historia finita.</subfield>
  </datafield>
  <datafield tag="500" ind1=" " ind2=" ">
    <subfield code="a">La communauté désoeuvrée.</subfield>
  </datafield>
  <datafield tag="650" ind1=" " ind2="4">
    <subfield code="a">Comunidad.</subfield>
  </datafield>
  <datafield tag="700" ind1="1" ind2=" ">
    <subfield code="a">Perera, Pablo,</subfield>
    <subfield code="e">tr.</subfield>
  </datafield>
  
  
</record>