<record xmlns="http://www.loc.gov/MARC21/slim" xmlns:zs="http://docs.oasis-open.org/ns/search-ws/sruResponse">
  <leader>01569cam a2200421Ii 4500</leader>
  <controlfield tag="001">ocm35816375 </controlfield>
  <controlfield tag="003">OCoLC</controlfield>
  <controlfield tag="005">20160311224820.0</controlfield>
  <controlfield tag="008">961030s1963    nyu      b    000 0 eng d</controlfield>
  <datafield tag="040" ind1=" " ind2=" ">
    <subfield code="a">RCL</subfield>
    <subfield code="b">eng</subfield>
    <subfield code="c">RCL</subfield>
    <subfield code="d">OCL</subfield>
    <subfield code="d">OCLCQ</subfield>
    <subfield code="d">YDXCP</subfield>
    <subfield code="d">OCLCG</subfield>
    <subfield code="d">IEG</subfield>
    <subfield code="d">OCLCQ</subfield>
    <subfield code="d">OCLCA</subfield>
    <subfield code="d">OCLCF</subfield>
    <subfield code="d">OCLCO</subfield>
    <subfield code="d">OCLCQ</subfield>
  </datafield>
  <datafield tag="019" ind1=" " ind2=" ">
    <subfield code="a">231724983</subfield>
  </datafield>
  <datafield tag="020" ind1=" " ind2=" ">
    <subfield code="a">0451624742</subfield>
  </datafield>
  <datafield tag="020" ind1=" " ind2=" ">
    <subfield code="a">9780451624741</subfield>
  </datafield>
  <datafield tag="035" ind1=" " ind2=" ">
    <subfield code="a">(OCoLC)35816375</subfield>
    <subfield code="z">(OCoLC)231724983</subfield>
  </datafield>
  <datafield tag="043" ind1=" " ind2=" ">
    <subfield code="a">f-ae---</subfield>
  </datafield>
  <datafield tag="050" ind1=" " ind2="4">
    <subfield code="a">BR65.A6</subfield>
    <subfield code="b">E5 1963</subfield>
  </datafield>
  <datafield tag="082" ind1="0" ind2="4">
    <subfield code="a">242</subfield>
    <subfield code="b">A92C</subfield>
  </datafield>
  <datafield tag="100" ind1="0" ind2=" ">
    <subfield code="a">Augustine,</subfield>
    <subfield code="c">Saint, Bishop of Hippo.</subfield>
  </datafield>
  <datafield tag="245" ind1="1" ind2="4">
    <subfield code="a">The confessions of St. Augustine /</subfield>
    <subfield code="c">a new translation by Rex Warner.</subfield>
  </datafield>
  <datafield tag="260" ind1=" " ind2=" ">
    <subfield code="a">New York :</subfield>
    <subfield code="b">Penguin Books,</subfield>
    <subfield code="c">©1963.</subfield>
  </datafield>
  <datafield tag="300" ind1=" " ind2=" ">
    <subfield code="a">xv, 351 pages ;</subfield>
    <subfield code="c">18 cm.</subfield>
  </datafield>
  <datafield tag="336" ind1=" " ind2=" ">
    <subfield code="a">text</subfield>
    <subfield code="b">txt</subfield>
    <subfield code="2">rdacontent</subfield>
  </datafield>
  <datafield tag="337" ind1=" " ind2=" ">
    <subfield code="a">unmediated</subfield>
    <subfield code="b">n</subfield>
    <subfield code="2">rdamedia</subfield>
  </datafield>
  <datafield tag="338" ind1=" " ind2=" ">
    <subfield code="a">volume</subfield>
    <subfield code="b">nc</subfield>
    <subfield code="2">rdacarrier</subfield>
  </datafield>
  <datafield tag="490" ind1="0" ind2=" ">
    <subfield code="a">A Mentor book ;</subfield>
    <subfield code="v">MY1204</subfield>
  </datafield>
  <datafield tag="500" ind1=" " ind2=" ">
    <subfield code="a">Translation of: Confessiones.</subfield>
  </datafield>
  <datafield tag="504" ind1=" " ind2=" ">
    <subfield code="a">Includes bibliographical references (page 351).</subfield>
  </datafield>
  <datafield tag="600" ind1="0" ind2="0">
    <subfield code="a">Augustine,</subfield>
    <subfield code="c">Saint, Bishop of Hippo.</subfield>
  </datafield>
  <datafield tag="650" ind1=" " ind2="0">
    <subfield code="a">Christian saints</subfield>
    <subfield code="z">Algeria</subfield>
    <subfield code="z">Hippo (Extinct city)</subfield>
    <subfield code="v">Biography.</subfield>
  </datafield>
  <datafield tag="651" ind1=" " ind2="0">
    <subfield code="a">Hippo (Extinct city)</subfield>
    <subfield code="v">Biography.</subfield>
  </datafield>
  <datafield tag="600" ind1="0" ind2="7">
    <subfield code="a">Augustine,</subfield>
    <subfield code="c">Saint, Bishop of Hippo.</subfield>
    <subfield code="2">fast</subfield>
    <subfield code="0">(OCoLC)fst00061554</subfield>
  </datafield>
  <datafield tag="650" ind1=" " ind2="7">
    <subfield code="a">Christian saints.</subfield>
    <subfield code="2">fast</subfield>
    <subfield code="0">(OCoLC)fst00859491</subfield>
  </datafield>
  <datafield tag="651" ind1=" " ind2="7">
    <subfield code="a">Algeria</subfield>
    <subfield code="z">Hippo (Extinct city)</subfield>
    <subfield code="2">fast</subfield>
    <subfield code="0">(OCoLC)fst01896881</subfield>
  </datafield>
  <datafield tag="655" ind1=" " ind2="7">
    <subfield code="a">Biography.</subfield>
    <subfield code="2">fast</subfield>
    <subfield code="0">(OCoLC)fst01423686</subfield>
  </datafield>
  <datafield tag="700" ind1="1" ind2=" ">
    <subfield code="a">Warner, Rex,</subfield>
    <subfield code="d">1905-1986.</subfield>
  </datafield>
  
  
  
</record>