<record xmlns="http://www.loc.gov/MARC21/slim" xmlns:zs="http://docs.oasis-open.org/ns/search-ws/sruResponse">
  <leader>02772cam a2200517Ma 4500</leader>
  <controlfield tag="001">ocn314176778</controlfield>
  <controlfield tag="003">OCoLC</controlfield>
  <controlfield tag="005">20160311224653.0</controlfield>
  <controlfield tag="008">070809s1993    enk     o     000 0 eng d</controlfield>
  <controlfield tag="006">m     o  d        </controlfield>
  <controlfield tag="007">cr zn|||||||||</controlfield>
  <datafield tag="040" ind1=" " ind2=" ">
    <subfield code="a">CN8ML</subfield>
    <subfield code="b">eng</subfield>
    <subfield code="e">pn</subfield>
    <subfield code="c">CN8ML</subfield>
    <subfield code="d">OCLCQ</subfield>
    <subfield code="d">C7D</subfield>
    <subfield code="d">CEF</subfield>
    <subfield code="d">OCLCQ</subfield>
    <subfield code="d">QE2</subfield>
    <subfield code="d">MHW</subfield>
    <subfield code="d">IDEBK</subfield>
    <subfield code="d">OCLCF</subfield>
    <subfield code="d">OCLCO</subfield>
    <subfield code="d">OCLCQ</subfield>
  </datafield>
  <datafield tag="019" ind1=" " ind2=" ">
    <subfield code="a">456028422</subfield>
    <subfield code="a">696026203</subfield>
    <subfield code="a">756868292</subfield>
  </datafield>
  <datafield tag="020" ind1=" " ind2=" ">
    <subfield code="a">0415096561</subfield>
    <subfield code="q">(Paper)</subfield>
  </datafield>
  <datafield tag="020" ind1=" " ind2=" ">
    <subfield code="a">9780415096560</subfield>
    <subfield code="q">(Paper)</subfield>
  </datafield>
  <datafield tag="020" ind1=" " ind2=" ">
    <subfield code="a">0203989244</subfield>
    <subfield code="q">(electronic bk.)</subfield>
  </datafield>
  <datafield tag="020" ind1=" " ind2=" ">
    <subfield code="a">9780203989241</subfield>
    <subfield code="q">(electronic bk.)</subfield>
  </datafield>
  <datafield tag="035" ind1=" " ind2=" ">
    <subfield code="a">(OCoLC)314176778</subfield>
    <subfield code="z">(OCoLC)456028422</subfield>
    <subfield code="z">(OCoLC)696026203</subfield>
    <subfield code="z">(OCoLC)756868292</subfield>
  </datafield>
  <datafield tag="050" ind1=" " ind2="4">
    <subfield code="a">PN80</subfield>
    <subfield code="b">.T49 1993eb</subfield>
  </datafield>
  <datafield tag="082" ind1="0" ind2="4">
    <subfield code="a">801.95</subfield>
    <subfield code="2">22</subfield>
  </datafield>
  <datafield tag="245" ind1="0" ind2="0">
    <subfield code="a">Textual practice.</subfield>
    <subfield code="n">Volume 7,</subfield>
    <subfield code="p">Number 2, Summer 1993</subfield>
    <subfield code="h">[electronic resource] /</subfield>
    <subfield code="c">edited by Terence Hawkes.</subfield>
  </datafield>
  <datafield tag="260" ind1=" " ind2=" ">
    <subfield code="a">London :</subfield>
    <subfield code="b">Routledge,</subfield>
    <subfield code="c">1993.</subfield>
  </datafield>
  <datafield tag="300" ind1=" " ind2=" ">
    <subfield code="a">1 online resource (1 volume)</subfield>
  </datafield>
  <datafield tag="336" ind1=" " ind2=" ">
    <subfield code="a">text</subfield>
    <subfield code="b">txt</subfield>
    <subfield code="2">rdacontent</subfield>
  </datafield>
  <datafield tag="337" ind1=" " ind2=" ">
    <subfield code="a">computer</subfield>
    <subfield code="b">c</subfield>
    <subfield code="2">rdamedia</subfield>
  </datafield>
  <datafield tag="338" ind1=" " ind2=" ">
    <subfield code="a">online resource</subfield>
    <subfield code="b">cr</subfield>
    <subfield code="2">rdacarrier</subfield>
  </datafield>
  <datafield tag="588" ind1="0" ind2=" ">
    <subfield code="a">Print version record.</subfield>
  </datafield>
  <datafield tag="505" ind1="0" ind2=" ">
    <subfield code="a">Book Cover; Half-Title; Copyright; Title; Contents; 'Aesthetic' and 'rapport' in Toni Morrison's Sula; An introduction to Bataille: the impossible as (a practice of) writing; Literature as heterological practice: Georges Bataille, writing and inner experience; Translation as cultural politics regimes of domestication in English; Imagist travels in modernist space; Christine Brooke-Rose interviewed by David Seed; Maidens and monsters in modern popular culture: The Silence of the Lambs and Beauty and the Beast; Reviews.</subfield>
  </datafield>
  <datafield tag="520" ind1=" " ind2=" ">
    <subfield code="a">Since its launch in 1987, Textual Practice has established itself as Britain's leading journal of radical literary theory.</subfield>
  </datafield>
  <datafield tag="650" ind1=" " ind2="0">
    <subfield code="a">Literature, Modern</subfield>
    <subfield code="y">20th century</subfield>
    <subfield code="x">History and criticism</subfield>
    <subfield code="v">Periodicals.</subfield>
  </datafield>
  <datafield tag="650" ind1=" " ind2="0">
    <subfield code="a">Criticism</subfield>
    <subfield code="v">Periodicals.</subfield>
  </datafield>
  <datafield tag="650" ind1=" " ind2="0">
    <subfield code="a">Criticism, Textual</subfield>
    <subfield code="v">Periodicals.</subfield>
  </datafield>
  <datafield tag="650" ind1=" " ind2="7">
    <subfield code="a">Criticism.</subfield>
    <subfield code="2">fast</subfield>
    <subfield code="0">(OCoLC)fst00883735</subfield>
  </datafield>
  <datafield tag="650" ind1=" " ind2="7">
    <subfield code="a">Criticism, Textual.</subfield>
    <subfield code="2">fast</subfield>
    <subfield code="0">(OCoLC)fst00883762</subfield>
  </datafield>
  <datafield tag="650" ind1=" " ind2="7">
    <subfield code="a">Literature, Modern.</subfield>
    <subfield code="2">fast</subfield>
    <subfield code="0">(OCoLC)fst01000172</subfield>
  </datafield>
  <datafield tag="648" ind1=" " ind2="7">
    <subfield code="a">1900 - 1999</subfield>
    <subfield code="2">fast</subfield>
  </datafield>
  <datafield tag="655" ind1=" " ind2="4">
    <subfield code="a">Electronic books.</subfield>
  </datafield>
  <datafield tag="655" ind1=" " ind2="7">
    <subfield code="a">Criticism, interpretation, etc.</subfield>
    <subfield code="2">fast</subfield>
    <subfield code="0">(OCoLC)fst01411635</subfield>
  </datafield>
  <datafield tag="655" ind1=" " ind2="7">
    <subfield code="a">Periodicals.</subfield>
    <subfield code="2">fast</subfield>
    <subfield code="0">(OCoLC)fst01411641</subfield>
  </datafield>
  <datafield tag="700" ind1="1" ind2=" ">
    <subfield code="a">Hawkes, Terence.</subfield>
  </datafield>
  <datafield tag="856" ind1="4" ind2="0">
    <subfield code="3">MyiLibrary</subfield>
    <subfield code="u">http://www.myilibrary.com?id=15583</subfield>
  </datafield>
  <datafield tag="856" ind1="4" ind2="0">
    <subfield code="z">Access restricted to Education Centre Library use, and to students, faculty, and staff of Nipissing University.</subfield>
    <subfield code="u">http://books.eclibrary.ca/isbn/9786610155835</subfield>
  </datafield>
  <datafield tag="856" ind1="4" ind2="1">
    <subfield code="3">MyiLibrary, Table of contents</subfield>
    <subfield code="u">http://www.myilibrary.com?id=15583&amp;ref=toc</subfield>
  </datafield>
  
  
  
</record>