<record xmlns="http://www.loc.gov/MARC21/slim" xmlns:zs="http://docs.oasis-open.org/ns/search-ws/sruResponse">
  <leader>01550cam a2200397 a 4500</leader>
  <controlfield tag="001">ocm18192294 </controlfield>
  <controlfield tag="003">OCoLC</controlfield>
  <controlfield tag="005">20160311222532.0</controlfield>
  <controlfield tag="008">880610s1987    fr g          000 0 fre  </controlfield>
  <datafield tag="010" ind1=" " ind2=" ">
    <subfield code="a">   87145616 </subfield>
  </datafield>
  <datafield tag="040" ind1=" " ind2=" ">
    <subfield code="a">DLC</subfield>
    <subfield code="b">eng</subfield>
    <subfield code="c">DLC</subfield>
    <subfield code="d">OCLCO</subfield>
    <subfield code="d">OCLCF</subfield>
    <subfield code="d">OCLCQ</subfield>
    <subfield code="d">OCLCO</subfield>
    <subfield code="d">OCLCA</subfield>
  </datafield>
  <datafield tag="020" ind1=" " ind2=" ">
    <subfield code="a">2267004917</subfield>
  </datafield>
  <datafield tag="020" ind1=" " ind2=" ">
    <subfield code="a">9782267004915</subfield>
  </datafield>
  <datafield tag="035" ind1=" " ind2=" ">
    <subfield code="a">(OCoLC)18192294</subfield>
  </datafield>
  <datafield tag="050" ind1="0" ind2="0">
    <subfield code="a">PQ2661.I465</subfield>
    <subfield code="b">V4 1987</subfield>
  </datafield>
  <datafield tag="082" ind1="0" ind2="0">
    <subfield code="a">842/.914</subfield>
    <subfield code="2">19</subfield>
  </datafield>
  <datafield tag="100" ind1="1" ind2=" ">
    <subfield code="a">Aillaud, Gilles,</subfield>
    <subfield code="d">1928-2005.</subfield>
  </datafield>
  <datafield tag="245" ind1="1" ind2="0">
    <subfield code="a">Vermeer et Spinoza /</subfield>
    <subfield code="c">Gilles Aillaud.</subfield>
  </datafield>
  <datafield tag="260" ind1=" " ind2=" ">
    <subfield code="a">[Paris] :</subfield>
    <subfield code="b">C. Bourgois,</subfield>
    <subfield code="c">©1987.</subfield>
  </datafield>
  <datafield tag="300" ind1=" " ind2=" ">
    <subfield code="a">119 pages :</subfield>
    <subfield code="b">music ;</subfield>
    <subfield code="c">20 cm</subfield>
  </datafield>
  <datafield tag="336" ind1=" " ind2=" ">
    <subfield code="a">text</subfield>
    <subfield code="b">txt</subfield>
    <subfield code="2">rdacontent</subfield>
  </datafield>
  <datafield tag="337" ind1=" " ind2=" ">
    <subfield code="a">unmediated</subfield>
    <subfield code="b">n</subfield>
    <subfield code="2">rdamedia</subfield>
  </datafield>
  <datafield tag="338" ind1=" " ind2=" ">
    <subfield code="a">volume</subfield>
    <subfield code="b">nc</subfield>
    <subfield code="2">rdacarrier</subfield>
  </datafield>
  <datafield tag="530" ind1=" " ind2=" ">
    <subfield code="a">Also issued online.</subfield>
  </datafield>
  <datafield tag="600" ind1="1" ind2="0">
    <subfield code="a">Vermeer, Johannes,</subfield>
    <subfield code="d">1632-1675</subfield>
    <subfield code="v">Drama.</subfield>
  </datafield>
  <datafield tag="600" ind1="1" ind2="0">
    <subfield code="a">Spinoza, Benedictus de,</subfield>
    <subfield code="d">1632-1677</subfield>
    <subfield code="v">Drama.</subfield>
  </datafield>
  <datafield tag="600" ind1="1" ind2="7">
    <subfield code="a">Spinoza, Benedictus de,</subfield>
    <subfield code="d">1632-1677</subfield>
    <subfield code="2">fast</subfield>
    <subfield code="0">(OCoLC)fst00031382</subfield>
  </datafield>
  <datafield tag="600" ind1="1" ind2="7">
    <subfield code="a">Vermeer, Johannes,</subfield>
    <subfield code="d">1632-1675</subfield>
    <subfield code="2">fast</subfield>
    <subfield code="0">(OCoLC)fst00030117</subfield>
  </datafield>
  <datafield tag="655" ind1=" " ind2="7">
    <subfield code="a">Drama.</subfield>
    <subfield code="2">fast</subfield>
    <subfield code="0">(OCoLC)fst01423879</subfield>
  </datafield>
  <datafield tag="776" ind1="0" ind2="8">
    <subfield code="i">Online version:</subfield>
    <subfield code="a">Aillaud, Gilles, 1928-2005.</subfield>
    <subfield code="t">Vermeer et Spinoza.</subfield>
    <subfield code="d">[Paris] : C. Bourgois, ©1987</subfield>
    <subfield code="w">(OCoLC)571726500</subfield>
  </datafield>
  
  
  
  
  
  
</record>