<record xmlns="http://www.loc.gov/MARC21/slim" xmlns:zs="http://docs.oasis-open.org/ns/search-ws/sruResponse">
  <leader>03180cam a2200685Ma 4500</leader>
  <controlfield tag="001">ocn123277302</controlfield>
  <controlfield tag="003">OCoLC</controlfield>
  <controlfield tag="005">20160311224531.0</controlfield>
  <controlfield tag="008">990209s1998    fr a     b    001 0 fre d</controlfield>
  <datafield tag="040" ind1=" " ind2=" ">
    <subfield code="a">FSD</subfield>
    <subfield code="b">eng</subfield>
    <subfield code="c">STF</subfield>
    <subfield code="d">OCLCG</subfield>
    <subfield code="d">OCLCF</subfield>
    <subfield code="d">OCLCO</subfield>
    <subfield code="d">OCL</subfield>
    <subfield code="d">OCLCQ</subfield>
  </datafield>
  <datafield tag="020" ind1=" " ind2=" ">
    <subfield code="a">2251339345</subfield>
    <subfield code="q">(pbk.)</subfield>
  </datafield>
  <datafield tag="020" ind1=" " ind2=" ">
    <subfield code="a">9782251339344</subfield>
    <subfield code="q">(pbk.)</subfield>
  </datafield>
  <datafield tag="035" ind1=" " ind2=" ">
    <subfield code="a">(OCoLC)123277302</subfield>
  </datafield>
  <datafield tag="041" ind1="1" ind2=" ">
    <subfield code="a">fre</subfield>
    <subfield code="h">ita</subfield>
  </datafield>
  <datafield tag="050" ind1="1" ind2="4">
    <subfield code="a">BM700</subfield>
    <subfield code="b">.M6214 1998</subfield>
  </datafield>
  <datafield tag="072" ind1=" " ind2="7">
    <subfield code="a">BL</subfield>
    <subfield code="2">lcco</subfield>
  </datafield>
  <datafield tag="100" ind1="1" ind2=" ">
    <subfield code="a">Modena, Leone,</subfield>
    <subfield code="d">1571-1648.</subfield>
  </datafield>
  <datafield tag="240" ind1="1" ind2="0">
    <subfield code="a">Historia de' riti hebraici, vita ed osservanze de gl'Hebrei di questi tempi.</subfield>
    <subfield code="l">French</subfield>
  </datafield>
  <datafield tag="245" ind1="1" ind2="4">
    <subfield code="a">Les Juifs présentés aux chrétiens :</subfield>
    <subfield code="b">cérémonies et coutumes qui s'observent aujourd'hui parmi les Juifs /</subfield>
    <subfield code="c">par Léon de Modène ; traduit par Richard Simon. Suivi de Comparaison des cérémonies des Juifs et de la discipline de l'Eglise / par Richard Simon ; édition, présentation et notes par Jacques Le Brun et Guy G. Stroumsa.</subfield>
  </datafield>
  <datafield tag="246" ind1="3" ind2="0">
    <subfield code="a">Cérémonies et coutumes qui s'observent aujourd'hui parmi les Juifs</subfield>
  </datafield>
  <datafield tag="260" ind1=" " ind2=" ">
    <subfield code="a">Paris :</subfield>
    <subfield code="b">Les Belles Lettres,</subfield>
    <subfield code="c">1998.</subfield>
  </datafield>
  <datafield tag="300" ind1=" " ind2=" ">
    <subfield code="a">xlix, 289 pages :</subfield>
    <subfield code="b">illustrations ;</subfield>
    <subfield code="c">21 cm.</subfield>
  </datafield>
  <datafield tag="336" ind1=" " ind2=" ">
    <subfield code="a">text</subfield>
    <subfield code="b">txt</subfield>
    <subfield code="2">rdacontent</subfield>
  </datafield>
  <datafield tag="337" ind1=" " ind2=" ">
    <subfield code="a">unmediated</subfield>
    <subfield code="b">n</subfield>
    <subfield code="2">rdamedia</subfield>
  </datafield>
  <datafield tag="338" ind1=" " ind2=" ">
    <subfield code="a">volume</subfield>
    <subfield code="b">nc</subfield>
    <subfield code="2">rdacarrier</subfield>
  </datafield>
  <datafield tag="490" ind1="1" ind2=" ">
    <subfield code="a">La Roue à livres,</subfield>
    <subfield code="x">1150-4129 ;</subfield>
    <subfield code="v">35</subfield>
  </datafield>
  <datafield tag="504" ind1=" " ind2=" ">
    <subfield code="a">Includes bibliographical references and index.</subfield>
  </datafield>
  <datafield tag="650" ind1=" " ind2="0">
    <subfield code="a">Judaism</subfield>
    <subfield code="x">Customs and practices</subfield>
    <subfield code="v">Early works to 1800.</subfield>
  </datafield>
  <datafield tag="650" ind1=" " ind2="0">
    <subfield code="a">Judaism</subfield>
    <subfield code="x">Relations</subfield>
    <subfield code="x">Christianity</subfield>
    <subfield code="v">Early works to 1800.</subfield>
  </datafield>
  <datafield tag="650" ind1=" " ind2="0">
    <subfield code="a">Christianity and other religions</subfield>
    <subfield code="x">Judaism</subfield>
    <subfield code="v">Early works to 1800.</subfield>
  </datafield>
  <datafield tag="650" ind1=" " ind2="0">
    <subfield code="a">Jews</subfield>
    <subfield code="x">Social life and customs</subfield>
    <subfield code="v">Early works to 1800.</subfield>
  </datafield>
  <datafield tag="650" ind1=" " ind2="0">
    <subfield code="a">Samaritans.</subfield>
  </datafield>
  <datafield tag="650" ind1=" " ind2="0">
    <subfield code="a">Karaites.</subfield>
  </datafield>
  <datafield tag="650" ind1=" " ind2="6">
    <subfield code="a">Judaïsme</subfield>
    <subfield code="x">Coutumes et pratiques</subfield>
    <subfield code="v">Ouvrages avant 1800.</subfield>
  </datafield>
  <datafield tag="650" ind1=" " ind2="6">
    <subfield code="a">Judaïsme</subfield>
    <subfield code="x">Relations</subfield>
    <subfield code="x">Christianisme</subfield>
    <subfield code="v">Ouvrages avant 1800.</subfield>
  </datafield>
  <datafield tag="650" ind1=" " ind2="6">
    <subfield code="a">Christianisme</subfield>
    <subfield code="x">Relations</subfield>
    <subfield code="x">Judaïsme</subfield>
    <subfield code="v">Ouvrages avant 1800.</subfield>
  </datafield>
  <datafield tag="650" ind1=" " ind2="7">
    <subfield code="a">Christianity.</subfield>
    <subfield code="2">fast</subfield>
    <subfield code="0">(OCoLC)fst00859599</subfield>
  </datafield>
  <datafield tag="650" ind1=" " ind2="7">
    <subfield code="a">Interfaith relations.</subfield>
    <subfield code="2">fast</subfield>
    <subfield code="0">(OCoLC)fst01353343</subfield>
  </datafield>
  <datafield tag="650" ind1=" " ind2="7">
    <subfield code="a">Jews</subfield>
    <subfield code="x">Social life and customs.</subfield>
    <subfield code="2">fast</subfield>
    <subfield code="0">(OCoLC)fst00983364</subfield>
  </datafield>
  <datafield tag="650" ind1=" " ind2="7">
    <subfield code="a">Judaism.</subfield>
    <subfield code="2">fast</subfield>
    <subfield code="0">(OCoLC)fst00984280</subfield>
  </datafield>
  <datafield tag="650" ind1=" " ind2="7">
    <subfield code="a">Judaism</subfield>
    <subfield code="x">Customs and practices.</subfield>
    <subfield code="2">fast</subfield>
    <subfield code="0">(OCoLC)fst00984294</subfield>
  </datafield>
  <datafield tag="650" ind1=" " ind2="7">
    <subfield code="a">Karaites.</subfield>
    <subfield code="2">fast</subfield>
    <subfield code="0">(OCoLC)fst00986199</subfield>
  </datafield>
  <datafield tag="650" ind1=" " ind2="7">
    <subfield code="a">Samaritans.</subfield>
    <subfield code="2">fast</subfield>
    <subfield code="0">(OCoLC)fst01104504</subfield>
  </datafield>
  <datafield tag="650" ind1=" " ind2="7">
    <subfield code="a">Juifs.</subfield>
    <subfield code="2">ram</subfield>
  </datafield>
  <datafield tag="650" ind1=" " ind2="7">
    <subfield code="a">Judaïsme</subfield>
    <subfield code="x">Relations</subfield>
    <subfield code="x">Christianisme</subfield>
    <subfield code="x">Histoire.</subfield>
    <subfield code="2">ram</subfield>
  </datafield>
  <datafield tag="650" ind1=" " ind2="7">
    <subfield code="a">Samaritains.</subfield>
    <subfield code="2">ram</subfield>
  </datafield>
  <datafield tag="650" ind1=" " ind2="7">
    <subfield code="a">Christianisme</subfield>
    <subfield code="x">Relations</subfield>
    <subfield code="x">Judaïsme.</subfield>
    <subfield code="2">ram</subfield>
  </datafield>
  <datafield tag="650" ind1=" " ind2="7">
    <subfield code="a">Karaïtes.</subfield>
    <subfield code="2">ram</subfield>
  </datafield>
  <datafield tag="653" ind1="0" ind2=" ">
    <subfield code="a">Judaism and christianism;</subfield>
    <subfield code="a">XVIIth century;</subfield>
    <subfield code="a">Comparative studies</subfield>
  </datafield>
  <datafield tag="655" ind1=" " ind2="7">
    <subfield code="a">Early works.</subfield>
    <subfield code="2">fast</subfield>
    <subfield code="0">(OCoLC)fst01411636</subfield>
  </datafield>
  <datafield tag="700" ind1="1" ind2=" ">
    <subfield code="a">Le Brun, Jacques.</subfield>
  </datafield>
  <datafield tag="700" ind1="1" ind2=" ">
    <subfield code="a">Stroumsa, Gedaliahu A. G.</subfield>
  </datafield>
  <datafield tag="700" ind1="1" ind2=" ">
    <subfield code="a">Simon, Richard,</subfield>
    <subfield code="d">1638-1712.</subfield>
  </datafield>
  <datafield tag="700" ind1="1" ind2="2">
    <subfield code="a">Simon, Richard,</subfield>
    <subfield code="d">1638-1712.</subfield>
    <subfield code="t">Comparaison des cérémonies des Juifs et de la discipline de l'Eglise.</subfield>
  </datafield>
  <datafield tag="740" ind1="0" ind2="2">
    <subfield code="a">Comparaison des cérémonies des Juifs et de la discipline de l'Eglise.</subfield>
  </datafield>
  <datafield tag="830" ind1=" " ind2="0">
    <subfield code="a">Roue à livres ;</subfield>
    <subfield code="v">35. v.</subfield>
  </datafield>
  
  
  
  
</record>