<record xmlns="http://www.loc.gov/MARC21/slim" xmlns:zs="http://docs.oasis-open.org/ns/search-ws/sruResponse">
  <leader>02272cam a2200481Ka 4500</leader>
  <controlfield tag="001">ocn651933378</controlfield>
  <controlfield tag="003">OCoLC</controlfield>
  <controlfield tag="005">20160311222836.0</controlfield>
  <controlfield tag="008">100802s2000    fr      ob    001 0 fre d</controlfield>
  <controlfield tag="006">m     o  d        </controlfield>
  <controlfield tag="007">cr un||a|a||||</controlfield>
  <datafield tag="040" ind1=" " ind2=" ">
    <subfield code="a">OCLCE</subfield>
    <subfield code="b">eng</subfield>
    <subfield code="e">pn</subfield>
    <subfield code="c">OCLCE</subfield>
    <subfield code="d">OCLCQ</subfield>
    <subfield code="d">OCLCO</subfield>
    <subfield code="d">OCLCF</subfield>
  </datafield>
  <datafield tag="019" ind1=" " ind2=" ">
    <subfield code="a">595815250</subfield>
    <subfield code="a">607414477</subfield>
  </datafield>
  <datafield tag="020" ind1=" " ind2=" ">
    <subfield code="z">2020315246</subfield>
  </datafield>
  <datafield tag="020" ind1=" " ind2=" ">
    <subfield code="z">9782020315241</subfield>
  </datafield>
  <datafield tag="035" ind1=" " ind2=" ">
    <subfield code="a">(OCoLC)651933378</subfield>
    <subfield code="z">(OCoLC)595815250</subfield>
    <subfield code="z">(OCoLC)607414477</subfield>
  </datafield>
  <datafield tag="042" ind1=" " ind2=" ">
    <subfield code="a">dlr</subfield>
  </datafield>
  <datafield tag="050" ind1=" " ind2="4">
    <subfield code="a">JA71</subfield>
    <subfield code="b">.D442 2000</subfield>
  </datafield>
  <datafield tag="072" ind1=" " ind2="7">
    <subfield code="a">B</subfield>
    <subfield code="2">lcco</subfield>
  </datafield>
  <datafield tag="082" ind1="1" ind2="4">
    <subfield code="a">100</subfield>
    <subfield code="2">1</subfield>
  </datafield>
  <datafield tag="100" ind1="1" ind2=" ">
    <subfield code="a">Delacampagne, Christian,</subfield>
    <subfield code="d">1949-</subfield>
  </datafield>
  <datafield tag="245" ind1="1" ind2="3">
    <subfield code="a">La philosophie politique aujourd'hui</subfield>
    <subfield code="h">[electronic resource] :</subfield>
    <subfield code="b">idées, débats, enjeux /</subfield>
    <subfield code="c">Christian Delacampagne.</subfield>
  </datafield>
  <datafield tag="260" ind1=" " ind2=" ">
    <subfield code="a">Paris :</subfield>
    <subfield code="b">Seuil,</subfield>
    <subfield code="c">©2000.</subfield>
  </datafield>
  <datafield tag="300" ind1=" " ind2=" ">
    <subfield code="a">1 online resource (245 pages)</subfield>
  </datafield>
  <datafield tag="336" ind1=" " ind2=" ">
    <subfield code="a">text</subfield>
    <subfield code="b">txt</subfield>
    <subfield code="2">rdacontent</subfield>
  </datafield>
  <datafield tag="337" ind1=" " ind2=" ">
    <subfield code="a">computer</subfield>
    <subfield code="b">c</subfield>
    <subfield code="2">rdamedia</subfield>
  </datafield>
  <datafield tag="338" ind1=" " ind2=" ">
    <subfield code="a">online resource</subfield>
    <subfield code="b">cr</subfield>
    <subfield code="2">rdacarrier</subfield>
  </datafield>
  <datafield tag="504" ind1=" " ind2=" ">
    <subfield code="a">Includes bibliographical references (p. 233-[238]) and indexes.</subfield>
  </datafield>
  <datafield tag="588" ind1=" " ind2=" ">
    <subfield code="a">Description based on print version record.</subfield>
  </datafield>
  <datafield tag="506" ind1=" " ind2=" ">
    <subfield code="3">Use copy</subfield>
    <subfield code="f">Restrictions unspecified</subfield>
    <subfield code="2">star</subfield>
    <subfield code="5">MiAaHDL</subfield>
  </datafield>
  <datafield tag="533" ind1=" " ind2=" ">
    <subfield code="a">Electronic reproduction.</subfield>
    <subfield code="b">[S.l.] :</subfield>
    <subfield code="c">HathiTrust Digital Library,</subfield>
    <subfield code="d">2010.</subfield>
    <subfield code="5">MiAaHDL</subfield>
  </datafield>
  <datafield tag="538" ind1=" " ind2=" ">
    <subfield code="a">Master and use copy. Digital master created according to Benchmark for Faithful Digital Reproductions of Monographs and Serials, Version 1. Digital Library Federation, December 2002.</subfield>
    <subfield code="u">http://purl.oclc.org/DLF/benchrepro0212</subfield>
    <subfield code="5">MiAaHDL</subfield>
  </datafield>
  <datafield tag="583" ind1="1" ind2=" ">
    <subfield code="a">digitized</subfield>
    <subfield code="c">2010</subfield>
    <subfield code="h">HathiTrust Digital Library</subfield>
    <subfield code="l">committed to preserve</subfield>
    <subfield code="2">pda</subfield>
    <subfield code="5">MiAaHDL</subfield>
  </datafield>
  <datafield tag="650" ind1=" " ind2="0">
    <subfield code="a">Political science</subfield>
    <subfield code="x">Philosophy.</subfield>
  </datafield>
  <datafield tag="650" ind1=" " ind2="6">
    <subfield code="a">Idées politiques.</subfield>
  </datafield>
  <datafield tag="650" ind1="0" ind2="7">
    <subfield code="a">Politische Philosophie.</subfield>
    <subfield code="2">swd</subfield>
  </datafield>
  <datafield tag="650" ind1=" " ind2="7">
    <subfield code="a">Political science</subfield>
    <subfield code="x">Philosophy.</subfield>
    <subfield code="2">fast</subfield>
    <subfield code="0">(OCoLC)fst01069819</subfield>
  </datafield>
  <datafield tag="776" ind1="0" ind2="8">
    <subfield code="i">Print version:</subfield>
    <subfield code="a">Delacampagne, Christian, 1949-</subfield>
    <subfield code="t">Philosophie politique aujourd'hui.</subfield>
    <subfield code="d">Paris : Seuil, ©2000</subfield>
    <subfield code="w">(DLC)   00358057</subfield>
    <subfield code="w">(OCoLC)43403167</subfield>
  </datafield>
  <datafield tag="856" ind1="4" ind2="0">
    <subfield code="3">Google</subfield>
    <subfield code="u">http://books.google.com/books?id=qAHHAAAAIAAJ</subfield>
  </datafield>
  <datafield tag="856" ind1="4" ind2="0">
    <subfield code="3">Google</subfield>
    <subfield code="u">http://books.google.com/books?id=MAiDAAAAMAAJ</subfield>
  </datafield>
  <datafield tag="856" ind1="4" ind2="0">
    <subfield code="3">HathiTrust Digital Library Limited view (search only)</subfield>
    <subfield code="u">http://catalog.hathitrust.org/api/volumes/oclc/43403167.html</subfield>
  </datafield>
  
  
</record>