<record xmlns="http://www.loc.gov/MARC21/slim" xmlns:zs="http://docs.oasis-open.org/ns/search-ws/sruResponse">
  <leader>02941cam a2200709Ia 4500</leader>
  <controlfield tag="001">ocm27244410 </controlfield>
  <controlfield tag="003">OCoLC</controlfield>
  <controlfield tag="005">20160311223306.0</controlfield>
  <controlfield tag="008">930113s1992    fr       b    001 0 fre d</controlfield>
  <datafield tag="040" ind1=" " ind2=" ">
    <subfield code="a">FNU</subfield>
    <subfield code="b">fre</subfield>
    <subfield code="c">FNU</subfield>
    <subfield code="d">NYP</subfield>
    <subfield code="d">MUQ</subfield>
    <subfield code="d">CUY</subfield>
    <subfield code="d">FRBML</subfield>
    <subfield code="d">RUQBL</subfield>
    <subfield code="d">CHRRO</subfield>
    <subfield code="d">BDF</subfield>
    <subfield code="d">OCLCQ</subfield>
    <subfield code="d">OCLCO</subfield>
    <subfield code="d">OCLCF</subfield>
  </datafield>
  <datafield tag="016" ind1="7" ind2=" ">
    <subfield code="a">FRBNF355460020000002</subfield>
    <subfield code="2">FrPBN</subfield>
  </datafield>
  <datafield tag="020" ind1=" " ind2=" ">
    <subfield code="a">2130448119</subfield>
  </datafield>
  <datafield tag="020" ind1=" " ind2=" ">
    <subfield code="a">9782130448112</subfield>
  </datafield>
  <datafield tag="035" ind1=" " ind2=" ">
    <subfield code="a">(OCoLC)27244410</subfield>
  </datafield>
  <datafield tag="043" ind1=" " ind2=" ">
    <subfield code="a">n-us---</subfield>
  </datafield>
  <datafield tag="050" ind1=" " ind2="4">
    <subfield code="a">QH366</subfield>
    <subfield code="b">.L393 1992</subfield>
  </datafield>
  <datafield tag="055" ind1=" " ind2="3">
    <subfield code="a">BL240.2</subfield>
    <subfield code="b">L43</subfield>
  </datafield>
  <datafield tag="082" ind1="1" ind2="4">
    <subfield code="a">305.81</subfield>
    <subfield code="2">9</subfield>
  </datafield>
  <datafield tag="100" ind1="1" ind2=" ">
    <subfield code="a">Lecourt, Dominique.</subfield>
  </datafield>
  <datafield tag="245" ind1="1" ind2="2">
    <subfield code="a">L'Amérique entre la Bible et Darwin /</subfield>
    <subfield code="c">Dominique Lecourt.</subfield>
  </datafield>
  <datafield tag="260" ind1=" " ind2=" ">
    <subfield code="a">Paris :</subfield>
    <subfield code="b">Presses universitaires de France,</subfield>
    <subfield code="c">1992.</subfield>
  </datafield>
  <datafield tag="300" ind1=" " ind2=" ">
    <subfield code="a">228 p. ;</subfield>
    <subfield code="c">22 cm.</subfield>
  </datafield>
  <datafield tag="490" ind1="1" ind2=" ">
    <subfield code="a">Science, histoire et société</subfield>
  </datafield>
  <datafield tag="504" ind1=" " ind2=" ">
    <subfield code="a">Includes bibliographical references (p. [219]-222) and index.</subfield>
  </datafield>
  <datafield tag="650" ind1=" " ind2="0">
    <subfield code="a">Evolution</subfield>
    <subfield code="x">Religious aspects.</subfield>
  </datafield>
  <datafield tag="600" ind1="1" ind2="0">
    <subfield code="a">Darwin, Charles,</subfield>
    <subfield code="d">1809-1882.</subfield>
  </datafield>
  <datafield tag="650" ind1=" " ind2="0">
    <subfield code="a">Creationism.</subfield>
  </datafield>
  <datafield tag="650" ind1=" " ind2="0">
    <subfield code="a">Religion and science</subfield>
    <subfield code="z">United States</subfield>
    <subfield code="x">History.</subfield>
  </datafield>
  <datafield tag="650" ind1=" " ind2="4">
    <subfield code="a">Darwinisme.</subfield>
  </datafield>
  <datafield tag="651" ind1=" " ind2="4">
    <subfield code="a">États-Unis</subfield>
    <subfield code="x">Civilisation.</subfield>
  </datafield>
  <datafield tag="651" ind1=" " ind2="4">
    <subfield code="a">États-Unis</subfield>
    <subfield code="x">Politique et gouvernement</subfield>
    <subfield code="y">1981-1989.</subfield>
  </datafield>
  <datafield tag="651" ind1=" " ind2="4">
    <subfield code="a">États-Unis</subfield>
    <subfield code="x">Politique et gouvernement</subfield>
    <subfield code="y">1989-</subfield>
  </datafield>
  <datafield tag="600" ind1="1" ind2="6">
    <subfield code="a">Darwin, Charles,</subfield>
    <subfield code="d">1809-1882.</subfield>
  </datafield>
  <datafield tag="630" ind1="0" ind2="6">
    <subfield code="a">Bible</subfield>
    <subfield code="x">Critique, interprétation, etc.</subfield>
  </datafield>
  <datafield tag="650" ind1=" " ind2="6">
    <subfield code="a">Fondamentalisme.</subfield>
  </datafield>
  <datafield tag="650" ind1=" " ind2="6">
    <subfield code="a">Créationnisme.</subfield>
  </datafield>
  <datafield tag="650" ind1=" " ind2="6">
    <subfield code="a">Religion et sciences.</subfield>
  </datafield>
  <datafield tag="650" ind1=" " ind2="7">
    <subfield code="a">Evolution</subfield>
    <subfield code="z">Etats-unis</subfield>
    <subfield code="y">20e siècle.</subfield>
    <subfield code="2">ram</subfield>
  </datafield>
  <datafield tag="600" ind1="1" ind2="7">
    <subfield code="a">Darwin, Charles,</subfield>
    <subfield code="d">1809-1882.</subfield>
    <subfield code="2">ram</subfield>
  </datafield>
  <datafield tag="650" ind1=" " ind2="7">
    <subfield code="a">créationnisme (théologie)</subfield>
    <subfield code="x">darwinisme</subfield>
    <subfield code="x">fondamentalisme</subfield>
    <subfield code="z">Etats-Unis.</subfield>
    <subfield code="2">rero</subfield>
  </datafield>
  <datafield tag="650" ind1=" " ind2="7">
    <subfield code="a">religion</subfield>
    <subfield code="x">science</subfield>
    <subfield code="x">valeur sociale</subfield>
    <subfield code="z">Etats-Unis.</subfield>
    <subfield code="2">rero</subfield>
  </datafield>
  <datafield tag="600" ind1="1" ind2="7">
    <subfield code="a">Darwin, Charles,</subfield>
    <subfield code="d">1809-1882.</subfield>
    <subfield code="2">fast</subfield>
    <subfield code="0">(OCoLC)fst00029136</subfield>
  </datafield>
  <datafield tag="650" ind1=" " ind2="7">
    <subfield code="a">Creationism.</subfield>
    <subfield code="2">fast</subfield>
    <subfield code="0">(OCoLC)fst00882407</subfield>
  </datafield>
  <datafield tag="650" ind1=" " ind2="7">
    <subfield code="a">Evolution</subfield>
    <subfield code="x">Religious aspects.</subfield>
    <subfield code="2">fast</subfield>
    <subfield code="0">(OCoLC)fst00917280</subfield>
  </datafield>
  <datafield tag="650" ind1=" " ind2="7">
    <subfield code="a">Religion and science.</subfield>
    <subfield code="2">fast</subfield>
    <subfield code="0">(OCoLC)fst01093848</subfield>
  </datafield>
  <datafield tag="651" ind1=" " ind2="7">
    <subfield code="a">United States.</subfield>
    <subfield code="2">fast</subfield>
    <subfield code="0">(OCoLC)fst01204155</subfield>
  </datafield>
  <datafield tag="655" ind1=" " ind2="7">
    <subfield code="a">History.</subfield>
    <subfield code="2">fast</subfield>
    <subfield code="0">(OCoLC)fst01411628</subfield>
  </datafield>
  <datafield tag="830" ind1=" " ind2="0">
    <subfield code="a">Science, histoire et société.</subfield>
  </datafield>
  <datafield tag="856" ind1="4" ind2="2">
    <subfield code="3">Notice et cote du catalogue de la Bibliothèque nationale de France</subfield>
    <subfield code="u">http://catalogue.bnf.fr/ark:/12148/cb35546002w</subfield>
  </datafield>
  
  
  
  
  
  
  
  
  
  
  
  
  
</record>