<record xmlns="http://www.loc.gov/MARC21/slim" xmlns:zs="http://docs.oasis-open.org/ns/search-ws/sruResponse">
  <leader>01922cam a2200469Ia 4500</leader>
  <controlfield tag="001">ocm43681052 </controlfield>
  <controlfield tag="003">OCoLC</controlfield>
  <controlfield tag="005">20160311222632.0</controlfield>
  <controlfield tag="008">000307s1999    mx a     b    000 0 spa d</controlfield>
  <datafield tag="040" ind1=" " ind2=" ">
    <subfield code="a">PL#</subfield>
    <subfield code="b">eng</subfield>
    <subfield code="c">PL#</subfield>
    <subfield code="d">CDS</subfield>
    <subfield code="d">EL$</subfield>
    <subfield code="d">OCL</subfield>
    <subfield code="d">ORU</subfield>
    <subfield code="d">OCLCQ</subfield>
    <subfield code="d">MUQ</subfield>
    <subfield code="d">OCLCQ</subfield>
    <subfield code="d">OCLCG</subfield>
    <subfield code="d">DRB</subfield>
    <subfield code="d">OCLCF</subfield>
    <subfield code="d">OCLCQ</subfield>
    <subfield code="d">OCLCO</subfield>
  </datafield>
  <datafield tag="020" ind1=" " ind2=" ">
    <subfield code="a">9682322022</subfield>
  </datafield>
  <datafield tag="020" ind1=" " ind2=" ">
    <subfield code="a">9789682322020</subfield>
  </datafield>
  <datafield tag="035" ind1=" " ind2=" ">
    <subfield code="a">(OCoLC)43681052</subfield>
  </datafield>
  <datafield tag="043" ind1=" " ind2=" ">
    <subfield code="a">s-ag---</subfield>
  </datafield>
  <datafield tag="050" ind1=" " ind2="4">
    <subfield code="a">PQ7797.B635</subfield>
    <subfield code="b">Z63443 1999</subfield>
  </datafield>
  <datafield tag="100" ind1="1" ind2=" ">
    <subfield code="a">Block de Behar, Lisa.</subfield>
  </datafield>
  <datafield tag="245" ind1="1" ind2="0">
    <subfield code="a">Borges, la pasión de una cita sin fin /</subfield>
    <subfield code="c">por Lisa Block de Behar.</subfield>
  </datafield>
  <datafield tag="250" ind1=" " ind2=" ">
    <subfield code="a">1. ed.</subfield>
  </datafield>
  <datafield tag="260" ind1=" " ind2=" ">
    <subfield code="a">México :</subfield>
    <subfield code="b">Siglo Veintiuno Editores,</subfield>
    <subfield code="c">1999.</subfield>
  </datafield>
  <datafield tag="300" ind1=" " ind2=" ">
    <subfield code="a">183 pages :</subfield>
    <subfield code="b">illustrations ;</subfield>
    <subfield code="c">21 cm.</subfield>
  </datafield>
  <datafield tag="336" ind1=" " ind2=" ">
    <subfield code="a">text</subfield>
    <subfield code="b">txt</subfield>
    <subfield code="2">rdacontent</subfield>
  </datafield>
  <datafield tag="337" ind1=" " ind2=" ">
    <subfield code="a">unmediated</subfield>
    <subfield code="b">n</subfield>
    <subfield code="2">rdamedia</subfield>
  </datafield>
  <datafield tag="338" ind1=" " ind2=" ">
    <subfield code="a">volume</subfield>
    <subfield code="b">nc</subfield>
    <subfield code="2">rdacarrier</subfield>
  </datafield>
  <datafield tag="490" ind1="1" ind2=" ">
    <subfield code="a">Lingüística y teoría literaria</subfield>
  </datafield>
  <datafield tag="504" ind1=" " ind2=" ">
    <subfield code="a">Includes bibliographical references.</subfield>
  </datafield>
  <datafield tag="530" ind1=" " ind2=" ">
    <subfield code="a">Also issued online.</subfield>
  </datafield>
  <datafield tag="600" ind1="1" ind2="0">
    <subfield code="a">Borges, Jorge Luis,</subfield>
    <subfield code="d">1899-1986</subfield>
    <subfield code="x">Criticism and interpretation.</subfield>
  </datafield>
  <datafield tag="600" ind1="1" ind2="6">
    <subfield code="a">Borges, Jorge Luis,</subfield>
    <subfield code="d">1899-1986</subfield>
    <subfield code="x">Technique.</subfield>
  </datafield>
  <datafield tag="650" ind1=" " ind2="6">
    <subfield code="a">Citations dans la littérature.</subfield>
  </datafield>
  <datafield tag="600" ind1="1" ind2="7">
    <subfield code="a">Borges, Jorge Luis,</subfield>
    <subfield code="d">1899-1986</subfield>
    <subfield code="2">fast</subfield>
    <subfield code="0">(OCoLC)fst00030252</subfield>
  </datafield>
  <datafield tag="655" ind1=" " ind2="7">
    <subfield code="a">Criticism, interpretation, etc.</subfield>
    <subfield code="2">fast</subfield>
    <subfield code="0">(OCoLC)fst01411635</subfield>
  </datafield>
  <datafield tag="776" ind1="0" ind2="8">
    <subfield code="i">Online version:</subfield>
    <subfield code="a">Block de Behar, Lisa.</subfield>
    <subfield code="t">Borges, la pasión de una cita sin fin.</subfield>
    <subfield code="b">1. ed.</subfield>
    <subfield code="d">México : Siglo Veintiuno Editores, 1999</subfield>
    <subfield code="w">(OCoLC)606426297</subfield>
  </datafield>
  <datafield tag="830" ind1=" " ind2="0">
    <subfield code="a">Lingüística y teoría literaria.</subfield>
  </datafield>
  
  
  
  
  
  
  
  
  
</record>