<record xmlns="http://www.loc.gov/MARC21/slim" xmlns:zs="http://docs.oasis-open.org/ns/search-ws/sruResponse">
  <leader>02636cam a2200613Ma 4500</leader>
  <controlfield tag="001">ocn301655002</controlfield>
  <controlfield tag="003">OCoLC</controlfield>
  <controlfield tag="005">20160311223621.0</controlfield>
  <controlfield tag="008">010628s2001    fr a          000 0 fre d</controlfield>
  <datafield tag="040" ind1=" " ind2=" ">
    <subfield code="a">RUQBL</subfield>
    <subfield code="b">fre</subfield>
    <subfield code="c">RUQBL</subfield>
    <subfield code="d">FRBML</subfield>
    <subfield code="d">LGG</subfield>
    <subfield code="d">BDF</subfield>
    <subfield code="d">OCLCQ</subfield>
    <subfield code="d">CHRRO</subfield>
    <subfield code="d">FRMCM</subfield>
    <subfield code="d">UQ1</subfield>
    <subfield code="d">OCLCO</subfield>
    <subfield code="d">OCLCF</subfield>
  </datafield>
  <datafield tag="016" ind1="7" ind2=" ">
    <subfield code="a">FRBNF376307740000005</subfield>
    <subfield code="2">FrPBN</subfield>
  </datafield>
  <datafield tag="020" ind1=" " ind2=" ">
    <subfield code="a">2707317314</subfield>
  </datafield>
  <datafield tag="020" ind1=" " ind2=" ">
    <subfield code="a">9782707317315</subfield>
  </datafield>
  <datafield tag="035" ind1=" " ind2=" ">
    <subfield code="a">(OCoLC)301655002</subfield>
  </datafield>
  <datafield tag="050" ind1=" " ind2="4">
    <subfield code="a">ML3800</subfield>
    <subfield code="b">.S972 2001</subfield>
  </datafield>
  <datafield tag="055" ind1=" " ind2="3">
    <subfield code="a">ML3797</subfield>
    <subfield code="b">S94</subfield>
  </datafield>
  <datafield tag="082" ind1="1" ind2="4">
    <subfield code="a">780.1</subfield>
  </datafield>
  <datafield tag="100" ind1="1" ind2=" ">
    <subfield code="a">Szendy, Peter.</subfield>
  </datafield>
  <datafield tag="245" ind1="1" ind2="0">
    <subfield code="a">Écoute :</subfield>
    <subfield code="b">une histoire de nos oreilles /</subfield>
    <subfield code="c">Peter Szendy. Précédé de Ascoltando / par Jean-Luc Nancy.</subfield>
  </datafield>
  <datafield tag="246" ind1="3" ind2=" ">
    <subfield code="a">Ascoltando</subfield>
  </datafield>
  <datafield tag="260" ind1=" " ind2=" ">
    <subfield code="b">Éditions de Minuit ;</subfield>
    <subfield code="a">Paris,</subfield>
    <subfield code="c">2001.</subfield>
  </datafield>
  <datafield tag="300" ind1=" " ind2=" ">
    <subfield code="a">172 p. :</subfield>
    <subfield code="b">ill.</subfield>
  </datafield>
  <datafield tag="490" ind1="1" ind2=" ">
    <subfield code="a">Paradoxe</subfield>
  </datafield>
  <datafield tag="520" ind1=" " ind2=" ">
    <subfield code="a">L'écoute est l'activité la plus discrète qui soit ; quelqu'un qui écoute, ça ne s'entend pas. Pourtant P. Szendy, musicologue, rêve d'une archéologie des écoutes musicales, une histoire des oreilles de mélomanes, et tente ici d'en esquisser une, afin de tout savoir sur ces oreilles que l'on porte et que l'on prête.</subfield>
  </datafield>
  <datafield tag="650" ind1=" " ind2="6">
    <subfield code="a">Musicologie.</subfield>
  </datafield>
  <datafield tag="650" ind1=" " ind2="6">
    <subfield code="a">Perception de la musique.</subfield>
  </datafield>
  <datafield tag="650" ind1=" " ind2="4">
    <subfield code="a">Musique</subfield>
    <subfield code="x">Philosophie et esthétique.</subfield>
  </datafield>
  <datafield tag="650" ind1=" " ind2="0">
    <subfield code="a">Music</subfield>
    <subfield code="x">Philosophy and aesthetics.</subfield>
  </datafield>
  <datafield tag="650" ind1=" " ind2="0">
    <subfield code="a">Music</subfield>
    <subfield code="x">History and criticism.</subfield>
  </datafield>
  <datafield tag="650" ind1=" " ind2="0">
    <subfield code="a">Musical criticism.</subfield>
  </datafield>
  <datafield tag="650" ind1=" " ind2="7">
    <subfield code="a">Perception de la musique</subfield>
    <subfield code="x">Histoire.</subfield>
    <subfield code="2">ram</subfield>
  </datafield>
  <datafield tag="650" ind1=" " ind2="7">
    <subfield code="a">Musique</subfield>
    <subfield code="x">Appréciation</subfield>
    <subfield code="z">France</subfield>
    <subfield code="x">Histoire.</subfield>
    <subfield code="2">ram</subfield>
  </datafield>
  <datafield tag="650" ind1=" " ind2="7">
    <subfield code="a">Droit d'auteur</subfield>
    <subfield code="x">Musique</subfield>
    <subfield code="z">France</subfield>
    <subfield code="x">Histoire.</subfield>
    <subfield code="2">ram</subfield>
  </datafield>
  <datafield tag="650" ind1=" " ind2="7">
    <subfield code="a">audition</subfield>
    <subfield code="x">langage musical</subfield>
    <subfield code="x">perception des structures.</subfield>
    <subfield code="2">rero</subfield>
  </datafield>
  <datafield tag="650" ind1=" " ind2="7">
    <subfield code="a">audition</subfield>
    <subfield code="x">droit d'auteur</subfield>
    <subfield code="x">musique.</subfield>
    <subfield code="2">rero</subfield>
  </datafield>
  <datafield tag="650" ind1=" " ind2="7">
    <subfield code="a">Appréciation musicale.</subfield>
    <subfield code="2">rasuqam</subfield>
  </datafield>
  <datafield tag="650" ind1=" " ind2="7">
    <subfield code="a">Aspect philosophique.</subfield>
    <subfield code="2">rasuqam</subfield>
  </datafield>
  <datafield tag="650" ind1="1" ind2="7">
    <subfield code="a">Écoute musicale.</subfield>
    <subfield code="2">rasuqam</subfield>
  </datafield>
  <datafield tag="650" ind1=" " ind2="7">
    <subfield code="a">Histoire.</subfield>
    <subfield code="2">rasuqam</subfield>
  </datafield>
  <datafield tag="650" ind1=" " ind2="7">
    <subfield code="a">Musique.</subfield>
    <subfield code="2">rasuqam</subfield>
  </datafield>
  <datafield tag="650" ind1=" " ind2="7">
    <subfield code="a">Perception musicale.</subfield>
    <subfield code="2">rasuqam</subfield>
  </datafield>
  <datafield tag="650" ind1=" " ind2="7">
    <subfield code="a">Music.</subfield>
    <subfield code="2">fast</subfield>
    <subfield code="0">(OCoLC)fst01030269</subfield>
  </datafield>
  <datafield tag="650" ind1=" " ind2="7">
    <subfield code="a">Music</subfield>
    <subfield code="x">Philosophy and aesthetics.</subfield>
    <subfield code="2">fast</subfield>
    <subfield code="0">(OCoLC)fst01030408</subfield>
  </datafield>
  <datafield tag="650" ind1=" " ind2="7">
    <subfield code="a">Musical criticism.</subfield>
    <subfield code="2">fast</subfield>
    <subfield code="0">(OCoLC)fst01030706</subfield>
  </datafield>
  <datafield tag="653" ind1=" " ind2=" ">
    <subfield code="a">Ecoute</subfield>
    <subfield code="a">Histoire</subfield>
    <subfield code="a">Musical</subfield>
    <subfield code="a">Musicologie</subfield>
    <subfield code="a">Musique</subfield>
    <subfield code="a">Perception</subfield>
  </datafield>
  <datafield tag="655" ind1=" " ind2="7">
    <subfield code="a">Criticism, interpretation, etc.</subfield>
    <subfield code="2">fast</subfield>
    <subfield code="0">(OCoLC)fst01411635</subfield>
  </datafield>
  <datafield tag="700" ind1="1" ind2=" ">
    <subfield code="a">Nancy, Jean-Luc.</subfield>
  </datafield>
  <datafield tag="830" ind1=" " ind2="0">
    <subfield code="a">Paradoxe.</subfield>
  </datafield>
  <datafield tag="856" ind1="4" ind2="2">
    <subfield code="3">Notice et cote du catalogue de la Bibliothèque nationale de France</subfield>
    <subfield code="u">http://catalogue.bnf.fr/ark:/12148/cb37630774g</subfield>
  </datafield>
  
  
  
  
  
</record>