<record xmlns="http://www.loc.gov/MARC21/slim" xmlns:zs="http://docs.oasis-open.org/ns/search-ws/sruResponse">
  <leader>02905cam a2200445Ia 4500</leader>
  <controlfield tag="001">ocm18333495 </controlfield>
  <controlfield tag="003">OCoLC</controlfield>
  <controlfield tag="005">20160311225539.0</controlfield>
  <controlfield tag="008">880809s1988    paua     b    000 0 eng d</controlfield>
  <datafield tag="040" ind1=" " ind2=" ">
    <subfield code="a">KKU</subfield>
    <subfield code="b">eng</subfield>
    <subfield code="c">KKU</subfield>
    <subfield code="d">NGU</subfield>
    <subfield code="d">LVB</subfield>
    <subfield code="d">YDXCP</subfield>
    <subfield code="d">DRB</subfield>
    <subfield code="d">CUY</subfield>
    <subfield code="d">IXA</subfield>
    <subfield code="d">BDX</subfield>
    <subfield code="d">OCLCQ</subfield>
    <subfield code="d">OCLCO</subfield>
    <subfield code="d">SDB</subfield>
    <subfield code="d">OCLCF</subfield>
    <subfield code="d">OCLCQ</subfield>
  </datafield>
  <datafield tag="019" ind1=" " ind2=" ">
    <subfield code="a">869833320</subfield>
  </datafield>
  <datafield tag="020" ind1=" " ind2=" ">
    <subfield code="a">0847854736</subfield>
    <subfield code="q">(pbk.)</subfield>
  </datafield>
  <datafield tag="020" ind1=" " ind2=" ">
    <subfield code="a">9780847854738</subfield>
    <subfield code="q">(pbk.)</subfield>
  </datafield>
  <datafield tag="035" ind1=" " ind2=" ">
    <subfield code="a">(OCoLC)18333495</subfield>
    <subfield code="z">(OCoLC)869833320</subfield>
  </datafield>
  <datafield tag="050" ind1=" " ind2="4">
    <subfield code="a">NX620</subfield>
    <subfield code="b">.R35 1988</subfield>
  </datafield>
  <datafield tag="245" ind1="0" ind2="0">
    <subfield code="a">Re-presentation /</subfield>
    <subfield code="c">editors, Charles Hay [and others].</subfield>
  </datafield>
  <datafield tag="246" ind1="3" ind2=" ">
    <subfield code="a">Representation</subfield>
  </datafield>
  <datafield tag="260" ind1=" " ind2=" ">
    <subfield code="a">Philadelphia :</subfield>
    <subfield code="b">Graduate School of Fine Arts, University of Pennsylvania ;</subfield>
    <subfield code="a">New York :</subfield>
    <subfield code="b">Distributed by Rizzoli,</subfield>
    <subfield code="c">1988.</subfield>
  </datafield>
  <datafield tag="300" ind1=" " ind2=" ">
    <subfield code="a">165 pages :</subfield>
    <subfield code="b">illustrations ;</subfield>
    <subfield code="c">31 cm.</subfield>
  </datafield>
  <datafield tag="336" ind1=" " ind2=" ">
    <subfield code="a">text</subfield>
    <subfield code="b">txt</subfield>
    <subfield code="2">rdacontent</subfield>
  </datafield>
  <datafield tag="337" ind1=" " ind2=" ">
    <subfield code="a">unmediated</subfield>
    <subfield code="b">n</subfield>
    <subfield code="2">rdamedia</subfield>
  </datafield>
  <datafield tag="338" ind1=" " ind2=" ">
    <subfield code="a">volume</subfield>
    <subfield code="b">nc</subfield>
    <subfield code="2">rdacarrier</subfield>
  </datafield>
  <datafield tag="490" ind1="1" ind2=" ">
    <subfield code="a">Via : journal of the Graduate School of Fine Arts, University of Pennsylvania,</subfield>
    <subfield code="x">0506-8347 ;</subfield>
    <subfield code="v">no. 9</subfield>
  </datafield>
  <datafield tag="504" ind1=" " ind2=" ">
    <subfield code="a">Includes bibliographical references.</subfield>
  </datafield>
  <datafield tag="505" ind1="0" ind2=" ">
    <subfield code="a">Artful realism / Richard Schweder -- Representation and re-presentation in architecture / Karsten Harries -- The Sixth Street House / Thom Mayne/Morphosis -- Is music metaphor, or ...? / Daniel Goode -- The polarities of paradise in the works of Frank Lloyd Wright / Richard Wesley -- Celebration: cosmology and symbol in the architectural and performance environment / Rachel Fletcher and John Clauser -- Abstraction in modern architecture: some reflections in parallel to gnosticism and hermeneutics / Alberto Pérez-Gómez -- Should we not follow where it beckons? / Daniel Libeskind -- Artificial intelligence: the problem of knowledge representation / Hubert Dreyfus -- Small theater design within a tall building in Chicago / Robert de Jager -- Ellipses / Jerzy Rozenberg -- The flaneur in the paved solitude of the city / Nadir Lahiji -- Architecture and exhibit design / Boris Podrecca -- The question of "architectural object" in modern architecture: Le Corbusier's Cartisian theory and practice of his purist period / Mamouchehr Eslami -- "Out of the Llewellyn corridor" / Harriet Feigenbaum -- Speculation on de-sign and Finito / Claudio Sgarbi.</subfield>
  </datafield>
  <datafield tag="650" ind1=" " ind2="0">
    <subfield code="a">Architecture.</subfield>
  </datafield>
  <datafield tag="650" ind1=" " ind2="6">
    <subfield code="a">Architecture</subfield>
    <subfield code="x">Esthétique.</subfield>
  </datafield>
  <datafield tag="650" ind1=" " ind2="6">
    <subfield code="a">Représentation (Philosophie)</subfield>
  </datafield>
  <datafield tag="650" ind1=" " ind2="6">
    <subfield code="a">Architecture</subfield>
    <subfield code="x">Philosophie.</subfield>
  </datafield>
  <datafield tag="650" ind1=" " ind2="7">
    <subfield code="a">Architecture.</subfield>
    <subfield code="2">fast</subfield>
    <subfield code="0">(OCoLC)fst00813346</subfield>
  </datafield>
  <datafield tag="700" ind1="1" ind2=" ">
    <subfield code="a">Hay, Charles.</subfield>
  </datafield>
  <datafield tag="830" ind1=" " ind2="0">
    <subfield code="a">Via (Philadelphia, Pa.) ;</subfield>
    <subfield code="v">9.</subfield>
  </datafield>
  
  
  
  
  
  
  
  
</record>