<record xmlns="http://www.loc.gov/MARC21/slim" xmlns:zs="http://docs.oasis-open.org/ns/search-ws/sruResponse">
  <leader>02283cam a2200397Ii 4500</leader>
  <controlfield tag="001">ocn908769480</controlfield>
  <controlfield tag="003">OCoLC</controlfield>
  <controlfield tag="005">20160311225534.0</controlfield>
  <controlfield tag="008">150512t19931993sz a          000 0 eng d</controlfield>
  <datafield tag="040" ind1=" " ind2=" ">
    <subfield code="a">JPG</subfield>
    <subfield code="b">eng</subfield>
    <subfield code="e">rda</subfield>
    <subfield code="c">JPG</subfield>
    <subfield code="d">OCLCO</subfield>
  </datafield>
  <datafield tag="020" ind1=" " ind2=" ">
    <subfield code="a">390665513X</subfield>
  </datafield>
  <datafield tag="020" ind1=" " ind2=" ">
    <subfield code="a">9783906655130</subfield>
  </datafield>
  <datafield tag="035" ind1=" " ind2=" ">
    <subfield code="a">(OCoLC)908769480</subfield>
  </datafield>
  <datafield tag="041" ind1=" " ind2=" ">
    <subfield code="a">eng</subfield>
    <subfield code="a">ger</subfield>
  </datafield>
  <datafield tag="043" ind1=" " ind2=" ">
    <subfield code="a">e-sz---</subfield>
  </datafield>
  <datafield tag="050" ind1=" " ind2="4">
    <subfield code="a">N3655.L79</subfield>
    <subfield code="b">K86 1993</subfield>
  </datafield>
  <datafield tag="245" ind1="0" ind2="0">
    <subfield code="a">Kunsthalle Lucerne /</subfield>
    <subfield code="c">editor: Kunsthalle Luzern ; conception/texts: Stefan Banz ; translation: David Krieger.</subfield>
  </datafield>
  <datafield tag="264" ind1=" " ind2="1">
    <subfield code="a">Luzern :</subfield>
    <subfield code="b">Kunsthalle Luzern,</subfield>
    <subfield code="c">[1993]</subfield>
  </datafield>
  <datafield tag="264" ind1=" " ind2="4">
    <subfield code="c">©1993</subfield>
  </datafield>
  <datafield tag="300" ind1=" " ind2=" ">
    <subfield code="a">64 pages :</subfield>
    <subfield code="b">color illustrations ;</subfield>
    <subfield code="c">24 cm</subfield>
  </datafield>
  <datafield tag="336" ind1=" " ind2=" ">
    <subfield code="a">text</subfield>
    <subfield code="b">txt</subfield>
    <subfield code="2">rdacontent</subfield>
  </datafield>
  <datafield tag="336" ind1=" " ind2=" ">
    <subfield code="a">still image</subfield>
    <subfield code="b">sti</subfield>
    <subfield code="2">rdacontent</subfield>
  </datafield>
  <datafield tag="337" ind1=" " ind2=" ">
    <subfield code="a">unmediated</subfield>
    <subfield code="b">n</subfield>
    <subfield code="2">rdamedia</subfield>
  </datafield>
  <datafield tag="338" ind1=" " ind2=" ">
    <subfield code="a">volume</subfield>
    <subfield code="b">nc</subfield>
    <subfield code="2">rdacarrier</subfield>
  </datafield>
  <datafield tag="500" ind1=" " ind2=" ">
    <subfield code="a">Published on the occasion of an exhibition held at Achim Kubinski Gallery, New York, New York, March 13-April 17, 1993.</subfield>
  </datafield>
  <datafield tag="546" ind1=" " ind2=" ">
    <subfield code="a">English and German.</subfield>
  </datafield>
  <datafield tag="500" ind1=" " ind2=" ">
    <subfield code="a">Illustrations are loose in an envelope attached to the title page.</subfield>
  </datafield>
  <datafield tag="505" ind1="0" ind2=" ">
    <subfield code="a">Opening the water : the activities of the Kunsthalle from 1990 to 1993: an overview = Eine Aussparung von Wasser im See : die Aktivitäten der Kunsthalle von 1990 bis 1993 im Überblick -- Cultivating the museum : Jacques Derrida, Theo Kneubühler, Wada Jossen, Harald Szeemann = Der Anbau des Museums : Jacques Derrida, Theo Kneubühler, Wada Jossen, Harald Szeemann -- Parasitic peripheral phenomena : visit in S., an acoustic guide through an exhibition = Parasitäre Randerscheinungen : Besuch in S., ein akustischer Führer durch eine Ausstellung -- The Kunsthalle on the other shore : on the exhibition in the Achim Kubinski Gallery, New York = Die Kunsthalle am anderen Ufer : zur Ausstellung in der Galerie Achim Kubinski, New York -- The activities: an overview = Die Veranstaltungen im Überblick.</subfield>
  </datafield>
  <datafield tag="610" ind1="2" ind2="0">
    <subfield code="a">Kunsthalle Luzern</subfield>
    <subfield code="x">History.</subfield>
  </datafield>
  <datafield tag="650" ind1=" " ind2="0">
    <subfield code="a">Alternative spaces (Arts facilities)</subfield>
    <subfield code="z">Switzerland</subfield>
    <subfield code="z">Lucerne.</subfield>
  </datafield>
  <datafield tag="650" ind1=" " ind2="0">
    <subfield code="a">Art, Modern</subfield>
    <subfield code="y">20th century</subfield>
    <subfield code="x">Exhibitions.</subfield>
  </datafield>
  <datafield tag="700" ind1="1" ind2=" ">
    <subfield code="a">Banz, Stefan,</subfield>
    <subfield code="e">writer of added commentary.</subfield>
  </datafield>
  <datafield tag="710" ind1="2" ind2=" ">
    <subfield code="a">Kunsthalle Luzern,</subfield>
    <subfield code="e">editor.</subfield>
  </datafield>
  <datafield tag="710" ind1="2" ind2=" ">
    <subfield code="a">Galerie Achim Kubinski,</subfield>
    <subfield code="e">host institution.</subfield>
  </datafield>
  
  
</record>