<record xmlns="http://www.loc.gov/MARC21/slim" xmlns:zs="http://docs.oasis-open.org/ns/search-ws/sruResponse">
  <leader>02597cam a2200445Ma 4500</leader>
  <controlfield tag="001">ocn869390736</controlfield>
  <controlfield tag="003">OCoLC</controlfield>
  <controlfield tag="005">20160311224820.0</controlfield>
  <controlfield tag="008">090713s2013    nyu     o     000 u eng d</controlfield>
  <controlfield tag="006">m     o  d        </controlfield>
  <controlfield tag="007">cr cnu---unuuu</controlfield>
  <datafield tag="040" ind1=" " ind2=" ">
    <subfield code="a">RECBK</subfield>
    <subfield code="b">eng</subfield>
    <subfield code="c">RECBK</subfield>
    <subfield code="d">OCLCQ</subfield>
    <subfield code="d">YDXCP</subfield>
    <subfield code="d">OCLCQ</subfield>
  </datafield>
  <datafield tag="019" ind1=" " ind2=" ">
    <subfield code="a">906432460</subfield>
  </datafield>
  <datafield tag="020" ind1=" " ind2=" ">
    <subfield code="a">9780679641940</subfield>
    <subfield code="q">(electronic bk.)</subfield>
  </datafield>
  <datafield tag="020" ind1=" " ind2=" ">
    <subfield code="a">0679641947</subfield>
    <subfield code="q">(electronic bk.)</subfield>
  </datafield>
  <datafield tag="020" ind1=" " ind2=" ">
    <subfield code="z">0451624742</subfield>
  </datafield>
  <datafield tag="020" ind1=" " ind2=" ">
    <subfield code="z">9780451624741</subfield>
  </datafield>
  <datafield tag="028" ind1="0" ind2="1">
    <subfield code="a">EB00162719</subfield>
    <subfield code="b">Recorded Books</subfield>
  </datafield>
  <datafield tag="035" ind1=" " ind2=" ">
    <subfield code="a">(OCoLC)869390736</subfield>
    <subfield code="z">(OCoLC)906432460</subfield>
  </datafield>
  <datafield tag="050" ind1=" " ind2="4">
    <subfield code="a">BR65.A6</subfield>
    <subfield code="b">A948 2013</subfield>
  </datafield>
  <datafield tag="082" ind1="0" ind2="4">
    <subfield code="a">242</subfield>
  </datafield>
  <datafield tag="100" ind1="1" ind2=" ">
    <subfield code="a">Augustine, St.</subfield>
  </datafield>
  <datafield tag="245" ind1="1" ind2="4">
    <subfield code="a">The confessions</subfield>
    <subfield code="h">[electronic resource] :</subfield>
    <subfield code="b">(a modern library e-book) /</subfield>
    <subfield code="c">St. Augustine.</subfield>
  </datafield>
  <datafield tag="250" ind1=" " ind2=" ">
    <subfield code="a">Unabridged.</subfield>
  </datafield>
  <datafield tag="260" ind1=" " ind2=" ">
    <subfield code="a">New York :</subfield>
    <subfield code="b">Modern Library,</subfield>
    <subfield code="c">2013.</subfield>
  </datafield>
  <datafield tag="300" ind1=" " ind2=" ">
    <subfield code="a">1 online resource.</subfield>
  </datafield>
  <datafield tag="336" ind1=" " ind2=" ">
    <subfield code="a">text</subfield>
    <subfield code="b">txt</subfield>
    <subfield code="2">rdacontent</subfield>
  </datafield>
  <datafield tag="337" ind1=" " ind2=" ">
    <subfield code="a">computer</subfield>
    <subfield code="b">c</subfield>
    <subfield code="2">rdamedia</subfield>
  </datafield>
  <datafield tag="338" ind1=" " ind2=" ">
    <subfield code="a">online resource</subfield>
    <subfield code="b">cr</subfield>
    <subfield code="2">rdacarrier</subfield>
  </datafield>
  <datafield tag="490" ind1="0" ind2=" ">
    <subfield code="a">A Mentor book ;</subfield>
    <subfield code="v">MY1204</subfield>
  </datafield>
  <datafield tag="520" ind1=" " ind2=" ">
    <subfield code="a">"The reader who has never met Augustine before ought to go first of all to the Confessions, ' reflected the Trappist monk and scholar Thomas Merton. 'Augustine lived the theology that he wrote. ... He experienced the reality of Christ living in his own soul.' Saint Augustine, the celebrated theologian who served as Bishop of Hippo from A.D. 396 until his death in A.D. 430, is widely regarded as one of the most influential thinkers in the Western world. Written in the form of a long prayer addressed directly to God, Augustine's Confessions, the remarkable chronicle of his conversion to Christianity, endures as the greatest spiritual autobiography of all time. 'Augustine possessed a strong, capacious, argumentative mind, ' wrote Edward Gibbon. 'He boldly sounded the dark abyss of grace, predestination, free-will, and original sin.' And the eminent historian Jaroslav Pelikan remarked: 'There has, quite literally, been no century of the sixteen centuries since the conversion of Augustine in which he has not been a major intellectual, spiritual, and cultural force."</subfield>
  </datafield>
  <datafield tag="500" ind1=" " ind2=" ">
    <subfield code="a">Title from resource description page (Recorded Books, viewed January 23, 2014).</subfield>
  </datafield>
  <datafield tag="650" ind1=" " ind2="7">
    <subfield code="a">BIOGRAPHY &amp; AUTOBIOGRAPHY</subfield>
    <subfield code="x">Religious.</subfield>
    <subfield code="2">bisacsh</subfield>
  </datafield>
  <datafield tag="655" ind1=" " ind2="4">
    <subfield code="a">Electronic books.</subfield>
  </datafield>
  <datafield tag="776" ind1="0" ind2="8">
    <subfield code="c">Original</subfield>
    <subfield code="z">0451624742</subfield>
    <subfield code="z">9780451624741</subfield>
    <subfield code="w">(OCoLC)35816375</subfield>
  </datafield>
  <datafield tag="856" ind1="4" ind2="0">
    <subfield code="u">http://rbdigital.oneclickdigital.com</subfield>
  </datafield>
  
  
  
  
</record>