<record xmlns="http://www.loc.gov/MARC21/slim" xmlns:zs="http://docs.oasis-open.org/ns/search-ws/sruResponse">
  <leader>01858cam a2200469Mi 4500</leader>
  <controlfield tag="001">ocn781749633</controlfield>
  <controlfield tag="003">OCoLC</controlfield>
  <controlfield tag="005">20160311224123.0</controlfield>
  <controlfield tag="008">860311s1984    fr            000 0 fre d</controlfield>
  <datafield tag="040" ind1=" " ind2=" ">
    <subfield code="a">NLGGC</subfield>
    <subfield code="e">fobidrtb</subfield>
    <subfield code="b">dut</subfield>
    <subfield code="c">NLGGC</subfield>
    <subfield code="d">OCLCO</subfield>
    <subfield code="d">OCLCF</subfield>
    <subfield code="d">OCLCO</subfield>
    <subfield code="d">BEATB</subfield>
  </datafield>
  <datafield tag="020" ind1=" " ind2=" ">
    <subfield code="a">221301504X</subfield>
  </datafield>
  <datafield tag="020" ind1=" " ind2=" ">
    <subfield code="a">9782213015040</subfield>
  </datafield>
  <datafield tag="035" ind1=" " ind2=" ">
    <subfield code="a">(OCoLC)781749633</subfield>
  </datafield>
  <datafield tag="050" ind1=" " ind2="4">
    <subfield code="a">DC158.2</subfield>
    <subfield code="b">.Q56 1984</subfield>
  </datafield>
  <datafield tag="084" ind1=" " ind2=" ">
    <subfield code="a">08.45</subfield>
    <subfield code="2">bcl</subfield>
  </datafield>
  <datafield tag="100" ind1="1" ind2=" ">
    <subfield code="a">Quinet, Edgar</subfield>
    <subfield code="q">(Jean Louis Edgar),</subfield>
    <subfield code="d">1803-1875.</subfield>
  </datafield>
  <datafield tag="245" ind1="1" ind2="3">
    <subfield code="a">Le christianisme et la Revolution française /</subfield>
    <subfield code="c">Edgar Quinet ; [texte revu par Patrice Vermeren].</subfield>
  </datafield>
  <datafield tag="260" ind1=" " ind2=" ">
    <subfield code="a">Paris :</subfield>
    <subfield code="b">Fayard,</subfield>
    <subfield code="c">1984.</subfield>
  </datafield>
  <datafield tag="300" ind1=" " ind2=" ">
    <subfield code="a">298 p. ;</subfield>
    <subfield code="c">23 cm.</subfield>
  </datafield>
  <datafield tag="490" ind1="1" ind2=" ">
    <subfield code="a">Corpus des œuvres de philosiphie en langue française</subfield>
  </datafield>
  <datafield tag="500" ind1=" " ind2=" ">
    <subfield code="a">Bevat de teksten naar de 2e druk van de colleges door Quinet in 1845 in het Collège de France gehouden.</subfield>
  </datafield>
  <datafield tag="650" ind1=" " ind2="0">
    <subfield code="a">Christianity.</subfield>
  </datafield>
  <datafield tag="650" ind1=" " ind2="6">
    <subfield code="a">Église</subfield>
    <subfield code="x">Histoire.</subfield>
  </datafield>
  <datafield tag="650" ind1=" " ind2="6">
    <subfield code="a">Démocratie.</subfield>
  </datafield>
  <datafield tag="650" ind1=" " ind2="7">
    <subfield code="a">CRISTIANISMO.</subfield>
    <subfield code="2">renib</subfield>
  </datafield>
  <datafield tag="650" ind1="1" ind2="7">
    <subfield code="a">Franse Revolutie.</subfield>
    <subfield code="2">gtt</subfield>
  </datafield>
  <datafield tag="650" ind1="1" ind2="7">
    <subfield code="a">Christendom.</subfield>
    <subfield code="2">gtt</subfield>
  </datafield>
  <datafield tag="650" ind1="1" ind2="7">
    <subfield code="a">Politieke aspecten.</subfield>
    <subfield code="2">gtt</subfield>
  </datafield>
  <datafield tag="651" ind1=" " ind2="0">
    <subfield code="a">France</subfield>
    <subfield code="x">History</subfield>
    <subfield code="x">Religious aspects</subfield>
    <subfield code="y">Revolution, 1789-1799.</subfield>
  </datafield>
  <datafield tag="651" ind1=" " ind2="6">
    <subfield code="a">France</subfield>
    <subfield code="x">Histoire</subfield>
    <subfield code="y">1789-1799 (Révolution)</subfield>
  </datafield>
  <datafield tag="651" ind1=" " ind2="7">
    <subfield code="a">FRANCIA</subfield>
    <subfield code="x">HISTORIA</subfield>
    <subfield code="x">ASPECTOS RELIGIOSOS</subfield>
    <subfield code="y">REVOLUCION, 1789-1799.</subfield>
    <subfield code="2">renib</subfield>
  </datafield>
  <datafield tag="650" ind1=" " ind2="7">
    <subfield code="a">Christianity.</subfield>
    <subfield code="2">fast</subfield>
    <subfield code="0">(OCoLC)fst00859599</subfield>
  </datafield>
  <datafield tag="650" ind1=" " ind2="7">
    <subfield code="a">Religious aspects.</subfield>
    <subfield code="2">fast</subfield>
    <subfield code="0">(OCoLC)fst01354418</subfield>
  </datafield>
  <datafield tag="651" ind1=" " ind2="7">
    <subfield code="a">France.</subfield>
    <subfield code="2">fast</subfield>
    <subfield code="0">(OCoLC)fst01204289</subfield>
  </datafield>
  <datafield tag="648" ind1=" " ind2="7">
    <subfield code="a">1789 - 1799</subfield>
    <subfield code="2">fast</subfield>
  </datafield>
  <datafield tag="648" ind1=" " ind2="4">
    <subfield code="a">anno 1700-1799</subfield>
    <subfield code="0">(BE-AnANE)a::93.18:1</subfield>
  </datafield>
  <datafield tag="655" ind1=" " ind2="7">
    <subfield code="a">History.</subfield>
    <subfield code="2">fast</subfield>
    <subfield code="0">(OCoLC)fst01411628</subfield>
  </datafield>
  <datafield tag="700" ind1="1" ind2=" ">
    <subfield code="a">Vermeren, Patrice,</subfield>
    <subfield code="d">1949-</subfield>
  </datafield>
  <datafield tag="830" ind1=" " ind2="0">
    <subfield code="a">Corpus des œuvres de philosophie en langue française.</subfield>
    <subfield code="x">0765-4685</subfield>
    <subfield code="w">(NL-LeOCL)045689679</subfield>
    <subfield code="w">(OCoLC)72965402</subfield>
  </datafield>
  
  
  
</record>