<record xmlns="http://www.loc.gov/MARC21/slim" xmlns:zs="http://docs.oasis-open.org/ns/search-ws/sruResponse">
  <leader>01129cam a2200325Ia 4500</leader>
  <controlfield tag="001">ocm27734416 </controlfield>
  <controlfield tag="003">OCoLC</controlfield>
  <controlfield tag="005">20160311225600.0</controlfield>
  <controlfield tag="008">930316s1992    fr a     b    000 1 fre d</controlfield>
  <datafield tag="040" ind1=" " ind2=" ">
    <subfield code="a">FIP</subfield>
    <subfield code="b">fre</subfield>
    <subfield code="c">FIP</subfield>
    <subfield code="d">UQ1</subfield>
    <subfield code="d">BDF</subfield>
    <subfield code="d">OCLCQ</subfield>
  </datafield>
  <datafield tag="016" ind1="7" ind2=" ">
    <subfield code="a">FRBNF355480600000005</subfield>
    <subfield code="2">FrPBN</subfield>
  </datafield>
  <datafield tag="020" ind1=" " ind2=" ">
    <subfield code="a">2905964561 :</subfield>
    <subfield code="c">45FF</subfield>
  </datafield>
  <datafield tag="020" ind1=" " ind2=" ">
    <subfield code="a">9782905964564</subfield>
  </datafield>
  <datafield tag="035" ind1=" " ind2=" ">
    <subfield code="a">(OCoLC)27734416</subfield>
  </datafield>
  <datafield tag="050" ind1="1" ind2="4">
    <subfield code="a">PR5820S2</subfield>
    <subfield code="b">1992</subfield>
  </datafield>
  <datafield tag="082" ind1="0" ind2="4">
    <subfield code="a">828.8</subfield>
    <subfield code="b">WILD</subfield>
  </datafield>
  <datafield tag="100" ind1="1" ind2=" ">
    <subfield code="a">Wilde, Oscar,</subfield>
    <subfield code="d">1854-1900.</subfield>
  </datafield>
  <datafield tag="245" ind1="1" ind2="0">
    <subfield code="a">Salomé :</subfield>
    <subfield code="b">drame en un acte /</subfield>
    <subfield code="c">Oscar Wilde ; illustré par Aubrey Beardsley.</subfield>
  </datafield>
  <datafield tag="260" ind1=" " ind2=" ">
    <subfield code="a">Toulouse (France) :</subfield>
    <subfield code="b">Editions Ombres,</subfield>
    <subfield code="c">©1992.</subfield>
  </datafield>
  <datafield tag="300" ind1=" " ind2=" ">
    <subfield code="a">94 p. :</subfield>
    <subfield code="b">ill. ;</subfield>
    <subfield code="c">17 cm.</subfield>
  </datafield>
  <datafield tag="490" ind1="0" ind2=" ">
    <subfield code="a">Petite bibliothèque Ombres ;</subfield>
    <subfield code="v">4</subfield>
  </datafield>
  <datafield tag="504" ind1=" " ind2=" ">
    <subfield code="a">Bibliographie: p. [95].</subfield>
  </datafield>
  <datafield tag="700" ind1="1" ind2=" ">
    <subfield code="a">Beardsley, Aubrey,</subfield>
    <subfield code="d">1872-1898,</subfield>
    <subfield code="e">ill.</subfield>
  </datafield>
  <datafield tag="856" ind1="4" ind2="2">
    <subfield code="3">Notice et cote du catalogue de la Bibliothèque nationale de France</subfield>
    <subfield code="u">http://catalogue.bnf.fr/ark:/12148/cb35548060j</subfield>
  </datafield>
  
  
  
  
  
  
</record>