<record xmlns="http://www.loc.gov/MARC21/slim" xmlns:zs="http://docs.oasis-open.org/ns/search-ws/sruResponse">
  <leader>02457cam a2200613 a 4500</leader>
  <controlfield tag="001">ocm40307319 </controlfield>
  <controlfield tag="003">OCoLC</controlfield>
  <controlfield tag="005">20160311224223.0</controlfield>
  <controlfield tag="008">990317s1998    fr       b    000 0 fre d</controlfield>
  <datafield tag="010" ind1=" " ind2=" ">
    <subfield code="a">   99184988 </subfield>
  </datafield>
  <datafield tag="040" ind1=" " ind2=" ">
    <subfield code="a">YSM</subfield>
    <subfield code="b">eng</subfield>
    <subfield code="c">YSM</subfield>
    <subfield code="d">DLC</subfield>
    <subfield code="d">TZT</subfield>
    <subfield code="d">MUQ</subfield>
    <subfield code="d">CHVBK</subfield>
    <subfield code="d">OCLCQ</subfield>
    <subfield code="d">EUX</subfield>
    <subfield code="d">OCLCQ</subfield>
    <subfield code="d">OCLCO</subfield>
    <subfield code="d">OCLCF</subfield>
    <subfield code="d">OCLCQ</subfield>
  </datafield>
  <datafield tag="019" ind1=" " ind2=" ">
    <subfield code="a">41508143</subfield>
  </datafield>
  <datafield tag="020" ind1=" " ind2=" ">
    <subfield code="a">2902969201</subfield>
  </datafield>
  <datafield tag="020" ind1=" " ind2=" ">
    <subfield code="a">9782902969203</subfield>
  </datafield>
  <datafield tag="035" ind1=" " ind2=" ">
    <subfield code="a">(OCoLC)40307319</subfield>
    <subfield code="z">(OCoLC)41508143</subfield>
  </datafield>
  <datafield tag="042" ind1=" " ind2=" ">
    <subfield code="a">lccopycat</subfield>
  </datafield>
  <datafield tag="050" ind1="0" ind2="0">
    <subfield code="a">B2430.L484</subfield>
    <subfield code="b">E57 1998</subfield>
  </datafield>
  <datafield tag="072" ind1=" " ind2="7">
    <subfield code="a">B</subfield>
    <subfield code="2">lcco</subfield>
  </datafield>
  <datafield tag="082" ind1="0" ind2="0">
    <subfield code="a">194</subfield>
    <subfield code="2">21</subfield>
  </datafield>
  <datafield tag="245" ind1="0" ind2="0">
    <subfield code="a">Emmanuel Lévinas :</subfield>
    <subfield code="b">philosophe et pédagogue.</subfield>
  </datafield>
  <datafield tag="246" ind1="1" ind2="8">
    <subfield code="a">Lévinas</subfield>
  </datafield>
  <datafield tag="260" ind1=" " ind2=" ">
    <subfield code="a">Paris :</subfield>
    <subfield code="b">Editions du Nadir de l'Alliance israélite universelle,</subfield>
    <subfield code="c">©1998.</subfield>
  </datafield>
  <datafield tag="300" ind1=" " ind2=" ">
    <subfield code="a">75 pages ;</subfield>
    <subfield code="c">21 cm.</subfield>
  </datafield>
  <datafield tag="336" ind1=" " ind2=" ">
    <subfield code="a">text</subfield>
    <subfield code="b">txt</subfield>
    <subfield code="2">rdacontent</subfield>
  </datafield>
  <datafield tag="337" ind1=" " ind2=" ">
    <subfield code="a">unmediated</subfield>
    <subfield code="b">n</subfield>
    <subfield code="2">rdamedia</subfield>
  </datafield>
  <datafield tag="338" ind1=" " ind2=" ">
    <subfield code="a">volume</subfield>
    <subfield code="b">nc</subfield>
    <subfield code="2">rdacarrier</subfield>
  </datafield>
  <datafield tag="490" ind1="1" ind2=" ">
    <subfield code="a">Collection "Voix"</subfield>
  </datafield>
  <datafield tag="500" ind1=" " ind2=" ">
    <subfield code="a">" ... contributions de David Banon, Ami Bouganim, Catherine Chalier et Ady Steg autour d'un entretien entre Emmanuel Lévinas et Paul Ricœur"--Page 4 of cover.</subfield>
  </datafield>
  <datafield tag="504" ind1=" " ind2=" ">
    <subfield code="a">Includes bibliographical references.</subfield>
  </datafield>
  <datafield tag="505" ind1="0" ind2=" ">
    <subfield code="a">Contiene inoltre un'intervista con Emmanuel Lévinas.</subfield>
  </datafield>
  <datafield tag="508" ind1=" " ind2=" ">
    <subfield code="a">" ... contributions de David Banon, Ami Bouganim, Catherine Chalier et Ady Steg autour d'un entretien entre Emmanuel Lévinas et Paul Ricœur"--Page 4 of cover.</subfield>
  </datafield>
  <datafield tag="600" ind1="1" ind2="0">
    <subfield code="a">Lévinas, Emmanuel.</subfield>
  </datafield>
  <datafield tag="600" ind1="1" ind2="6">
    <subfield code="a">Lévinas, Emmanuel.</subfield>
  </datafield>
  <datafield tag="600" ind1="1" ind2="7">
    <subfield code="a">Lévinas, Emmanuel.</subfield>
    <subfield code="2">fast</subfield>
    <subfield code="0">(OCoLC)fst00046641</subfield>
  </datafield>
  <datafield tag="600" ind1="1" ind2="7">
    <subfield code="a">Levinas, Emmanuel.</subfield>
    <subfield code="2">idszbz</subfield>
  </datafield>
  <datafield tag="600" ind1="1" ind2="7">
    <subfield code="a">Ricoeur, Paul.</subfield>
    <subfield code="2">idszbz</subfield>
  </datafield>
  <datafield tag="650" ind1=" " ind2="7">
    <subfield code="a">Philosophie.</subfield>
    <subfield code="2">idszbz</subfield>
  </datafield>
  <datafield tag="650" ind1=" " ind2="7">
    <subfield code="a">Werk.</subfield>
    <subfield code="2">idszbz</subfield>
  </datafield>
  <datafield tag="600" ind1="1" ind2="7">
    <subfield code="a">Levinas, Emmanuel</subfield>
    <subfield code="v">études diverses.</subfield>
    <subfield code="2">rero</subfield>
  </datafield>
  <datafield tag="653" ind1=" " ind2=" ">
    <subfield code="a">Philosophy</subfield>
  </datafield>
  <datafield tag="700" ind1="1" ind2=" ">
    <subfield code="a">Banon, David.</subfield>
  </datafield>
  <datafield tag="700" ind1="1" ind2=" ">
    <subfield code="a">Lévinas, Emmanuel.</subfield>
  </datafield>
  <datafield tag="700" ind1="1" ind2=" ">
    <subfield code="a">Ricœur, Paul.</subfield>
  </datafield>
  <datafield tag="830" ind1=" " ind2="0">
    <subfield code="a">Collection "Voix" (Editions du Nadir)</subfield>
  </datafield>
  
  
  
  
  
  
  
  
  
  
</record>