<record xmlns="http://www.loc.gov/MARC21/slim" xmlns:zs="http://docs.oasis-open.org/ns/search-ws/sruResponse">
  <leader>02099cam a2200517 a 4500</leader>
  <controlfield tag="001">ocm45958352 </controlfield>
  <controlfield tag="003">OCoLC</controlfield>
  <controlfield tag="005">20160311222816.0</controlfield>
  <controlfield tag="008">000615s1998    bl            000 0 por  </controlfield>
  <datafield tag="010" ind1=" " ind2=" ">
    <subfield code="a">   99887910 </subfield>
  </datafield>
  <datafield tag="040" ind1=" " ind2=" ">
    <subfield code="a">DLC</subfield>
    <subfield code="b">eng</subfield>
    <subfield code="c">DLC</subfield>
    <subfield code="d">IQU</subfield>
    <subfield code="d">OCLCA</subfield>
    <subfield code="d">OCLCF</subfield>
    <subfield code="d">OCLCO</subfield>
    <subfield code="d">OCLCQ</subfield>
  </datafield>
  <datafield tag="019" ind1=" " ind2=" ">
    <subfield code="a">45146910</subfield>
  </datafield>
  <datafield tag="020" ind1=" " ind2=" ">
    <subfield code="a">8531205875</subfield>
  </datafield>
  <datafield tag="020" ind1=" " ind2=" ">
    <subfield code="a">9788531205873</subfield>
  </datafield>
  <datafield tag="035" ind1=" " ind2=" ">
    <subfield code="a">(OCoLC)45958352</subfield>
    <subfield code="z">(OCoLC)45146910</subfield>
  </datafield>
  <datafield tag="041" ind1="1" ind2=" ">
    <subfield code="a">porita</subfield>
    <subfield code="h">ita</subfield>
  </datafield>
  <datafield tag="042" ind1=" " ind2=" ">
    <subfield code="a">lcode</subfield>
  </datafield>
  <datafield tag="043" ind1=" " ind2=" ">
    <subfield code="a">e-it---</subfield>
  </datafield>
  <datafield tag="050" ind1="0" ind2="0">
    <subfield code="a">PQ4319.A3</subfield>
    <subfield code="b">C36 1998</subfield>
  </datafield>
  <datafield tag="082" ind1="0" ind2="0">
    <subfield code="a">851/.1</subfield>
    <subfield code="2">21</subfield>
  </datafield>
  <datafield tag="100" ind1="0" ind2=" ">
    <subfield code="a">Dante Alighieri,</subfield>
    <subfield code="d">1265-1321.</subfield>
  </datafield>
  <datafield tag="245" ind1="1" ind2="0">
    <subfield code="a">Pedra e luz na poesia de Dante /</subfield>
    <subfield code="c">[edição e tradução de] Haroldo de Campos ; apresentação, Andrea Lombardi.</subfield>
  </datafield>
  <datafield tag="260" ind1=" " ind2=" ">
    <subfield code="a">Rio de Janeiro, RJ :</subfield>
    <subfield code="b">Imago,</subfield>
    <subfield code="c">1998.</subfield>
  </datafield>
  <datafield tag="300" ind1=" " ind2=" ">
    <subfield code="a">199 pages ;</subfield>
    <subfield code="c">21 cm.</subfield>
  </datafield>
  <datafield tag="336" ind1=" " ind2=" ">
    <subfield code="a">text</subfield>
    <subfield code="b">txt</subfield>
    <subfield code="2">rdacontent</subfield>
  </datafield>
  <datafield tag="337" ind1=" " ind2=" ">
    <subfield code="a">unmediated</subfield>
    <subfield code="b">n</subfield>
    <subfield code="2">rdamedia</subfield>
  </datafield>
  <datafield tag="338" ind1=" " ind2=" ">
    <subfield code="a">volume</subfield>
    <subfield code="b">nc</subfield>
    <subfield code="2">rdacarrier</subfield>
  </datafield>
  <datafield tag="490" ind1="1" ind2=" ">
    <subfield code="a">Coleção Lazuli</subfield>
  </datafield>
  <datafield tag="546" ind1=" " ind2=" ">
    <subfield code="a">In Italian, with Portuguese translation on facing pages.</subfield>
  </datafield>
  <datafield tag="500" ind1=" " ind2=" ">
    <subfield code="a">Selections from Dante's Rime petrose and his Paradiso, as well as additional poetic works by Dante and others.</subfield>
  </datafield>
  <datafield tag="504" ind1=" " ind2=" ">
    <subfield code="a">"Obras de Haroldo de Campos"-Page 195-199.</subfield>
  </datafield>
  <datafield tag="600" ind1="0" ind2="0">
    <subfield code="a">Dante Alighieri,</subfield>
    <subfield code="d">1265-1321</subfield>
    <subfield code="v">Translations into Portuguese.</subfield>
  </datafield>
  <datafield tag="600" ind1="0" ind2="0">
    <subfield code="a">Dante Alighieri,</subfield>
    <subfield code="d">1265-1321</subfield>
    <subfield code="x">Criticism and interpretation.</subfield>
  </datafield>
  <datafield tag="600" ind1="0" ind2="7">
    <subfield code="a">Dante Alighieri,</subfield>
    <subfield code="d">1265-1321</subfield>
    <subfield code="2">fast</subfield>
    <subfield code="0">(OCoLC)fst00029097</subfield>
  </datafield>
  <datafield tag="655" ind1=" " ind2="7">
    <subfield code="a">Criticism, interpretation, etc.</subfield>
    <subfield code="2">fast</subfield>
    <subfield code="0">(OCoLC)fst01411635</subfield>
  </datafield>
  <datafield tag="655" ind1=" " ind2="7">
    <subfield code="a">Translations.</subfield>
    <subfield code="2">fast</subfield>
    <subfield code="0">(OCoLC)fst01423791</subfield>
  </datafield>
  <datafield tag="700" ind1="1" ind2=" ">
    <subfield code="a">Campos, Haroldo de.</subfield>
  </datafield>
  <datafield tag="700" ind1="0" ind2="2">
    <subfield code="a">Dante Alighieri,</subfield>
    <subfield code="d">1265-1321.</subfield>
    <subfield code="t">Rime petrose.</subfield>
    <subfield code="k">Selections.</subfield>
    <subfield code="l">Portuguese &amp; Italian.</subfield>
  </datafield>
  <datafield tag="700" ind1="0" ind2="2">
    <subfield code="a">Dante Alighieri,</subfield>
    <subfield code="d">1265-1321.</subfield>
    <subfield code="t">Paradiso.</subfield>
    <subfield code="k">Selections.</subfield>
    <subfield code="l">Portuguese &amp; Italian.</subfield>
  </datafield>
  <datafield tag="830" ind1=" " ind2="0">
    <subfield code="a">Coleção Lazuli.</subfield>
  </datafield>
  
  
  
  
  
  
</record>