<record xmlns="http://www.loc.gov/MARC21/slim" xmlns:zs="http://docs.oasis-open.org/ns/search-ws/sruResponse">
  <leader>02176cam a2200565 a 4500</leader>
  <controlfield tag="001">ocm13346704 </controlfield>
  <controlfield tag="003">OCoLC</controlfield>
  <controlfield tag="005">20160311223646.0</controlfield>
  <controlfield tag="008">870622s1984    fr a     b    001 0 fre  </controlfield>
  <datafield tag="010" ind1=" " ind2=" ">
    <subfield code="a">   84250310 </subfield>
  </datafield>
  <datafield tag="040" ind1=" " ind2=" ">
    <subfield code="a">DLC</subfield>
    <subfield code="b">eng</subfield>
    <subfield code="c">DLC</subfield>
    <subfield code="d">MUQ</subfield>
    <subfield code="d">NLGGC</subfield>
    <subfield code="d">OCLCG</subfield>
    <subfield code="d">CUY</subfield>
    <subfield code="d">GEBAY</subfield>
    <subfield code="d">OCLCO</subfield>
    <subfield code="d">OCLCF</subfield>
    <subfield code="d">OCLCQ</subfield>
  </datafield>
  <datafield tag="020" ind1=" " ind2=" ">
    <subfield code="a">2867050294</subfield>
  </datafield>
  <datafield tag="020" ind1=" " ind2=" ">
    <subfield code="a">9782867050299</subfield>
  </datafield>
  <datafield tag="035" ind1=" " ind2=" ">
    <subfield code="a">(OCoLC)13346704</subfield>
  </datafield>
  <datafield tag="050" ind1="0" ind2="4">
    <subfield code="a">BM565</subfield>
    <subfield code="b">.T72 1984</subfield>
  </datafield>
  <datafield tag="084" ind1=" " ind2=" ">
    <subfield code="a">11.24</subfield>
    <subfield code="2">bcl</subfield>
  </datafield>
  <datafield tag="100" ind1="1" ind2=" ">
    <subfield code="a">Trigano, Shmuel.</subfield>
  </datafield>
  <datafield tag="245" ind1="1" ind2="3">
    <subfield code="a">La demeure oubliée :</subfield>
    <subfield code="b">genèse religieuse du politique /</subfield>
    <subfield code="c">Shmuel Trigano.</subfield>
  </datafield>
  <datafield tag="260" ind1=" " ind2=" ">
    <subfield code="a">Paris :</subfield>
    <subfield code="b">Lieu commun,</subfield>
    <subfield code="c">©1984.</subfield>
  </datafield>
  <datafield tag="300" ind1=" " ind2=" ">
    <subfield code="a">467 pages :</subfield>
    <subfield code="b">illustrations ;</subfield>
    <subfield code="c">23 cm</subfield>
  </datafield>
  <datafield tag="336" ind1=" " ind2=" ">
    <subfield code="a">text</subfield>
    <subfield code="b">txt</subfield>
    <subfield code="2">rdacontent</subfield>
  </datafield>
  <datafield tag="337" ind1=" " ind2=" ">
    <subfield code="a">unmediated</subfield>
    <subfield code="b">n</subfield>
    <subfield code="2">rdamedia</subfield>
  </datafield>
  <datafield tag="338" ind1=" " ind2=" ">
    <subfield code="a">volume</subfield>
    <subfield code="b">nc</subfield>
    <subfield code="2">rdacarrier</subfield>
  </datafield>
  <datafield tag="504" ind1=" " ind2=" ">
    <subfield code="a">Includes bibliographical references (pages 451-457) and index.</subfield>
  </datafield>
  <datafield tag="650" ind1=" " ind2="0">
    <subfield code="a">Judaism.</subfield>
  </datafield>
  <datafield tag="650" ind1=" " ind2="0">
    <subfield code="a">Jews</subfield>
    <subfield code="x">Cultural assimilation.</subfield>
  </datafield>
  <datafield tag="600" ind1="1" ind2="0">
    <subfield code="a">Maimonides, Moses,</subfield>
    <subfield code="d">1135-1204.</subfield>
  </datafield>
  <datafield tag="600" ind1="1" ind2="0">
    <subfield code="a">Spinoza, Benedictus de,</subfield>
    <subfield code="d">1632-1677.</subfield>
  </datafield>
  <datafield tag="650" ind1=" " ind2="6">
    <subfield code="a">Judaïsme</subfield>
    <subfield code="x">Essence, esprit, nature.</subfield>
  </datafield>
  <datafield tag="650" ind1=" " ind2="6">
    <subfield code="a">Religion et politique.</subfield>
  </datafield>
  <datafield tag="650" ind1=" " ind2="6">
    <subfield code="a">Judaïsme et philosophie.</subfield>
  </datafield>
  <datafield tag="600" ind1="1" ind2="7">
    <subfield code="a">Maimonides, Moses,</subfield>
    <subfield code="d">1135-1204</subfield>
    <subfield code="2">fast</subfield>
    <subfield code="0">(OCoLC)fst00029218</subfield>
  </datafield>
  <datafield tag="600" ind1="1" ind2="7">
    <subfield code="a">Spinoza, Benedictus de,</subfield>
    <subfield code="d">1632-1677</subfield>
    <subfield code="2">fast</subfield>
    <subfield code="0">(OCoLC)fst00031382</subfield>
  </datafield>
  <datafield tag="650" ind1=" " ind2="7">
    <subfield code="a">Jews</subfield>
    <subfield code="x">Cultural assimilation.</subfield>
    <subfield code="2">fast</subfield>
    <subfield code="0">(OCoLC)fst00983194</subfield>
  </datafield>
  <datafield tag="650" ind1=" " ind2="7">
    <subfield code="a">Judaism.</subfield>
    <subfield code="2">fast</subfield>
    <subfield code="0">(OCoLC)fst00984280</subfield>
  </datafield>
  <datafield tag="650" ind1="1" ind2="7">
    <subfield code="a">Joodse filosofie.</subfield>
    <subfield code="2">gtt</subfield>
  </datafield>
  <datafield tag="600" ind1="1" ind2="7">
    <subfield code="a">Spinoza, Benedictus de.</subfield>
    <subfield code="2">swd</subfield>
  </datafield>
  <datafield tag="600" ind1="1" ind2="7">
    <subfield code="a">Maimonides, Moses.</subfield>
    <subfield code="2">swd</subfield>
  </datafield>
  <datafield tag="600" ind1="1" ind2="7">
    <subfield code="a">Mendelssohn, Moses.</subfield>
    <subfield code="2">swd</subfield>
  </datafield>
  <datafield tag="650" ind1="0" ind2="7">
    <subfield code="a">Jüdische Philosophie.</subfield>
    <subfield code="2">swd</subfield>
  </datafield>
  <datafield tag="776" ind1="0" ind2="8">
    <subfield code="i">Online version:</subfield>
    <subfield code="a">Trigano, Shmuel.</subfield>
    <subfield code="t">Demeure oubliée.</subfield>
    <subfield code="d">Paris : Lieu commun, ©1984</subfield>
    <subfield code="w">(OCoLC)613258294</subfield>
  </datafield>
  
  
  
  
  
  
  
  
  
</record>