<record xmlns="http://www.loc.gov/MARC21/slim" xmlns:zs="http://docs.oasis-open.org/ns/search-ws/sruResponse">
  <leader>02223cam a2200541Ka 4500</leader>
  <controlfield tag="001">ocn891406280</controlfield>
  <controlfield tag="003">OCoLC</controlfield>
  <controlfield tag="005">20160311222924.0</controlfield>
  <controlfield tag="008">140926r1981uuuufr      ob    000 0 fre d</controlfield>
  <controlfield tag="006">m        d  ||||||</controlfield>
  <controlfield tag="007">cr bn||||abp||</controlfield>
  <controlfield tag="007">cr bn||||ada||</controlfield>
  <datafield tag="040" ind1=" " ind2=" ">
    <subfield code="a">OCLCE</subfield>
    <subfield code="b">eng</subfield>
    <subfield code="c">OCLCE</subfield>
  </datafield>
  <datafield tag="020" ind1=" " ind2=" ">
    <subfield code="z">2020059835</subfield>
  </datafield>
  <datafield tag="020" ind1=" " ind2=" ">
    <subfield code="z">9782020059831</subfield>
  </datafield>
  <datafield tag="035" ind1=" " ind2=" ">
    <subfield code="a">(OCoLC)891406280</subfield>
  </datafield>
  <datafield tag="042" ind1=" " ind2=" ">
    <subfield code="a">dlr</subfield>
  </datafield>
  <datafield tag="043" ind1=" " ind2=" ">
    <subfield code="a">e-fr---</subfield>
  </datafield>
  <datafield tag="050" ind1=" " ind2="4">
    <subfield code="a">DC415</subfield>
    <subfield code="b">.D65 1981</subfield>
  </datafield>
  <datafield tag="050" ind1=" " ind2="4">
    <subfield code="a">CB358</subfield>
    <subfield code="b">.D66x</subfield>
  </datafield>
  <datafield tag="082" ind1="0" ind2="4">
    <subfield code="a">944.083</subfield>
    <subfield code="2">19</subfield>
  </datafield>
  <datafield tag="084" ind1=" " ind2=" ">
    <subfield code="a">08.25</subfield>
    <subfield code="2">bcl</subfield>
  </datafield>
  <datafield tag="084" ind1=" " ind2=" ">
    <subfield code="a">CI 1000</subfield>
    <subfield code="2">rvk</subfield>
  </datafield>
  <datafield tag="100" ind1="1" ind2=" ">
    <subfield code="a">Domenach, Jean Marie.</subfield>
  </datafield>
  <datafield tag="245" ind1="1" ind2="0">
    <subfield code="a">Enquête sur les idées contemporaines</subfield>
    <subfield code="h">[electronic resource] /</subfield>
    <subfield code="c">Jean-Marie Domenach.</subfield>
  </datafield>
  <datafield tag="260" ind1=" " ind2=" ">
    <subfield code="a">Paris :</subfield>
    <subfield code="b">Seuil,</subfield>
    <subfield code="c">©1981.</subfield>
  </datafield>
  <datafield tag="300" ind1=" " ind2=" ">
    <subfield code="a">124 pages ;</subfield>
    <subfield code="c">21 cm</subfield>
  </datafield>
  <datafield tag="336" ind1=" " ind2=" ">
    <subfield code="a">text</subfield>
    <subfield code="b">txt</subfield>
    <subfield code="2">rdacontent</subfield>
  </datafield>
  <datafield tag="337" ind1=" " ind2=" ">
    <subfield code="a">unmediated</subfield>
    <subfield code="b">n</subfield>
    <subfield code="2">rdamedia</subfield>
  </datafield>
  <datafield tag="338" ind1=" " ind2=" ">
    <subfield code="a">volume</subfield>
    <subfield code="b">nc</subfield>
    <subfield code="2">rdacarrier</subfield>
  </datafield>
  <datafield tag="500" ind1=" " ind2=" ">
    <subfield code="a">A series of articles originally published in "L'Expansion" under the title "Des idées pour la fin du siècle."</subfield>
  </datafield>
  <datafield tag="504" ind1=" " ind2=" ">
    <subfield code="a">Includes bibliographical references.</subfield>
  </datafield>
  <datafield tag="588" ind1=" " ind2=" ">
    <subfield code="a">Description based on print version record.</subfield>
  </datafield>
  <datafield tag="506" ind1=" " ind2=" ">
    <subfield code="3">Use copy</subfield>
    <subfield code="f">Restrictions unspecified</subfield>
    <subfield code="2">star</subfield>
    <subfield code="5">MiAaHDL</subfield>
  </datafield>
  <datafield tag="533" ind1=" " ind2=" ">
    <subfield code="a">Electronic reproduction.</subfield>
    <subfield code="b">[S.l.] :</subfield>
    <subfield code="c">HathiTrust Digital Library,</subfield>
    <subfield code="d">2011.</subfield>
    <subfield code="5">MiAaHDL</subfield>
  </datafield>
  <datafield tag="538" ind1=" " ind2=" ">
    <subfield code="a">Master and use copy. Digital master created according to Benchmark for Faithful Digital Reproductions of Monographs and Serials, Version 1. Digital Library Federation, December 2002.</subfield>
    <subfield code="u">http://purl.oclc.org/DLF/benchrepro0212</subfield>
    <subfield code="5">MiAaHDL</subfield>
  </datafield>
  <datafield tag="583" ind1="1" ind2=" ">
    <subfield code="a">digitized</subfield>
    <subfield code="c">2011</subfield>
    <subfield code="h">HathiTrust Digital Library</subfield>
    <subfield code="l">committed to preserve</subfield>
    <subfield code="2">pda</subfield>
    <subfield code="5">MiAaHDL</subfield>
  </datafield>
  <datafield tag="651" ind1=" " ind2="0">
    <subfield code="a">France</subfield>
    <subfield code="x">Intellectual life</subfield>
    <subfield code="y">20th century.</subfield>
  </datafield>
  <datafield tag="650" ind1=" " ind2="6">
    <subfield code="a">Civilisation</subfield>
    <subfield code="y">1950-</subfield>
  </datafield>
  <datafield tag="651" ind1=" " ind2="6">
    <subfield code="a">France</subfield>
    <subfield code="x">Civilisation</subfield>
    <subfield code="y">1945-</subfield>
  </datafield>
  <datafield tag="650" ind1=" " ind2="7">
    <subfield code="a">Intellectual life.</subfield>
    <subfield code="2">fast</subfield>
    <subfield code="0">(OCoLC)fst00975769</subfield>
  </datafield>
  <datafield tag="651" ind1=" " ind2="7">
    <subfield code="a">France.</subfield>
    <subfield code="2">fast</subfield>
    <subfield code="0">(OCoLC)fst01204289</subfield>
  </datafield>
  <datafield tag="650" ind1="1" ind2="7">
    <subfield code="a">Ideeëngeschiedenis.</subfield>
    <subfield code="2">gtt</subfield>
  </datafield>
  <datafield tag="648" ind1=" " ind2="7">
    <subfield code="a">1900 - 1999</subfield>
    <subfield code="2">fast</subfield>
  </datafield>
  <datafield tag="776" ind1="1" ind2=" ">
    <subfield code="c">Original</subfield>
    <subfield code="w">(DLC)   82103817</subfield>
    <subfield code="w">(OCoLC)9324073</subfield>
  </datafield>
  <datafield tag="856" ind1="4" ind2="0">
    <subfield code="3">HathiTrust Digital Library, Limited view (search only)</subfield>
    <subfield code="u">http://catalog.hathitrust.org/api/volumes/oclc/9324073.html</subfield>
  </datafield>
  
  
</record>