<record xmlns="http://www.loc.gov/MARC21/slim" xmlns:zs="http://docs.oasis-open.org/ns/search-ws/sruResponse">
  <leader>01909cam a2200505Ma 4500</leader>
  <controlfield tag="001">ocn300439782</controlfield>
  <controlfield tag="003">OCoLC</controlfield>
  <controlfield tag="005">20160311223809.0</controlfield>
  <controlfield tag="008">870611s1987    fr       b    000 0 fre d</controlfield>
  <datafield tag="040" ind1=" " ind2=" ">
    <subfield code="a">RUQBL</subfield>
    <subfield code="b">fre</subfield>
    <subfield code="c">RUQBL</subfield>
    <subfield code="d">OTP</subfield>
    <subfield code="d">FRBML</subfield>
    <subfield code="d">LGG</subfield>
    <subfield code="d">BDF</subfield>
    <subfield code="d">CHRRO</subfield>
    <subfield code="d">OCLCQ</subfield>
    <subfield code="d">OCLCF</subfield>
    <subfield code="d">OCLCO</subfield>
  </datafield>
  <datafield tag="016" ind1="7" ind2=" ">
    <subfield code="a">FRBNF349033920000007</subfield>
    <subfield code="2">FrPBN</subfield>
  </datafield>
  <datafield tag="020" ind1=" " ind2=" ">
    <subfield code="a">2718603054</subfield>
  </datafield>
  <datafield tag="020" ind1=" " ind2=" ">
    <subfield code="a">9782718603056</subfield>
  </datafield>
  <datafield tag="035" ind1=" " ind2=" ">
    <subfield code="a">(OCoLC)300439782</subfield>
  </datafield>
  <datafield tag="050" ind1=" " ind2="4">
    <subfield code="a">PR6019O9</subfield>
    <subfield code="b">U6388 1987</subfield>
  </datafield>
  <datafield tag="055" ind1=" " ind2="3">
    <subfield code="a">PR6019J89D438</subfield>
    <subfield code="b">1987</subfield>
  </datafield>
  <datafield tag="082" ind1="1" ind2="4">
    <subfield code="a">828.99</subfield>
    <subfield code="2">9</subfield>
  </datafield>
  <datafield tag="100" ind1="1" ind2=" ">
    <subfield code="a">Derrida, Jacques.</subfield>
  </datafield>
  <datafield tag="245" ind1="1" ind2="0">
    <subfield code="a">Ulysse gramophone ; Deux mots pour Joyce /</subfield>
    <subfield code="c">Jacques Derrida.</subfield>
  </datafield>
  <datafield tag="246" ind1="3" ind2=" ">
    <subfield code="a">Deux mots pour Joyce</subfield>
  </datafield>
  <datafield tag="260" ind1=" " ind2=" ">
    <subfield code="a">Paris :</subfield>
    <subfield code="b">Galilée,</subfield>
    <subfield code="c">1987.</subfield>
  </datafield>
  <datafield tag="300" ind1=" " ind2=" ">
    <subfield code="a">142 p.</subfield>
  </datafield>
  <datafield tag="490" ind1="1" ind2=" ">
    <subfield code="a">La philosophie en effet</subfield>
  </datafield>
  <datafield tag="500" ind1=" " ind2=" ">
    <subfield code="a">Transcription de deux discours prononces respectivement en 1982 et 1984.</subfield>
    <subfield code="5">CaQCU</subfield>
  </datafield>
  <datafield tag="600" ind1="1" ind2="0">
    <subfield code="a">Joyce, James,</subfield>
    <subfield code="d">1882-1941.</subfield>
    <subfield code="t">Ulysses.</subfield>
  </datafield>
  <datafield tag="600" ind1="1" ind2="4">
    <subfield code="a">Joyce, James,</subfield>
    <subfield code="d">1882-1941.</subfield>
    <subfield code="x">Thèmes, motifs.</subfield>
  </datafield>
  <datafield tag="600" ind1="1" ind2="4">
    <subfield code="a">Joyce, James,</subfield>
    <subfield code="d">1882-1941.</subfield>
    <subfield code="x">Technique.</subfield>
  </datafield>
  <datafield tag="600" ind1="1" ind2="4">
    <subfield code="a">Joyce, James,</subfield>
    <subfield code="d">1882-1941.</subfield>
    <subfield code="x">Critique et interprétation.</subfield>
  </datafield>
  <datafield tag="650" ind1=" " ind2="4">
    <subfield code="a">Rire</subfield>
    <subfield code="x">Dans la littérature</subfield>
    <subfield code="y">20ème siècle.</subfield>
  </datafield>
  <datafield tag="600" ind1="1" ind2="6">
    <subfield code="a">Joyce, James,</subfield>
    <subfield code="d">1882-1941.</subfield>
  </datafield>
  <datafield tag="600" ind1="1" ind2="7">
    <subfield code="a">Joyce, James,</subfield>
    <subfield code="d">1882-1941.</subfield>
    <subfield code="x">Technique.</subfield>
    <subfield code="2">ram</subfield>
  </datafield>
  <datafield tag="600" ind1="1" ind2="7">
    <subfield code="a">Joyce, James,</subfield>
    <subfield code="d">1882-1941.</subfield>
    <subfield code="x">Thèmes, motifs.</subfield>
    <subfield code="2">ram</subfield>
  </datafield>
  <datafield tag="650" ind1=" " ind2="7">
    <subfield code="a">Rire</subfield>
    <subfield code="x">Dans la littérature.</subfield>
    <subfield code="2">ram</subfield>
  </datafield>
  <datafield tag="600" ind1="1" ind2="7">
    <subfield code="a">Joyce, James.</subfield>
    <subfield code="t">"Ulysses"</subfield>
    <subfield code="2">rero</subfield>
  </datafield>
  <datafield tag="600" ind1="1" ind2="7">
    <subfield code="a">Joyce, James.</subfield>
    <subfield code="t">"Finnegans Wake"</subfield>
    <subfield code="2">rero</subfield>
  </datafield>
  <datafield tag="630" ind1="0" ind2="7">
    <subfield code="a">Ulysses (Joyce, James)</subfield>
    <subfield code="2">fast</subfield>
    <subfield code="0">(OCoLC)fst01356277</subfield>
  </datafield>
  <datafield tag="653" ind1=" " ind2=" ">
    <subfield code="a">Ulysse</subfield>
  </datafield>
  <datafield tag="830" ind1=" " ind2="0">
    <subfield code="a">Philosophie en effet.</subfield>
  </datafield>
  <datafield tag="856" ind1="4" ind2="2">
    <subfield code="3">Notice et cote du catalogue de la Bibliothèque nationale de France</subfield>
    <subfield code="u">http://catalogue.bnf.fr/ark:/12148/cb34903392h</subfield>
  </datafield>
  
  
  
  
  
  
</record>